customer_id,signup_date,acquisition_channel,region
C00001,2023-01-01,Referral,
C00002,2023-01-01,Organic Search,Midwest
C00003,2023-01-01,Paid Search,South
C00004,2023-01-01,Paid Search,West
C00005,2023-01-01,Organic Search,South
C00006,2023-01-02,Paid Search,South
C00007,2023-01-02,Referral,South
C00008,2023-01-02,Organic Search,West
C00009,2023-01-02,Social Media,West
C00010,2023-01-02,Paid Search,West
C00011,2023-01-02,Organic Search,South
C00012,2023-01-02,Organic Search,Midwest
C00013,2023-01-02,Organic Search,West
C00014,2023-01-03,Organic Search,Midwest
C00015,2023-01-03,Paid Search,West
C00016,2023-01-03,Email,South
C00017,2023-01-04,Social Media,Northeast
C00018,2023-01-04,Referral,Midwest
C00019,2023-01-04,Paid Search,South
C00020,2023-01-04,Social Media,Northeast
C00021,2023-01-04,Social Media,Northeast
C00022,2023-01-05,Organic Search,South
C00023,2023-01-05,Paid Search,West
C00024,2023-01-05,Paid Search,South
C00025,2023-01-05,Email,South
C00026,2023-01-05,Paid Search,Midwest
C00027,2023-01-06,Organic Search,West
C00028,2023-01-06,Referral,Northeast
C00029,2023-01-06,Organic Search,Northeast
C00030,2023-01-06,Referral,Midwest
C00031,2023-01-06,Email,West
C00032,2023-01-06,Email,West
C00033,2023-01-06,Email,South
C00034,2023-01-06,Organic Search,Northeast
C00035,2023-01-07,Social Media,West
C00036,2023-01-07,Email,Northeast
C00037,2023-01-07,Social Media,West
C00038,2023-01-07,Organic Search,South
C00039,2023-01-07,Organic Search,Midwest
C00040,2023-01-07,Paid Search,Midwest
C00041,2023-01-08,Paid Search,West
C00042,2023-01-08,Social Media,Northeast
C00043,2023-01-08,Email,West
C00044,2023-01-08,Email,Northeast
C00045,2023-01-09,Social Media,West
C00046,2023-01-09,Organic Search,West
C00047,2023-01-09,Paid Search,South
C00048,2023-01-09,Paid Search,South
C00049,2023-01-10,Organic Search,Northeast
C00050,2023-01-10,Organic Search,West
C00051,2023-01-10,Paid Search,South
C00052,2023-01-10,Organic Search,South
C00053,2023-01-11,Social Media,West
C00054,2023-01-11,Organic Search,Northeast
C00055,2023-01-12,Organic Search,West
C00056,2023-01-12,Organic Search,Northeast
C00057,2023-01-12,Social Media,Midwest
C00058,2023-01-13,Social Media,West
C00059,2023-01-13,Paid Search,Northeast
C00060,2023-01-13,Organic Search,South
C00061,2023-01-14,Referral,West
C00062,2023-01-14,Social Media,South
C00063,2023-01-14,Social Media,South
C00064,2023-01-14,Paid Search,South
C00065,2023-01-15,Email,South
C00066,2023-01-15,Referral,Midwest
C00067,2023-01-16,Paid Search,West
C00068,2023-01-16,Social Media,Midwest
C00069,2023-01-16,Organic Search,West
C00070,2023-01-16,Social Media, Northeast 
C00071,2023-01-16,Paid Search,South
C00072,2023-01-16,Organic Search,West
C00073,2023-01-16,Referral,West
C00074,2023-01-16,Referral,Midwest
C00075,2023-01-17,Organic Search,Midwest
C00076,2023-01-17,Referral,South
C00077,2023-01-18,Paid Search,Northeast
C00078,2023-01-18,Paid Search,Northeast
C00079,2023-01-18,Referral,West
C00080,2023-01-18,Paid Search,South
C00081,2023-01-18,Paid Search,Northeast
C00082,2023-01-18,Social Media,Northeast
C00083,2023-01-19,Organic Search,West
C00084,2023-01-19,Paid Search,West
C00085,2023-01-19,Paid Search,South
C00086,2023-01-20,Social Media,MIDWEST
C00087,2023-01-20,Organic Search,South
C00088,2023-01-20,Organic Search,South
C00089,2023-01-20,Social Media,South
C00090,2023-01-20,Organic Search,Midwest
C00091,2023-01-21,Paid Search,Northeast
C00092,2023-01-21,Social Media,South
C00093,2023-01-21,Email,South
C00094,2023-01-21,Organic Search,Northeast
C00095,2023-01-21,Referral,West
C00096,2023-01-22,Social Media,South
C00097,2023-01-22,Paid Search,Midwest
C00098,2023-01-22,Email,South
C00099,2023-01-23,Social Media,West
C00100,2023-01-23,Social Media,South
C00101,2023-01-23,Social Media,Northeast
C00102,2023-01-24,Social Media,Northeast
C00103,2023-01-24,Referral,West
C00104,2023-01-24,Social Media,Northeast
C00105,2023-01-25,Email,Midwest
C00106,2023-01-25,Social Media,Northeast
C00107,2023-01-25,Referral,West
C00108,2023-01-26,Referral,West
C00109,2023-01-26,Organic Search,Midwest
C00110,2023-01-26,Organic Search,South
C00111,2023-01-26,Social Media,South
C00112,2023-01-26,Paid Search,South
C00113,2023-01-26,Social Media,Midwest
C00114,2023-01-26,Email,South
C00115,2023-01-26,Referral,South
C00116,2023-01-27,Paid Search,Northeast
C00117,2023-01-27,Social Media,South
C00118,2023-01-28,Organic Search,South
C00119,2023-01-28,Paid Search,West
C00120,2023-01-28,Organic Search,South
C00121,2023-01-29,Paid Search,Midwest
C00122,2023-01-29,Paid Search,South
C00123,2023-01-29,Social Media,Midwest
C00124,2023-01-30,Social Media,WEST
C00125,2023-01-30,Paid Search,South
C00126,2023-01-30,Organic Search,South
C00127,2023-01-30,Organic Search,West
C00128,2023-01-30,Referral,West
C00129,2023-01-30,Referral,South
C00130,2023-01-30,Paid Search,Midwest
C00131,2023-01-31,Organic Search,West
C00132,2023-01-31,Paid Search,Midwest
C00133,2023-01-31,Social Media,South
C00134,2023-01-31,Paid Search,South
C00135,2023-02-01,Organic Search,West
C00136,2023-02-01,Paid Search,South
C00137,2023-02-01,Organic Search,South
C00138,2023-02-01,Paid Search,South
C00139,2023-02-02,Organic Search,South
C00140,2023-02-02,Social Media,Northeast
C00141,2023-02-02,Paid Search,South
C00142,2023-02-02,Organic Search,Midwest
C00143,2023-02-02,Social Media,South
C00144,2023-02-02,Paid Search,West
C00145,2023-02-02,Email,West
C00146,2023-02-02,Referral,West
C00147,2023-02-02,Organic Search,Midwest
C00148,2023-02-03,Referral,Midwest
C00149,2023-02-03,Social Media,South
C00150,2023-02-03,Social Media,West
C00151,2023-02-03,Paid Search,Midwest
C00152,2023-02-03,Paid Search,South
C00153,2023-02-03,Organic Search,West
C00154,2023-02-04,Referral,South
C00155,2023-02-04,Social Media,West
C00156,2023-02-04,Paid Search,West
C00157,2023-02-04,Paid Search,West
C00158,2023-02-04,Organic Search,Midwest
C00159,2023-02-04,Organic Search,West
C00160,2023-02-05,Social Media,Midwest
C00161,2023-02-05,Paid Search,Northeast
C00162,2023-02-05,Email,West
C00163,2023-02-05,Social Media,West
C00164,2023-02-06,Social Media,West
C00165,2023-02-07,Email,Midwest
C00166,2023-02-07,Organic Search,South
C00167,2023-02-08,Social Media,Midwest
C00168,2023-02-08,Social Media,West
C00169,2023-02-08,Organic Search,Northeast
C00170,2023-02-08,Organic Search,West
C00171,2023-02-09,Organic Search,West
C00172,2023-02-09,Organic Search,Northeast
C00173,2023-02-09,Paid Search,Northeast
C00174,2023-02-09,Organic Search,South
C00175,2023-02-09,Social Media,West
C00176,2023-02-09,Organic Search,West
C00177,2023-02-09,Organic Search,Northeast
C00178,2023-02-09,Paid Search,West
C00179,2023-02-09,Organic Search,South
C00180,2023-02-10,Referral,Northeast
C00181,2023-02-10,Paid Search,West
C00182,2023-02-10,Organic Search,West
C00183,2023-02-10,Organic Search,Northeast
C00184,2023-02-11,Paid Search,Northeast
C00185,2023-02-11,Social Media,Northeast
C00186,2023-02-11,Email,South
C00187,2023-02-11,Paid Search,South
C00188,2023-02-11,Social Media,Northeast
C00189,2023-02-11,Paid Search,South
C00190,2023-02-12,Email,South
C00191,2023-02-12,Social Media,South
C00192,2023-02-12,Organic Search,South
C00193,2023-02-12,Social Media,Midwest
C00194,2023-02-13,Email,South
C00195,2023-02-13,Paid Search,South
C00196,2023-02-13,Referral,Midwest
C00197,2023-02-14,Referral,Midwest
C00198,2023-02-14,Organic Search,South
C00199,2023-02-14,Email,Midwest
C00200,2023-02-14,Social Media,South
C00201,2023-02-14,Paid Search,Northeast
C00202,2023-02-14,Paid Search,South
C00203,2023-02-15,Referral,West
C00204,2023-02-15,Social Media,South
C00205,2023-02-15,Paid Search,Northeast
C00206,2023-02-15,Organic Search,South
C00207,2023-02-15,Paid Search,West
C00208,2023-02-16,Referral,Northeast
C00209,2023-02-16,Social Media,South
C00210,2023-02-16,Organic Search,Midwest
C00211,2023-02-16,Referral,West
C00212,2023-02-16,Email,South
C00213,2023-02-17,Paid Search,South
C00214,2023-02-17,Organic Search,West
C00215,2023-02-17,Social Media,South
C00216,2023-02-17,Organic Search,West
C00217,2023-02-17,Paid Search,Northeast
C00218,2023-02-17,Social Media,West
C00219,2023-02-18,Referral,West
C00220,2023-02-18,Paid Search,Northeast
C00221,2023-02-18,Referral,South
C00222,2023-02-19,Referral,Northeast
C00223,2023-02-19,Organic Search,Midwest
C00224,2023-02-19,Organic Search,South
C00225,2023-02-19,Social Media,Northeast
C00226,2023-02-19,Email,Midwest
C00227,2023-02-19,Paid Search,West
C00228,2023-02-19,Social Media,Midwest
C00229,2023-02-20,Social Media,South
C00230,2023-02-20,Social Media,West
C00231,2023-02-20,Social Media,South
C00232,2023-02-20,Organic Search,South
C00233,2023-02-20,Organic Search,Midwest
C00234,2023-02-20,Organic Search,South
C00235,2023-02-20,Referral,Midwest
C00236,2023-02-21,Referral,Northeast
C00237,2023-02-21,Email,Midwest
C00238,2023-02-21,Organic Search,Midwest
C00239,2023-02-21,Social Media,West
C00240,2023-02-21,Organic Search,Midwest
C00241,2023-02-21,Paid Search,Northeast
C00242,2023-02-21,Organic Search,West
C00243,2023-02-22,Email,Northeast
C00244,2023-02-22,Organic Search,South
C00245,2023-02-23,Social Media,South
C00246,2023-02-23,Referral,South
C00247,2023-02-23,Social Media,West
C00248,2023-02-23,Organic Search,South
C00249,2023-02-23,Referral,West
C00250,2023-02-23,Social Media,Northeast
C00251,2023-02-24,Paid Search,Northeast
C00252,2023-02-24,Social Media,Midwest
C00253,2023-02-24,Referral,Midwest
C00254,2023-02-24,Paid Search,Midwest
C00255,2023-02-24,Paid Search,Northeast
C00256,2023-02-24,Paid Search,
C00257,2023-02-24,Organic Search,Midwest
C00258,2023-02-25,Email,South
C00259,2023-02-25,Organic Search,South
C00260,2023-02-25,Paid Search,South
C00261,2023-02-25,Paid Search,West
C00262,2023-02-26,Organic Search,Northeast
C00263,2023-02-26,Paid Search,South
C00264,2023-02-26,Social Media,Northeast
C00265,2023-02-26,Paid Search,South
C00266,2023-02-27,Organic Search,South
C00267,2023-02-27,Referral,South
C00268,2023-02-27,Referral,West
C00269,2023-02-27,Paid Search,Northeast
C00270,2023-02-27,Paid Search,South
C00271,2023-02-27,Organic Search,South
C00272,2023-02-28,Organic Search,South
C00273,2023-02-28,Paid Search,Northeast
C00274,2023-02-28,Referral,Midwest
C00275,2023-02-28,Social Media,Northeast
C00276,2023-03-01,Paid Search,West
C00277,2023-03-01,Referral,Midwest
C00278,2023-03-01,Paid Search,South
C00279,2023-03-01,Organic Search,South
C00280,2023-03-01,Paid Search,West
C00281,2023-03-01,Organic Search,South
C00282,2023-03-01,Referral,West
C00283,2023-03-02,Paid Search,West
C00284,2023-03-02,Social Media,South
C00285,2023-03-02,Paid Search,West
C00286,2023-03-02,Referral,West
C00287,2023-03-02,Social Media,South
C00288,2023-03-03,Paid Search,Midwest
C00289,2023-03-03,Organic Search,Northeast
C00290,2023-03-03,Referral,South
C00291,2023-03-03,Paid Search,
C00292,2023-03-04,Organic Search,South
C00293,2023-03-04,Referral,South
C00294,2023-03-04,Organic Search,South
C00295,2023-03-04,Paid Search,South
C00296,2023-03-04,Paid Search,Midwest
C00297,2023-03-05,Paid Search,Midwest
C00298,2023-03-05,Paid Search,Northeast
C00299,2023-03-05,Organic Search,Northeast
C00300,2023-03-05,Organic Search,Northeast
C00301,2023-03-05,Organic Search,Northeast
C00302,2023-03-06,Organic Search,Midwest
C00303,2023-03-06,Referral,Northeast
C00304,2023-03-06,Social Media,Northeast
C00305,2023-03-06,Paid Search,Northeast
C00306,2023-03-06,Paid Search,West
C00307,2023-03-06,Social Media,South
C00308,2023-03-07,Organic Search,South
C00309,2023-03-07,Organic Search,West
C00310,2023-03-07,Social Media,South
C00311,2023-03-07,Paid Search,South
C00312,2023-03-07,Email,South
C00313,2023-03-07,Referral,South
C00314,2023-03-08,Email,Midwest
C00315,2023-03-08,Organic Search,West
C00316,2023-03-08,Organic Search,South
C00317,2023-03-08,Organic Search,West
C00318,2023-03-08,Email,South
C00319,2023-03-08,Referral,Northeast
C00320,2023-03-09,Referral,Northeast
C00321,2023-03-09,Organic Search,South
C00322,2023-03-09,Email,West
C00323,2023-03-09,Paid Search,South
C00324,2023-03-09,Email,Northeast
C00325,2023-03-09,Paid Search,Midwest
C00326,2023-03-09,Organic Search,Midwest
C00327,2023-03-10,Organic Search,South
C00328,2023-03-10,Referral,Northeast
C00329,2023-03-10,Paid Search,Northeast
C00330,2023-03-10,Paid Search,Midwest
C00331,2023-03-10,Paid Search,South
C00332,2023-03-10,Paid Search,west
C00333,2023-03-11,Referral,South
C00334,2023-03-11,Organic Search,South
C00335,2023-03-11,Organic Search,Northeast
C00336,2023-03-11,Email,West
C00337,2023-03-12,Paid Search,South
C00338,2023-03-12,Organic Search,Midwest
C00339,2023-03-12,Organic Search,West
C00340,2023-03-12,Organic Search,Midwest
C00341,2023-03-13,Organic Search,Northeast
C00342,2023-03-13,Organic Search,Midwest
C00343,2023-03-13,Organic Search,Northeast
C00344,2023-03-13,Social Media,South
C00345,2023-03-13,Referral,South
C00346,2023-03-13,Referral,Midwest
C00347,2023-03-13,Paid Search,South
C00348,2023-03-13,Paid Search,West
C00349,2023-03-14,Referral,Northeast
C00350,2023-03-14,Email,South
C00351,2023-03-14,Paid Search,South
C00352,2023-03-14,Organic Search,west
C00353,2023-03-14,Paid Search,West
C00354,2023-03-14,Paid Search,Northeast
C00355,2023-03-15,Paid Search,South
C00356,2023-03-15,Organic Search,West
C00357,2023-03-15,Referral,South
C00358,2023-03-15,Social Media, Northeast 
C00359,2023-03-16,Social Media,South
C00360,2023-03-16,Organic Search,south
C00361,2023-03-16,Email,Northeast
C00362,2023-03-16,Social Media,South
C00363,2023-03-16,Organic Search,Northeast
C00364,2023-03-16,Social Media,South
C00365,2023-03-17,Social Media,South
C00366,2023-03-17,Email,South
C00367,2023-03-17,Organic Search,Midwest
C00368,2023-03-17,Referral,West
C00369,2023-03-17,Paid Search,South
C00370,2023-03-17,Organic Search,West
C00371,2023-03-18,Organic Search, West 
C00372,2023-03-18,Organic Search,Northeast
C00373,2023-03-18,Organic Search,Midwest
C00374,2023-03-18,Paid Search,West
C00375,2023-03-18,Social Media,West
C00376,2023-03-19,Organic Search,West
C00377,2023-03-19,Referral,Midwest
C00378,2023-03-19,Organic Search,West
C00379,2023-03-19,Social Media,South
C00380,2023-03-19,Referral,Midwest
C00381,2023-03-19,Email,Midwest
C00382,2023-03-19,Social Media,West
C00383,2023-03-19,Social Media,
C00384,2023-03-20,Organic Search,Northeast
C00385,2023-03-20,Organic Search,Midwest
C00386,2023-03-20,Paid Search,West
C00387,2023-03-20,Organic Search,West
C00388,2023-03-20,Paid Search,South
C00389,2023-03-21,Organic Search, South 
C00390,2023-03-21,Referral,South
C00391,2023-03-21,Referral,Northeast
C00392,2023-03-21,Email,South
C00393,2023-03-21,Social Media,West
C00394,2023-03-22,Organic Search,Midwest
C00395,2023-03-22,Organic Search,West
C00396,2023-03-23,Social Media,South
C00397,2023-03-23,Social Media,Midwest
C00398,2023-03-23,Paid Search,South
C00399,2023-03-23,Paid Search,Midwest
C00400,2023-03-23,Paid Search,South
C00401,2023-03-23,Organic Search,West
C00402,2023-03-23,Paid Search,Northeast
C00403,2023-03-24,Paid Search,West
C00404,2023-03-24,Social Media,West
C00405,2023-03-24,Referral,South
C00406,2023-03-24,Paid Search,West
C00407,2023-03-24,Social Media,South
C00408,2023-03-24,Email,Northeast
C00409,2023-03-24,Organic Search,West
C00410,2023-03-24,Social Media,West
C00411,2023-03-24,Paid Search, South 
C00412,2023-03-25,Social Media,West
C00413,2023-03-25,Organic Search,West
C00414,2023-03-25,Referral,South
C00415,2023-03-25,Referral,Northeast
C00416,2023-03-25,Organic Search,South
C00417,2023-03-26,Organic Search,South
C00418,2023-03-26,Organic Search,Northeast
C00419,2023-03-26,Email,South
C00420,2023-03-26,Social Media,South
C00421,2023-03-26,Organic Search,Northeast
C00422,2023-03-26,Email,Northeast
C00423,2023-03-26,Paid Search,South
C00424,2023-03-27,Paid Search,South
C00425,2023-03-27,Paid Search,West
C00426,2023-03-27,Paid Search,West
C00427,2023-03-27,Paid Search,West
C00428,2023-03-27,Organic Search,Northeast
C00429,2023-03-27,Paid Search,Northeast
C00430,2023-03-27,Referral,Midwest
C00431,2023-03-28,Paid Search,West
C00432,2023-03-28,Referral,South
C00433,2023-03-28,Social Media,South
C00434,2023-03-28,Email,South
C00435,2023-03-28,Organic Search,West
C00436,2023-03-28,Email,Midwest
C00437,2023-03-28,Organic Search,West
C00438,2023-03-29,Organic Search,South
C00439,2023-03-29,Organic Search,West
C00440,2023-03-29,Organic Search,Midwest
C00441,2023-03-29,Referral,South
C00442,2023-03-29,Referral,Northeast
C00443,2023-03-29,Email,Midwest
C00444,2023-03-29,Organic Search,West
C00445,2023-03-29,Referral,Northeast
C00446,2023-03-30,Social Media,West
C00447,2023-03-30,Paid Search,South
C00448,2023-03-30,Paid Search,West
C00449,2023-03-30,Social Media,South
C00450,2023-03-30,Organic Search,Northeast
C00451,2023-03-31,Paid Search,Midwest
C00452,2023-03-31,Social Media,South
C00453,2023-03-31,Organic Search,West
C00454,2023-03-31,Paid Search,South
C00455,2023-03-31,Paid Search,South
C00456,2023-04-01,Social Media,Northeast
C00457,2023-04-01,Referral,South
C00458,2023-04-01,Email,Northeast
C00459,2023-04-01,Social Media,South
C00460,2023-04-01,Social Media,Northeast
C00461,2023-04-01,Social Media,West
C00462,2023-04-01,Paid Search,West
C00463,2023-04-01,Organic Search,Northeast
C00464,2023-04-02,Social Media,WEST
C00465,2023-04-02,Social Media,South
C00466,2023-04-02,Paid Search,Midwest
C00467,2023-04-03,Referral,West
C00468,2023-04-03,Social Media,South
C00469,2023-04-03,Paid Search,West
C00470,2023-04-04,Organic Search,West
C00471,2023-04-04,Organic Search,Northeast
C00472,2023-04-04,Paid Search,Midwest
C00473,2023-04-04,Paid Search,West
C00474,2023-04-05,Organic Search,South
C00475,2023-04-05,Organic Search,South
C00476,2023-04-05,Organic Search,South
C00477,2023-04-05,Email,Northeast
C00478,2023-04-05,Email,South
C00479,2023-04-06,Paid Search,Northeast
C00480,2023-04-06,Organic Search,West
C00481,2023-04-06,Organic Search,Northeast
C00482,2023-04-06,Organic Search,South
C00483,2023-04-07,Paid Search,South
C00484,2023-04-07,Organic Search,Midwest
C00485,2023-04-07,Paid Search,West
C00486,2023-04-07,Referral,West
C00487,2023-04-07,Paid Search,Northeast
C00488,2023-04-07,Email,Midwest
C00489,2023-04-07,Organic Search,South
C00490,2023-04-08,Organic Search,Midwest
C00491,2023-04-08,Referral,South
C00492,2023-04-08,Paid Search,Midwest
C00493,2023-04-08,Social Media,South
C00494,2023-04-08,Referral, South 
C00495,2023-04-09,Social Media,South
C00496,2023-04-09,Paid Search,Northeast
C00497,2023-04-10,Paid Search,
C00498,2023-04-10,Organic Search,South
C00499,2023-04-10,Organic Search,South
C00500,2023-04-10,Organic Search,South
C00501,2023-04-11,Referral,South
C00502,2023-04-11,Social Media,NORTHEAST
C00503,2023-04-11,Organic Search,South
C00504,2023-04-11,Organic Search,Midwest
C00505,2023-04-11,Social Media, Midwest 
C00506,2023-04-11,Referral,South
C00507,2023-04-12,Organic Search,West
C00508,2023-04-12,Paid Search,Midwest
C00509,2023-04-12,Referral,Midwest
C00510,2023-04-12,Referral,Northeast
C00511,2023-04-13,Referral,South
C00512,2023-04-13,Organic Search,South
C00513,2023-04-13,Organic Search,Northeast
C00514,2023-04-13,Paid Search,West
C00515,2023-04-13,Organic Search, Northeast 
C00516,2023-04-13,Referral,Northeast
C00517,2023-04-13,Organic Search,West
C00518,2023-04-13,Social Media,South
C00519,2023-04-13,Referral,West
C00520,2023-04-13,Referral,Midwest
C00521,2023-04-13,Social Media,West
C00522,2023-04-14,Referral,South
C00523,2023-04-14,Organic Search,Midwest
C00524,2023-04-14,Paid Search,Northeast
C00525,2023-04-14,Organic Search,West
C00526,2023-04-15,Referral,Midwest
C00527,2023-04-15,Referral,West
C00528,2023-04-15,Organic Search,Midwest
C00529,2023-04-15,Organic Search,Midwest
C00530,2023-04-15,Paid Search,South
C00531,2023-04-16,Organic Search,West
C00532,2023-04-16,Email,South
C00533,2023-04-16,Organic Search,Northeast
C00534,2023-04-16,Email,Northeast
C00535,2023-04-16,Social Media,west
C00536,2023-04-17,Paid Search,Midwest
C00537,2023-04-17,Organic Search,West
C00538,2023-04-17,Referral,Northeast
C00539,2023-04-17,Social Media,Northeast
C00540,2023-04-17,Paid Search,West
C00541,2023-04-17,Paid Search,South
C00542,2023-04-17,Referral,Northeast
C00543,2023-04-17,Email,Northeast
C00544,2023-04-18,Email,South
C00545,2023-04-18,Social Media,Northeast
C00546,2023-04-18,Referral,West
C00547,2023-04-19,Organic Search,South
C00548,2023-04-19,Social Media,midwest
C00549,2023-04-19,Paid Search,West
C00550,2023-04-20,Social Media,Northeast
C00551,2023-04-20,Referral,Northeast
C00552,2023-04-20,Referral,South
C00553,2023-04-20,Paid Search,West
C00554,2023-04-20,Social Media,South
C00555,2023-04-20,Referral,South
C00556,2023-04-20,Referral,Northeast
C00557,2023-04-20,Email,South
C00558,2023-04-21,Organic Search,Midwest
C00559,2023-04-21,Paid Search,West
C00560,2023-04-21,Referral,South
C00561,2023-04-21,Email,Midwest
C00562,2023-04-21,Social Media,West
C00563,2023-04-21,Social Media,Northeast
C00564,2023-04-21,Paid Search,Northeast
C00565,2023-04-21,Paid Search,Midwest
C00566,2023-04-22,Email,South
C00567,2023-04-22,Organic Search,South
C00568,2023-04-22,Social Media,Midwest
C00569,2023-04-22,Social Media,South
C00570,2023-04-22,Email,Northeast
C00571,2023-04-22,Paid Search,Northeast
C00572,2023-04-23,Social Media,West
C00573,2023-04-23,Organic Search,Northeast
C00574,2023-04-23,Organic Search,Midwest
C00575,2023-04-23,Paid Search,South
C00576,2023-04-23,Organic Search,Northeast
C00577,2023-04-23,Referral,Northeast
C00578,2023-04-23,Referral,South
C00579,2023-04-23,Organic Search,Midwest
C00580,2023-04-24,Email,West
C00581,2023-04-24,Paid Search,South
C00582,2023-04-24,Social Media,Midwest
C00583,2023-04-24,Referral,Midwest
C00584,2023-04-24,Social Media,South
C00585,2023-04-24,Organic Search,Northeast
C00586,2023-04-25,Organic Search,South
C00587,2023-04-25,Paid Search,South
C00588,2023-04-25,Referral,South
C00589,2023-04-25,Social Media,Midwest
C00590,2023-04-25,Paid Search,South
C00591,2023-04-25,Organic Search,South
C00592,2023-04-25,Referral,Northeast
C00593,2023-04-26,Paid Search,West
C00594,2023-04-26,Social Media,South
C00595,2023-04-26,Social Media,South
C00596,2023-04-27,Organic Search,Northeast
C00597,2023-04-27,Organic Search,Northeast
C00598,2023-04-27,Paid Search,Northeast
C00599,2023-04-27,Paid Search,South
C00600,2023-04-27,Social Media,
C00601,2023-04-27,Email,Northeast
C00602,2023-04-27,Organic Search,South
C00603,2023-04-27,Paid Search, South 
C00604,2023-04-27,Organic Search,West
C00605,2023-04-28,Organic Search,West
C00606,2023-04-28,Email,South
C00607,2023-04-28,Email,Midwest
C00608,2023-04-28,Email,West
C00609,2023-04-28,Organic Search,Northeast
C00610,2023-04-28,Social Media,South
C00611,2023-04-28,Paid Search,Northeast
C00612,2023-04-28,Referral,West
C00613,2023-04-29,Social Media,Midwest
C00614,2023-04-29,Referral,West
C00615,2023-04-29,Organic Search,Northeast
C00616,2023-04-29,Paid Search,
C00617,2023-04-30,Email,West
C00618,2023-04-30,Paid Search,Midwest
C00619,2023-04-30,Social Media,Northeast
C00620,2023-04-30,Paid Search,Northeast
C00621,2023-04-30,Referral,Midwest
C00622,2023-04-30,Organic Search,Midwest
C00623,2023-04-30,Referral,South
C00624,2023-04-30,Paid Search,South
C00625,2023-05-01,Paid Search,West
C00626,2023-05-01,Paid Search,Midwest
C00627,2023-05-01,Organic Search,West
C00628,2023-05-01,Referral,West
C00629,2023-05-02,Referral,West
C00630,2023-05-02,Referral,South
C00631,2023-05-02,Referral,South
C00632,2023-05-02,Social Media,South
C00633,2023-05-03,Paid Search,South
C00634,2023-05-03,Referral,Northeast
C00635,2023-05-03,Organic Search,South
C00636,2023-05-03,Email,South
C00637,2023-05-03,Paid Search,West
C00638,2023-05-03,Social Media,South
C00639,2023-05-03,Paid Search,West
C00640,2023-05-03,Paid Search,South
C00641,2023-05-04,Organic Search,South
C00642,2023-05-04,Paid Search,Northeast
C00643,2023-05-04,Paid Search,South
C00644,2023-05-04,Organic Search,South
C00645,2023-05-04,Organic Search,South
C00646,2023-05-04,Social Media,West
C00647,2023-05-05,Paid Search,South
C00648,2023-05-05,Email,West
C00649,2023-05-05,Organic Search,South
C00650,2023-05-05,Social Media,South
C00651,2023-05-05,Organic Search,Midwest
C00652,2023-05-05,Paid Search,South
C00653,2023-05-05,Social Media,South
C00654,2023-05-05,Social Media,West
C00655,2023-05-06,Paid Search,South
C00656,2023-05-06,Paid Search,Northeast
C00657,2023-05-06,Organic Search,South
C00658,2023-05-06,Paid Search,West
C00659,2023-05-06,Paid Search,Midwest
C00660,2023-05-06,Social Media,SOUTH
C00661,2023-05-07,Paid Search,South
C00662,2023-05-07,Email,Northeast
C00663,2023-05-07,Paid Search,Midwest
C00664,2023-05-07,Organic Search,West
C00665,2023-05-07,Organic Search,Northeast
C00666,2023-05-07,Organic Search,South
C00667,2023-05-07,Paid Search,Northeast
C00668,2023-05-07,Email,South
C00669,2023-05-07,Email,Northeast
C00670,2023-05-08,Paid Search,South
C00671,2023-05-08,Organic Search,West
C00672,2023-05-08,Referral,South
C00673,2023-05-08,Organic Search,Northeast
C00674,2023-05-09,Paid Search,Northeast
C00675,2023-05-09,Referral,Midwest
C00676,2023-05-09,Paid Search,Midwest
C00677,2023-05-09,Organic Search,West
C00678,2023-05-09,Organic Search,Northeast
C00679,2023-05-10,Social Media,South
C00680,2023-05-10,Organic Search,Midwest
C00681,2023-05-10,Social Media,Northeast
C00682,2023-05-10,Paid Search,West
C00683,2023-05-10,Paid Search,West
C00684,2023-05-11,Organic Search,Northeast
C00685,2023-05-11,Email,Midwest
C00686,2023-05-11,Paid Search,Northeast
C00687,2023-05-11,Social Media,West
C00688,2023-05-11,Paid Search,West
C00689,2023-05-11,Organic Search,Midwest
C00690,2023-05-11,Paid Search,Northeast
C00691,2023-05-12,Paid Search,West
C00692,2023-05-12,Paid Search,West
C00693,2023-05-12,Email,Northeast
C00694,2023-05-12,Referral,Northeast
C00695,2023-05-12,Email,West
C00696,2023-05-12,Social Media,Midwest
C00697,2023-05-13,Paid Search,Midwest
C00698,2023-05-13,Social Media,West
C00699,2023-05-13,Organic Search,South
C00700,2023-05-13,Email,West
C00701,2023-05-13,Referral,Northeast
C00702,2023-05-13,Organic Search,West
C00703,2023-05-14,Referral,Midwest
C00704,2023-05-14,Email,South
C00705,2023-05-14,Paid Search,South
C00706,2023-05-14,Referral,Midwest
C00707,2023-05-14,Organic Search,Midwest
C00708,2023-05-15,Organic Search,West
C00709,2023-05-15,Paid Search,South
C00710,2023-05-15,Social Media,West
C00711,2023-05-15,Paid Search,West
C00712,2023-05-15,Referral,West
C00713,2023-05-15,Organic Search,South
C00714,2023-05-15,Organic Search,South
C00715,2023-05-15,Social Media,Northeast
C00716,2023-05-15,Organic Search,Northeast
C00717,2023-05-16,Social Media,Northeast
C00718,2023-05-16,Paid Search,West
C00719,2023-05-16,Referral,West
C00720,2023-05-16,Social Media, West 
C00721,2023-05-16,Organic Search,Midwest
C00722,2023-05-17,Organic Search,West
C00723,2023-05-17,Organic Search,Northeast
C00724,2023-05-18,Referral,West
C00725,2023-05-18,Social Media,Midwest
C00726,2023-05-18,Paid Search,West
C00727,2023-05-18,Organic Search,West
C00728,2023-05-18,Referral,Midwest
C00729,2023-05-18,Organic Search,South
C00730,2023-05-18,Social Media,West
C00731,2023-05-19,Email,West
C00732,2023-05-19,Organic Search,Midwest
C00733,2023-05-19,Paid Search,Northeast
C00734,2023-05-19,Organic Search,South
C00735,2023-05-19,Paid Search,Midwest
C00736,2023-05-20,Referral,Northeast
C00737,2023-05-20,Social Media,West
C00738,2023-05-20,Email,South
C00739,2023-05-20,Paid Search,South
C00740,2023-05-20,Organic Search,Northeast
C00741,2023-05-20,Social Media,West
C00742,2023-05-20,Paid Search,Midwest
C00743,2023-05-20,Organic Search,South
C00744,2023-05-20,Paid Search,Northeast
C00745,2023-05-20,Social Media,South
C00746,2023-05-20,Social Media,Northeast
C00747,2023-05-20,Organic Search,South
C00748,2023-05-20,Referral,West
C00749,2023-05-20,Paid Search,South
C00750,2023-05-21,Organic Search,Northeast
C00751,2023-05-21,Organic Search,South
C00752,2023-05-21,Email,Northeast
C00753,2023-05-21,Paid Search,South
C00754,2023-05-22,Paid Search,West
C00755,2023-05-22,Organic Search,West
C00756,2023-05-23,Social Media,South
C00757,2023-05-23,Email,South
C00758,2023-05-23,Paid Search,South
C00759,2023-05-23,Referral,Northeast
C00760,2023-05-23,Organic Search,Midwest
C00761,2023-05-23,Organic Search,South
C00762,2023-05-24,Social Media,Northeast
C00763,2023-05-24,Social Media,Northeast
C00764,2023-05-24,Organic Search,Northeast
C00765,2023-05-24,Social Media,West
C00766,2023-05-24,Paid Search,Midwest
C00767,2023-05-24,Social Media,West
C00768,2023-05-24,Social Media,Midwest
C00769,2023-05-24,Referral,South
C00770,2023-05-24,Paid Search,Northeast
C00771,2023-05-24,Social Media,Midwest
C00772,2023-05-24,Social Media,Midwest
C00773,2023-05-25,Paid Search,South
C00774,2023-05-25,Organic Search,Midwest
C00775,2023-05-25,Referral,South
C00776,2023-05-25,Organic Search,Northeast
C00777,2023-05-25,Email,West
C00778,2023-05-25,Organic Search,Northeast
C00779,2023-05-25,Email,West
C00780,2023-05-25,Organic Search,South
C00781,2023-05-26,Referral,South
C00782,2023-05-26,Social Media,South
C00783,2023-05-26,Organic Search,West
C00784,2023-05-26,Social Media,Midwest
C00785,2023-05-26,Social Media,Northeast
C00786,2023-05-26,Paid Search,Northeast
C00787,2023-05-27,Organic Search,Northeast
C00788,2023-05-27,Social Media,West
C00789,2023-05-27,Social Media,West
C00790,2023-05-27,Paid Search,West
C00791,2023-05-28,Referral,South
C00792,2023-05-28,Organic Search,West
C00793,2023-05-28,Organic Search,Northeast
C00794,2023-05-28,Social Media,Northeast
C00795,2023-05-28,Organic Search,Northeast
C00796,2023-05-29,Organic Search,South
C00797,2023-05-29,Paid Search,Northeast
C00798,2023-05-29,Organic Search,South
C00799,2023-05-29,Organic Search,Midwest
C00800,2023-05-29,Social Media,South
C00801,2023-05-29,Paid Search,West
C00802,2023-05-29,Email,West
C00803,2023-05-29,Social Media,South
C00804,2023-05-29,Paid Search,West
C00805,2023-05-30,Organic Search,South
C00806,2023-05-30,Email,West
C00807,2023-05-30,Organic Search,Midwest
C00808,2023-05-30,Organic Search,South
C00809,2023-05-30,Email,West
C00810,2023-05-30,Social Media,Midwest
C00811,2023-05-31,Social Media,West
C00812,2023-05-31,Organic Search,Midwest
C00813,2023-05-31,Organic Search,West
C00814,2023-06-01,Paid Search,West
C00815,2023-06-01,Social Media,South
C00816,2023-06-01,Paid Search,South
C00817,2023-06-01,Organic Search,Northeast
C00818,2023-06-01,Organic Search,Midwest
C00819,2023-06-01,Social Media,South
C00820,2023-06-01,Social Media,Midwest
C00821,2023-06-01,Organic Search,West
C00822,2023-06-01,Organic Search,West
C00823,2023-06-02,Organic Search,Midwest
C00824,2023-06-02,Organic Search,Midwest
C00825,2023-06-02,Paid Search,West
C00826,2023-06-02,Organic Search,South
C00827,2023-06-02,Social Media,South
C00828,2023-06-02,Email,South
C00829,2023-06-02,Referral,Northeast
C00830,2023-06-02,Referral,South
C00831,2023-06-02,Organic Search,Northeast
C00832,2023-06-03,Organic Search,South
C00833,2023-06-03,Paid Search,West
C00834,2023-06-03,Social Media,West
C00835,2023-06-03,Organic Search,West
C00836,2023-06-03,Paid Search,West
C00837,2023-06-03,Organic Search,Midwest
C00838,2023-06-04,Organic Search,Midwest
C00839,2023-06-04,Social Media,Northeast
C00840,2023-06-04,Social Media,South
C00841,2023-06-04,Paid Search,Midwest
C00842,2023-06-04,Referral,Midwest
C00843,2023-06-04,Organic Search,Midwest
C00844,2023-06-04,Organic Search,West
C00845,2023-06-04,Paid Search,South
C00846,2023-06-05,Social Media,Northeast
C00847,2023-06-05,Social Media,West
C00848,2023-06-05,Organic Search,West
C00849,2023-06-05,Referral,West
C00850,2023-06-06,Paid Search,West
C00851,2023-06-06,Paid Search,West
C00852,2023-06-06,Social Media,Northeast
C00853,2023-06-06,Referral,Northeast
C00854,2023-06-06,Social Media,West
C00855,2023-06-07,Referral,South
C00856,2023-06-07,Organic Search,Midwest
C00857,2023-06-07,Social Media,West
C00858,2023-06-07,Email,West
C00859,2023-06-07,Paid Search,West
C00860,2023-06-07,Paid Search,West
C00861,2023-06-07,Referral,Northeast
C00862,2023-06-07,Organic Search,South
C00863,2023-06-08,Paid Search,Midwest
C00864,2023-06-08,Referral,South
C00865,2023-06-08,Referral,Midwest
C00866,2023-06-09,Referral,Northeast
C00867,2023-06-09,Referral,South
C00868,2023-06-09,Organic Search,West
C00869,2023-06-09,Referral,West
C00870,2023-06-09,Paid Search,Midwest
C00871,2023-06-10,Social Media,Northeast
C00872,2023-06-10,Paid Search,West
C00873,2023-06-10,Email,West
C00874,2023-06-10,Social Media,Midwest
C00875,2023-06-10,Email,Northeast
C00876,2023-06-10,Organic Search,West
C00877,2023-06-10,Organic Search,West
C00878,2023-06-11,Paid Search,South
C00879,2023-06-11,Organic Search,Northeast
C00880,2023-06-11,Social Media,West
C00881,2023-06-11,Organic Search,Midwest
C00882,2023-06-12,Social Media,West
C00883,2023-06-12,Organic Search,West
C00884,2023-06-12,Organic Search,West
C00885,2023-06-12,Social Media,Northeast
C00886,2023-06-12,Paid Search,West
C00887,2023-06-12,Organic Search,Midwest
C00888,2023-06-12,Organic Search,South
C00889,2023-06-13,Organic Search,Northeast
C00890,2023-06-13,Social Media,Midwest
C00891,2023-06-13,Organic Search,Northeast
C00892,2023-06-13,Paid Search,West
C00893,2023-06-13,Social Media,Northeast
C00894,2023-06-13,Paid Search,South
C00895,2023-06-13,Social Media,South
C00896,2023-06-14,Organic Search,Northeast
C00897,2023-06-14,Referral,Northeast
C00898,2023-06-14,Paid Search,South
C00899,2023-06-14,Organic Search, Midwest 
C00900,2023-06-14,Referral,West
C00901,2023-06-14,Social Media,Midwest
C00902,2023-06-14,Social Media,Northeast
C00903,2023-06-14,Referral,Midwest
C00904,2023-06-15,Organic Search,Midwest
C00905,2023-06-15,Email,Midwest
C00906,2023-06-15,Social Media,Northeast
C00907,2023-06-15,Paid Search,South
C00908,2023-06-15,Organic Search,West
C00909,2023-06-15,Organic Search,Northeast
C00910,2023-06-16,Referral,South
C00911,2023-06-16,Organic Search,Midwest
C00912,2023-06-16,Organic Search,South
C00913,2023-06-16,Social Media,Midwest
C00914,2023-06-16,Social Media,West
C00915,2023-06-17,Organic Search,Midwest
C00916,2023-06-17,Email,Midwest
C00917,2023-06-17,Paid Search,West
C00918,2023-06-17,Email,Northeast
C00919,2023-06-17,Organic Search,South
C00920,2023-06-17,Organic Search,Northeast
C00921,2023-06-17,Social Media,Northeast
C00922,2023-06-17,Organic Search,South
C00923,2023-06-17,Paid Search,South
C00924,2023-06-17,Organic Search,West
C00925,2023-06-17,Email,South
C00926,2023-06-18,Referral,Northeast
C00927,2023-06-18,Email,South
C00928,2023-06-18,Referral,midwest
C00929,2023-06-18,Referral,Midwest
C00930,2023-06-18,Paid Search,Midwest
C00931,2023-06-18,Paid Search,West
C00932,2023-06-18,Referral,South
C00933,2023-06-18,Referral,Northeast
C00934,2023-06-18,Referral,Northeast
C00935,2023-06-18,Email,Midwest
C00936,2023-06-18,Organic Search,West
C00937,2023-06-19,Referral,South
C00938,2023-06-19,Referral,Midwest
C00939,2023-06-19,Social Media,Midwest
C00940,2023-06-19,Referral,South
C00941,2023-06-19,Social Media,Northeast
C00942,2023-06-19,Referral,South
C00943,2023-06-19,Organic Search,West
C00944,2023-06-19,Referral,West
C00945,2023-06-19,Organic Search,West
C00946,2023-06-19,Paid Search,South
C00947,2023-06-20,Organic Search,SOUTH
C00948,2023-06-20,Paid Search, West 
C00949,2023-06-20,Organic Search,South
C00950,2023-06-20,Referral,West
C00951,2023-06-20,Social Media,West
C00952,2023-06-20,Referral,Northeast
C00953,2023-06-20,Organic Search,Northeast
C00954,2023-06-20,Organic Search,South
C00955,2023-06-20,Email,South
C00956,2023-06-20,Social Media,Midwest
C00957,2023-06-20,Paid Search,Midwest
C00958,2023-06-21,Email,Midwest
C00959,2023-06-21,Email,Midwest
C00960,2023-06-21,Social Media,NORTHEAST
C00961,2023-06-21,Referral,Midwest
C00962,2023-06-21,Social Media,West
C00963,2023-06-21,Social Media,Northeast
C00964,2023-06-21,Paid Search,Midwest
C00965,2023-06-22,Organic Search,Northeast
C00966,2023-06-22,Organic Search,West
C00967,2023-06-22,Email,West
C00968,2023-06-22,Social Media,South
C00969,2023-06-22,Paid Search,West
C00970,2023-06-22,Social Media,Midwest
C00971,2023-06-23,Organic Search,Northeast
C00972,2023-06-23,Organic Search,South
C00973,2023-06-23,Referral,Northeast
C00974,2023-06-23,Paid Search,West
C00975,2023-06-23,Organic Search,West
C00976,2023-06-24,Paid Search,West
C00977,2023-06-24,Paid Search,West
C00978,2023-06-24,Social Media,Northeast
C00979,2023-06-24,Referral,Northeast
C00980,2023-06-24,Social Media,Northeast
C00981,2023-06-24,Social Media,West
C00982,2023-06-24,Paid Search,Northeast
C00983,2023-06-24,Social Media,South
C00984,2023-06-24,Paid Search,West
C00985,2023-06-24,Organic Search,West
C00986,2023-06-24,Referral,northeast
C00987,2023-06-24,Paid Search,midwest
C00988,2023-06-25,Paid Search,South
C00989,2023-06-25,Organic Search,Midwest
C00990,2023-06-25,Email,South
C00991,2023-06-25,Organic Search,West
C00992,2023-06-25,Paid Search,Midwest
C00993,2023-06-25,Email,Northeast
C00994,2023-06-25,Paid Search,Midwest
C00995,2023-06-26,Referral,Northeast
C00996,2023-06-26,Organic Search,South
C00997,2023-06-26,Social Media,Midwest
C00998,2023-06-26,Referral,Midwest
C00999,2023-06-26,Paid Search,West
C01000,2023-06-27,Social Media,South
C01001,2023-06-27,Paid Search,South
C01002,2023-06-27,Email,Midwest
C01003,2023-06-27,Referral,Midwest
C01004,2023-06-28,Social Media,Midwest
C01005,2023-06-28,Referral,West
C01006,2023-06-28,Social Media,South
C01007,2023-06-28,Social Media,West
C01008,2023-06-29,Paid Search,West
C01009,2023-06-29,Social Media,South
C01010,2023-06-29,Referral,South
C01011,2023-06-29,Social Media,South
C01012,2023-06-29,Organic Search,South
C01013,2023-06-29,Paid Search,Northeast
C01014,2023-06-29,Email,West
C01015,2023-06-29,Referral,West
C01016,2023-06-30,Organic Search,West
C01017,2023-06-30,Organic Search,Midwest
C01018,2023-06-30,Paid Search,Northeast
C01019,2023-06-30,Organic Search,Northeast
C01020,2023-06-30,Referral,Northeast
C01021,2023-06-30,Paid Search,Northeast
C01022,2023-07-01,Paid Search,Northeast
C01023,2023-07-01,Organic Search,West
C01024,2023-07-01,Paid Search,West
C01025,2023-07-01,Referral,West
C01026,2023-07-01,Paid Search,West
C01027,2023-07-02,Organic Search,South
C01028,2023-07-02,Organic Search,West
C01029,2023-07-02,Referral,West
C01030,2023-07-02,Referral,West
C01031,2023-07-02,Organic Search,West
C01032,2023-07-02,Social Media,South
C01033,2023-07-02,Organic Search,West
C01034,2023-07-03,Social Media,West
C01035,2023-07-03,Organic Search,Northeast
C01036,2023-07-03,Email,West
C01037,2023-07-03,Referral,South
C01038,2023-07-03,Organic Search,South
C01039,2023-07-03,Paid Search,West
C01040,2023-07-03,Organic Search,South
C01041,2023-07-03,Paid Search,West
C01042,2023-07-03,Organic Search,West
C01043,2023-07-03,Organic Search,Midwest
C01044,2023-07-04,Referral,Northeast
C01045,2023-07-04,Organic Search,South
C01046,2023-07-05,Referral,West
C01047,2023-07-05,Organic Search,Northeast
C01048,2023-07-05,Paid Search,South
C01049,2023-07-05,Paid Search,Midwest
C01050,2023-07-05,Referral,West
C01051,2023-07-05,Organic Search,South
C01052,2023-07-05,Organic Search,South
C01053,2023-07-06,Social Media,Midwest
C01054,2023-07-06,Social Media,Midwest
C01055,2023-07-06,Social Media,Midwest
C01056,2023-07-06,Organic Search,South
C01057,2023-07-06,Organic Search,Northeast
C01058,2023-07-07,Email,South
C01059,2023-07-07,Social Media,West
C01060,2023-07-07,Social Media,Northeast
C01061,2023-07-07,Organic Search,Midwest
C01062,2023-07-07,Organic Search,West
C01063,2023-07-08,Referral,West
C01064,2023-07-08,Social Media,South
C01065,2023-07-08,Organic Search,West
C01066,2023-07-08,Referral,South
C01067,2023-07-08,Social Media,Midwest
C01068,2023-07-08,Paid Search,South
C01069,2023-07-08,Paid Search,Northeast
C01070,2023-07-08,Social Media,South
C01071,2023-07-08,Paid Search,West
C01072,2023-07-08,Social Media,south
C01073,2023-07-08,Social Media,West
C01074,2023-07-08,Organic Search,West
C01075,2023-07-09,Referral,Northeast
C01076,2023-07-09,Paid Search,Midwest
C01077,2023-07-09,Paid Search,West
C01078,2023-07-09,Social Media,West
C01079,2023-07-09,Social Media,Midwest
C01080,2023-07-09,Paid Search,South
C01081,2023-07-09,Social Media,Midwest
C01082,2023-07-09,Referral,Midwest
C01083,2023-07-09,Email,Midwest
C01084,2023-07-09,Email,West
C01085,2023-07-09,Organic Search,Northeast
C01086,2023-07-10,Paid Search,West
C01087,2023-07-10,Social Media,West
C01088,2023-07-10,Organic Search,Midwest
C01089,2023-07-11,Email,South
C01090,2023-07-11,Paid Search,Northeast
C01091,2023-07-11,Organic Search,West
C01092,2023-07-11,Organic Search,South
C01093,2023-07-11,Organic Search,Northeast
C01094,2023-07-11,Paid Search,Northeast
C01095,2023-07-11,Social Media,West
C01096,2023-07-12,Social Media,Midwest
C01097,2023-07-12,Organic Search,West
C01098,2023-07-12,Organic Search,Midwest
C01099,2023-07-13,Email,Northeast
C01100,2023-07-13,Organic Search,Northeast
C01101,2023-07-13,Paid Search,South
C01102,2023-07-13,Paid Search,West
C01103,2023-07-13,Social Media,Midwest
C01104,2023-07-14,Referral,South
C01105,2023-07-14,Social Media,West
C01106,2023-07-14,Referral,Northeast
C01107,2023-07-14,Referral,Northeast
C01108,2023-07-14,Organic Search,Midwest
C01109,2023-07-15,Organic Search,Northeast
C01110,2023-07-15,Paid Search,Midwest
C01111,2023-07-15,Paid Search,West
C01112,2023-07-15,Social Media,northeast
C01113,2023-07-16,Organic Search,Midwest
C01114,2023-07-16,Organic Search,Northeast
C01115,2023-07-16,Paid Search,South
C01116,2023-07-16,Social Media,West
C01117,2023-07-16,Social Media,West
C01118,2023-07-16,Referral,Northeast
C01119,2023-07-16,Organic Search,West
C01120,2023-07-17,Paid Search,Northeast
C01121,2023-07-17,Referral,Midwest
C01122,2023-07-17,Social Media,South
C01123,2023-07-17,Social Media,Northeast
C01124,2023-07-17,Paid Search,West
C01125,2023-07-17,Organic Search,South
C01126,2023-07-17,Referral,West
C01127,2023-07-17,Social Media,West
C01128,2023-07-17,Social Media,Northeast
C01129,2023-07-18,Paid Search,West
C01130,2023-07-18,Paid Search,South
C01131,2023-07-19,Organic Search,West
C01132,2023-07-19,Email,Midwest
C01133,2023-07-19,Paid Search,West
C01134,2023-07-19,Organic Search,
C01135,2023-07-19,Paid Search,Midwest
C01136,2023-07-19,Referral,South
C01137,2023-07-20,Paid Search,South
C01138,2023-07-20,Paid Search,West
C01139,2023-07-20,Social Media,Northeast
C01140,2023-07-20,Email,Midwest
C01141,2023-07-20,Social Media,South
C01142,2023-07-21,Referral,Northeast
C01143,2023-07-21,Organic Search,Northeast
C01144,2023-07-21,Referral,Midwest
C01145,2023-07-21,Referral,Midwest
C01146,2023-07-21,Paid Search,Northeast
C01147,2023-07-21,Social Media,South
C01148,2023-07-21,Organic Search,South
C01149,2023-07-21,Paid Search,Midwest
C01150,2023-07-21,Organic Search,West
C01151,2023-07-22,Organic Search,West
C01152,2023-07-22,Referral,Midwest
C01153,2023-07-22,Organic Search,Midwest
C01154,2023-07-22,Social Media,Northeast
C01155,2023-07-22,Paid Search,Midwest
C01156,2023-07-22,Paid Search,South
C01157,2023-07-22,Paid Search,Northeast
C01158,2023-07-22,Paid Search,Midwest
C01159,2023-07-22,Social Media,South
C01160,2023-07-23,Referral,South
C01161,2023-07-23,Paid Search,Northeast
C01162,2023-07-23,Referral,West
C01163,2023-07-23,Social Media,South
C01164,2023-07-23,Social Media,South
C01165,2023-07-23,Organic Search,South
C01166,2023-07-23,Organic Search,South
C01167,2023-07-23,Referral,Midwest
C01168,2023-07-23,Social Media,Northeast
C01169,2023-07-24,Paid Search,Northeast
C01170,2023-07-24,Email,South
C01171,2023-07-24,Paid Search,West
C01172,2023-07-24,Email,South
C01173,2023-07-25,Paid Search,Midwest
C01174,2023-07-25,Referral,Midwest
C01175,2023-07-25,Organic Search,West
C01176,2023-07-25,Organic Search,MIDWEST
C01177,2023-07-25,Social Media,South
C01178,2023-07-25,Organic Search,South
C01179,2023-07-25,Referral,Northeast
C01180,2023-07-25,Social Media,West
C01181,2023-07-25,Organic Search,Midwest
C01182,2023-07-26,Organic Search,South
C01183,2023-07-26,Referral,Northeast
C01184,2023-07-26,Social Media,South
C01185,2023-07-26,Referral,South
C01186,2023-07-26,Organic Search,WEST
C01187,2023-07-26,Referral,Midwest
C01188,2023-07-26,Paid Search,West
C01189,2023-07-27,Social Media,Northeast
C01190,2023-07-27,Paid Search,South
C01191,2023-07-27,Organic Search,South
C01192,2023-07-27,Referral,South
C01193,2023-07-28,Referral,Northeast
C01194,2023-07-28,Paid Search,South
C01195,2023-07-28,Referral,South
C01196,2023-07-28,Organic Search,Northeast
C01197,2023-07-28,Organic Search,West
C01198,2023-07-28,Organic Search,West
C01199,2023-07-28,Paid Search,
C01200,2023-07-28,Organic Search,West
C01201,2023-07-28,Paid Search,Northeast
C01202,2023-07-28,Organic Search,South
C01203,2023-07-28,Social Media,Northeast
C01204,2023-07-28,Email,South
C01205,2023-07-28,Social Media,Midwest
C01206,2023-07-28,Organic Search,Midwest
C01207,2023-07-29,Email,South
C01208,2023-07-29,Organic Search,West
C01209,2023-07-30,Email,West
C01210,2023-07-30,Social Media,Midwest
C01211,2023-07-30,Paid Search,West
C01212,2023-07-30,Organic Search,Northeast
C01213,2023-07-30,Email,South
C01214,2023-07-30,Referral,South
C01215,2023-07-30,Social Media,Northeast
C01216,2023-07-31,Referral,Northeast
C01217,2023-07-31,Referral,Midwest
C01218,2023-07-31,Organic Search,Midwest
C01219,2023-07-31,Social Media,Northeast
C01220,2023-07-31,Paid Search,West
C01221,2023-07-31,Paid Search,Midwest
C01222,2023-07-31,Organic Search,Northeast
C01223,2023-07-31,Referral,Midwest
C01224,2023-07-31,Social Media,MIDWEST
C01225,2023-07-31,Organic Search,West
C01226,2023-08-01,Paid Search,Northeast
C01227,2023-08-01,Paid Search, Northeast 
C01228,2023-08-01,Social Media,South
C01229,2023-08-02,Referral,Northeast
C01230,2023-08-02,Paid Search,West
C01231,2023-08-02,Paid Search,West
C01232,2023-08-02,Social Media,South
C01233,2023-08-03,Paid Search,Northeast
C01234,2023-08-03,Paid Search,Northeast
C01235,2023-08-03,Organic Search,West
C01236,2023-08-03,Organic Search,South
C01237,2023-08-03,Paid Search,West
C01238,2023-08-03,Referral,South
C01239,2023-08-03,Paid Search,West
C01240,2023-08-03,Organic Search,West
C01241,2023-08-03,Social Media,Midwest
C01242,2023-08-03,Referral,West
C01243,2023-08-03,Paid Search,West
C01244,2023-08-03,Organic Search,Midwest
C01245,2023-08-04,Social Media,West
C01246,2023-08-04,Paid Search,Midwest
C01247,2023-08-04,Social Media,South
C01248,2023-08-04,Organic Search,West
C01249,2023-08-04,Organic Search,South
C01250,2023-08-04,Paid Search,West
C01251,2023-08-04,Social Media,Midwest
C01252,2023-08-04,Paid Search,Northeast
C01253,2023-08-04,Organic Search,northeast
C01254,2023-08-04,Paid Search,South
C01255,2023-08-05,Email,Midwest
C01256,2023-08-05,Organic Search,West
C01257,2023-08-05,Social Media,south
C01258,2023-08-05,Social Media,Midwest
C01259,2023-08-05,Paid Search,West
C01260,2023-08-06,Referral,West
C01261,2023-08-06,Referral,South
C01262,2023-08-06,Paid Search,South
C01263,2023-08-06,Organic Search,Northeast
C01264,2023-08-06,Paid Search,West
C01265,2023-08-06,Organic Search,Midwest
C01266,2023-08-06,Paid Search,South
C01267,2023-08-07,Referral,Northeast
C01268,2023-08-07,Referral,Northeast
C01269,2023-08-07,Paid Search,Northeast
C01270,2023-08-07,Paid Search,West
C01271,2023-08-07,Organic Search,West
C01272,2023-08-07,Paid Search,Northeast
C01273,2023-08-08,Organic Search,Midwest
C01274,2023-08-08,Referral,West
C01275,2023-08-08,Referral,West
C01276,2023-08-08,Organic Search,Northeast
C01277,2023-08-09,Social Media,South
C01278,2023-08-09,Social Media,South
C01279,2023-08-09,Email,Midwest
C01280,2023-08-09,Paid Search,South
C01281,2023-08-09,Organic Search,South
C01282,2023-08-09,Social Media,Northeast
C01283,2023-08-10,Organic Search,South
C01284,2023-08-10,Social Media,South
C01285,2023-08-10,Organic Search,South
C01286,2023-08-10,Social Media,South
C01287,2023-08-10,Email,West
C01288,2023-08-10,Organic Search,Midwest
C01289,2023-08-10,Paid Search,West
C01290,2023-08-10,Social Media,West
C01291,2023-08-11,Organic Search,Northeast
C01292,2023-08-11,Social Media,South
C01293,2023-08-11,Social Media,West
C01294,2023-08-11,Paid Search,West
C01295,2023-08-11,Email,West
C01296,2023-08-11,Paid Search,West
C01297,2023-08-11,Social Media,South
C01298,2023-08-11,Organic Search,Midwest
C01299,2023-08-12,Organic Search,Midwest
C01300,2023-08-12,Organic Search,Midwest
C01301,2023-08-12,Referral,South
C01302,2023-08-12,Referral,Northeast
C01303,2023-08-12,Email,WEST
C01304,2023-08-12,Organic Search,South
C01305,2023-08-12,Paid Search,Midwest
C01306,2023-08-13,Email,Northeast
C01307,2023-08-13,Social Media,South
C01308,2023-08-13,Organic Search,Midwest
C01309,2023-08-14,Referral,South
C01310,2023-08-14,Organic Search,West
C01311,2023-08-14,Organic Search,South
C01312,2023-08-15,Referral,South
C01313,2023-08-15,Paid Search,Midwest
C01314,2023-08-15,Paid Search,West
C01315,2023-08-15,Social Media,South
C01316,2023-08-15,Referral,Northeast
C01317,2023-08-16,Organic Search,Midwest
C01318,2023-08-16,Email,Midwest
C01319,2023-08-16,Paid Search,Midwest
C01320,2023-08-16,Organic Search,Midwest
C01321,2023-08-16,Paid Search,Northeast
C01322,2023-08-16,Paid Search,West
C01323,2023-08-16,Organic Search,Midwest
C01324,2023-08-16,Paid Search,South
C01325,2023-08-16,Social Media,South
C01326,2023-08-16,Social Media,West
C01327,2023-08-17,Social Media,South
C01328,2023-08-17,Email,Northeast
C01329,2023-08-17,Paid Search,Midwest
C01330,2023-08-17,Paid Search,West
C01331,2023-08-17,Paid Search,West
C01332,2023-08-17,Social Media,West
C01333,2023-08-17,Organic Search,Northeast
C01334,2023-08-17,Paid Search,South
C01335,2023-08-17,Organic Search,South
C01336,2023-08-18,Paid Search,Northeast
C01337,2023-08-18,Referral,West
C01338,2023-08-18,Social Media,West
C01339,2023-08-18,Paid Search,West
C01340,2023-08-18,Social Media,South
C01341,2023-08-19,Social Media,Northeast
C01342,2023-08-19,Paid Search,West
C01343,2023-08-19,Paid Search,West
C01344,2023-08-19,Social Media,Midwest
C01345,2023-08-19,Organic Search,Northeast
C01346,2023-08-19,Paid Search,South
C01347,2023-08-20,Paid Search,Northeast
C01348,2023-08-20,Email,South
C01349,2023-08-20,Referral,South
C01350,2023-08-20,Email,Northeast
C01351,2023-08-20,Paid Search,South
C01352,2023-08-20,Organic Search,South
C01353,2023-08-20,Social Media,Midwest
C01354,2023-08-20,Email,Northeast
C01355,2023-08-20,Referral,Midwest
C01356,2023-08-20,Email,Midwest
C01357,2023-08-21,Organic Search,South
C01358,2023-08-21,Social Media,Northeast
C01359,2023-08-21,Referral,West
C01360,2023-08-21,Social Media,Northeast
C01361,2023-08-21,Social Media,West
C01362,2023-08-21,Paid Search,South
C01363,2023-08-21,Social Media,South
C01364,2023-08-22,Organic Search,Northeast
C01365,2023-08-22,Organic Search,South
C01366,2023-08-22,Email,West
C01367,2023-08-22,Referral,Midwest
C01368,2023-08-22,Referral,Northeast
C01369,2023-08-22,Paid Search,West
C01370,2023-08-22,Organic Search,South
C01371,2023-08-22,Organic Search,Midwest
C01372,2023-08-22,Email,west
C01373,2023-08-22,Social Media,West
C01374,2023-08-23,Referral,Midwest
C01375,2023-08-23,Paid Search,South
C01376,2023-08-23,Social Media,West
C01377,2023-08-23,Email,South
C01378,2023-08-23,Organic Search,South
C01379,2023-08-23,Referral,West
C01380,2023-08-24,Social Media,Northeast
C01381,2023-08-24,Organic Search,West
C01382,2023-08-24,Organic Search,northeast
C01383,2023-08-24,Referral,Northeast
C01384,2023-08-25,Social Media,Midwest
C01385,2023-08-25,Email,south
C01386,2023-08-25,Email,Northeast
C01387,2023-08-25,Paid Search,
C01388,2023-08-25,Email,Northeast
C01389,2023-08-25,Referral,West
C01390,2023-08-25,Organic Search,Northeast
C01391,2023-08-25,Email,South
C01392,2023-08-25,Paid Search,Northeast
C01393,2023-08-25,Paid Search,South
C01394,2023-08-25,Paid Search,South
C01395,2023-08-25,Referral,Northeast
C01396,2023-08-25,Organic Search,West
C01397,2023-08-25,Paid Search,Northeast
C01398,2023-08-26,Social Media,Northeast
C01399,2023-08-26,Organic Search,Northeast
C01400,2023-08-26,Email,Northeast
C01401,2023-08-26,Referral,Northeast
C01402,2023-08-26,Organic Search,Midwest
C01403,2023-08-26,Organic Search,South
C01404,2023-08-26,Referral,West
C01405,2023-08-27,Organic Search,Northeast
C01406,2023-08-27,Organic Search,South
C01407,2023-08-27,Referral,South
C01408,2023-08-27,Referral,South
C01409,2023-08-27,Social Media,West
C01410,2023-08-27,Social Media,West
C01411,2023-08-27,Referral,Northeast
C01412,2023-08-27,Social Media,Northeast
C01413,2023-08-28,Social Media,Northeast
C01414,2023-08-28,Email,South
C01415,2023-08-28,Social Media,Northeast
C01416,2023-08-28,Paid Search,Northeast
C01417,2023-08-28,Paid Search,South
C01418,2023-08-29,Paid Search,South
C01419,2023-08-29,Paid Search,South
C01420,2023-08-29,Paid Search,Midwest
C01421,2023-08-29,Paid Search,South
C01422,2023-08-30,Email,South
C01423,2023-08-30,Paid Search,South
C01424,2023-08-30,Organic Search,South
C01425,2023-08-31,Organic Search,West
C01426,2023-08-31,Organic Search,Northeast
C01427,2023-08-31,Email,West
C01428,2023-08-31,Paid Search,Midwest
C01429,2023-09-01,Organic Search, South 
C01430,2023-09-01,Email,West
C01431,2023-09-02,Organic Search,Northeast
C01432,2023-09-02,Organic Search,Northeast
C01433,2023-09-02,Email,Midwest
C01434,2023-09-02,Social Media,South
C01435,2023-09-02,Email,West
C01436,2023-09-02,Email,Northeast
C01437,2023-09-02,Referral,South
C01438,2023-09-02,Organic Search,Northeast
C01439,2023-09-03,Email,South
C01440,2023-09-03,Social Media,South
C01441,2023-09-03,Organic Search,Northeast
C01442,2023-09-03,Referral,Northeast
C01443,2023-09-03,Paid Search,Midwest
C01444,2023-09-03,Referral,Midwest
C01445,2023-09-04,Social Media,South
C01446,2023-09-04,Paid Search,Northeast
C01447,2023-09-04,Organic Search,Midwest
C01448,2023-09-04,Referral,South
C01449,2023-09-04,Social Media,West
C01450,2023-09-04,Organic Search,Midwest
C01451,2023-09-04,Organic Search,South
C01452,2023-09-04,Email,Midwest
C01453,2023-09-04,Organic Search,West
C01454,2023-09-04,Social Media,Midwest
C01455,2023-09-05,Social Media,Northeast
C01456,2023-09-05,Organic Search,
C01457,2023-09-05,Social Media,Northeast
C01458,2023-09-05,Organic Search,South
C01459,2023-09-05,Referral,Northeast
C01460,2023-09-05,Referral,Midwest
C01461,2023-09-05,Organic Search,MIDWEST
C01462,2023-09-05,Paid Search,Midwest
C01463,2023-09-06,Paid Search,Northeast
C01464,2023-09-06,Referral,Northeast
C01465,2023-09-07,Paid Search,West
C01466,2023-09-07,Social Media,Northeast
C01467,2023-09-07,Referral,Northeast
C01468,2023-09-07,Organic Search,South
C01469,2023-09-07,Social Media,South
C01470,2023-09-07,Organic Search,Northeast
C01471,2023-09-07,Social Media,South
C01472,2023-09-07,Paid Search,South
C01473,2023-09-08,Referral, South 
C01474,2023-09-08,Paid Search,Northeast
C01475,2023-09-08,Organic Search,Midwest
C01476,2023-09-08,Email,Northeast
C01477,2023-09-08,Email,Midwest
C01478,2023-09-08,Social Media,Midwest
C01479,2023-09-08,Social Media,South
C01480,2023-09-08,Organic Search,South
C01481,2023-09-08,Social Media,South
C01482,2023-09-08,Organic Search,South
C01483,2023-09-09,Organic Search,West
C01484,2023-09-09,Referral,South
C01485,2023-09-09,Social Media,Midwest
C01486,2023-09-09,Organic Search,Northeast
C01487,2023-09-09,Organic Search,West
C01488,2023-09-10,Referral,Midwest
C01489,2023-09-10,Organic Search,Midwest
C01490,2023-09-10,Organic Search,Northeast
C01491,2023-09-10,Organic Search,Northeast
C01492,2023-09-10,Organic Search,Midwest
C01493,2023-09-10,Paid Search,Northeast
C01494,2023-09-10,Referral,Midwest
C01495,2023-09-10,Paid Search,South
C01496,2023-09-11,Paid Search,West
C01497,2023-09-11,Social Media,West
C01498,2023-09-11,Social Media,South
C01499,2023-09-11,Social Media,South
C01500,2023-09-11,Social Media, South 
C01501,2023-09-11,Social Media,South
C01502,2023-09-11,Social Media,South
C01503,2023-09-11,Email,West
C01504,2023-09-11,Social Media,Northeast
C01505,2023-09-11,Email,
C01506,2023-09-11,Organic Search,Northeast
C01507,2023-09-11,Social Media,South
C01508,2023-09-11,Social Media,Midwest
C01509,2023-09-12,Organic Search,South
C01510,2023-09-12,Referral,South
C01511,2023-09-12,Paid Search,West
C01512,2023-09-12,Organic Search,Midwest
C01513,2023-09-12,Referral,Midwest
C01514,2023-09-12,Organic Search,Northeast
C01515,2023-09-12,Paid Search,Northeast
C01516,2023-09-12,Paid Search,West
C01517,2023-09-12,Referral,Northeast
C01518,2023-09-12,Paid Search,South
C01519,2023-09-13,Social Media,South
C01520,2023-09-13,Email,Midwest
C01521,2023-09-13,Social Media,Midwest
C01522,2023-09-13,Referral,South
C01523,2023-09-13,Email,South
C01524,2023-09-13,Paid Search,South
C01525,2023-09-13,Referral,West
C01526,2023-09-13,Paid Search,South
C01527,2023-09-13,Organic Search,Northeast
C01528,2023-09-13,Organic Search,South
C01529,2023-09-14,Social Media,South
C01530,2023-09-14,Organic Search,South
C01531,2023-09-14,Social Media,Northeast
C01532,2023-09-14,Paid Search,South
C01533,2023-09-14,Paid Search,West
C01534,2023-09-14,Organic Search,Northeast
C01535,2023-09-14,Email,Northeast
C01536,2023-09-15,Paid Search,South
C01537,2023-09-15,Organic Search,Northeast
C01538,2023-09-15,Paid Search,South
C01539,2023-09-15,Paid Search,Northeast
C01540,2023-09-15,Social Media,West
C01541,2023-09-15,Paid Search,Midwest
C01542,2023-09-15,Organic Search,Midwest
C01543,2023-09-15,Referral,Northeast
C01544,2023-09-15,Paid Search,Midwest
C01545,2023-09-16,Organic Search,South
C01546,2023-09-16,Email,Northeast
C01547,2023-09-16,Social Media,South
C01548,2023-09-16,Social Media,South
C01549,2023-09-16,Paid Search,West
C01550,2023-09-16,Paid Search,Northeast
C01551,2023-09-16,Paid Search,Northeast
C01552,2023-09-16,Organic Search,Midwest
C01553,2023-09-16,Organic Search,West
C01554,2023-09-17,Referral,Midwest
C01555,2023-09-17,Social Media,Midwest
C01556,2023-09-17,Paid Search,Midwest
C01557,2023-09-18,Organic Search,South
C01558,2023-09-18,Social Media,West
C01559,2023-09-19,Organic Search,Northeast
C01560,2023-09-19,Organic Search,Midwest
C01561,2023-09-19,Organic Search,South
C01562,2023-09-19,Social Media,South
C01563,2023-09-19,Social Media,West
C01564,2023-09-19,Organic Search,South
C01565,2023-09-19,Organic Search,Northeast
C01566,2023-09-19,Social Media,South
C01567,2023-09-20,Social Media,West
C01568,2023-09-20,Social Media,Northeast
C01569,2023-09-20,Organic Search,West
C01570,2023-09-20,Social Media,South
C01571,2023-09-20,Referral,Northeast
C01572,2023-09-20,Social Media,West
C01573,2023-09-20,Organic Search,Midwest
C01574,2023-09-20,Social Media,Northeast
C01575,2023-09-21,Paid Search,Midwest
C01576,2023-09-21,Organic Search,South
C01577,2023-09-21,Paid Search,Northeast
C01578,2023-09-21,Referral,West
C01579,2023-09-21,Paid Search,Northeast
C01580,2023-09-21,Referral,West
C01581,2023-09-21,Paid Search,South
C01582,2023-09-21,Paid Search,South
C01583,2023-09-21,Organic Search,Midwest
C01584,2023-09-21,Social Media,Northeast
C01585,2023-09-21,Organic Search,South
C01586,2023-09-21,Paid Search,Northeast
C01587,2023-09-21,Organic Search,Northeast
C01588,2023-09-22,Paid Search,West
C01589,2023-09-22,Paid Search,South
C01590,2023-09-22,Organic Search,Midwest
C01591,2023-09-22,Organic Search,Northeast
C01592,2023-09-22,Referral,Northeast
C01593,2023-09-22,Organic Search,Northeast
C01594,2023-09-22,Paid Search,Northeast
C01595,2023-09-22,Paid Search,South
C01596,2023-09-22,Paid Search,Midwest
C01597,2023-09-22,Social Media,South
C01598,2023-09-23,Organic Search,Midwest
C01599,2023-09-23,Paid Search,Midwest
C01600,2023-09-23,Social Media,Northeast
C01601,2023-09-23,Paid Search,West
C01602,2023-09-23,Referral,South
C01603,2023-09-24,Referral,West
C01604,2023-09-24,Organic Search,Northeast
C01605,2023-09-24,Paid Search,South
C01606,2023-09-24,Organic Search,South
C01607,2023-09-24,Organic Search,Midwest
C01608,2023-09-25,Paid Search,West
C01609,2023-09-25,Social Media,West
C01610,2023-09-25,Paid Search,South
C01611,2023-09-25,Organic Search,Northeast
C01612,2023-09-26,Organic Search,West
C01613,2023-09-26,Referral,Northeast
C01614,2023-09-26,Referral,West
C01615,2023-09-26,Organic Search,South
C01616,2023-09-26,Social Media,West
C01617,2023-09-26,Paid Search,South
C01618,2023-09-26,Social Media,Midwest
C01619,2023-09-26,Social Media,South
C01620,2023-09-26,Referral,South
C01621,2023-09-27,Organic Search,West
C01622,2023-09-27,Paid Search,South
C01623,2023-09-27,Referral,West
C01624,2023-09-27,Organic Search,West
C01625,2023-09-27,Organic Search,Midwest
C01626,2023-09-27,Social Media,South
C01627,2023-09-27,Email,West
C01628,2023-09-27,Social Media,Northeast
C01629,2023-09-27,Email,South
C01630,2023-09-27,Social Media,Northeast
C01631,2023-09-27,Organic Search,Midwest
C01632,2023-09-28,Social Media,Northeast
C01633,2023-09-28,Email,Midwest
C01634,2023-09-28,Referral,Northeast
C01635,2023-09-28,Organic Search,West
C01636,2023-09-28,Organic Search,Midwest
C01637,2023-09-29,Email,South
C01638,2023-09-29,Organic Search,West
C01639,2023-09-29,Organic Search,Northeast
C01640,2023-09-29,Email,Midwest
C01641,2023-09-29,Paid Search,Midwest
C01642,2023-09-29,Paid Search,South
C01643,2023-09-30,Organic Search,Northeast
C01644,2023-09-30,Organic Search,South
C01645,2023-09-30,Email,Northeast
C01646,2023-09-30,Paid Search,Northeast
C01647,2023-09-30,Organic Search,South
C01648,2023-09-30,Paid Search,Midwest
C01649,2023-09-30,Organic Search,West
C01650,2023-10-01,Organic Search,West
C01651,2023-10-01,Organic Search,Midwest
C01652,2023-10-01,Paid Search,Northeast
C01653,2023-10-01,Organic Search,West
C01654,2023-10-02,Paid Search,South
C01655,2023-10-02,Paid Search,South
C01656,2023-10-02,Paid Search,South
C01657,2023-10-02,Organic Search,West
C01658,2023-10-02,Organic Search,West
C01659,2023-10-02,Organic Search,West
C01660,2023-10-02,Paid Search,Northeast
C01661,2023-10-02,Social Media,South
C01662,2023-10-03,Organic Search,Northeast
C01663,2023-10-03,Email,Midwest
C01664,2023-10-03,Social Media,South
C01665,2023-10-03,Organic Search,Northeast
C01666,2023-10-03,Organic Search,South
C01667,2023-10-03,Organic Search,West
C01668,2023-10-03,Organic Search,Northeast
C01669,2023-10-03,Paid Search,South
C01670,2023-10-03,Organic Search,West
C01671,2023-10-03,Email,Midwest
C01672,2023-10-04,Paid Search,South
C01673,2023-10-04,Social Media,Northeast
C01674,2023-10-04,Email,Northeast
C01675,2023-10-04,Paid Search,South
C01676,2023-10-04,Referral,Northeast
C01677,2023-10-04,Referral,West
C01678,2023-10-04,Paid Search,South
C01679,2023-10-04,Organic Search,Midwest
C01680,2023-10-04,Paid Search,West
C01681,2023-10-04,Organic Search,Northeast
C01682,2023-10-05,Paid Search,South
C01683,2023-10-05,Paid Search,South
C01684,2023-10-05,Paid Search,Northeast
C01685,2023-10-05,Email,Northeast
C01686,2023-10-05,Organic Search,South
C01687,2023-10-05,Paid Search,Northeast
C01688,2023-10-05,Paid Search,West
C01689,2023-10-05,Email,West
C01690,2023-10-05,Social Media, Northeast 
C01691,2023-10-05,Organic Search,Northeast
C01692,2023-10-05,Social Media,West
C01693,2023-10-05,Organic Search,Northeast
C01694,2023-10-05,Social Media,West
C01695,2023-10-05,Social Media,Midwest
C01696,2023-10-05,Paid Search,Northeast
C01697,2023-10-06,Social Media,West
C01698,2023-10-06,Referral,West
C01699,2023-10-06,Email,Midwest
C01700,2023-10-06,Paid Search,Midwest
C01701,2023-10-06,Social Media,South
C01702,2023-10-06,Paid Search,South
C01703,2023-10-06,Email,West
C01704,2023-10-06,Email,Midwest
C01705,2023-10-06,Organic Search,Midwest
C01706,2023-10-06,Organic Search,Northeast
C01707,2023-10-06,Organic Search,South
C01708,2023-10-06,Organic Search,Midwest
C01709,2023-10-06,Paid Search,South
C01710,2023-10-06,Organic Search,West
C01711,2023-10-07,Social Media,West
C01712,2023-10-07,Organic Search,West
C01713,2023-10-07,Organic Search,West
C01714,2023-10-07,Social Media,South
C01715,2023-10-07,Paid Search,South
C01716,2023-10-08,Paid Search,Northeast
C01717,2023-10-08,Email,South
C01718,2023-10-08,Referral,West
C01719,2023-10-08,Social Media,South
C01720,2023-10-08,Organic Search,South
C01721,2023-10-08,Organic Search,South
C01722,2023-10-08,Referral,Northeast
C01723,2023-10-08,Social Media,West
C01724,2023-10-09,Email,South
C01725,2023-10-09,Social Media,Midwest
C01726,2023-10-09,Organic Search,South
C01727,2023-10-09,Paid Search,Northeast
C01728,2023-10-09,Email,South
C01729,2023-10-09,Referral,Midwest
C01730,2023-10-09,Organic Search,South
C01731,2023-10-09,Social Media,West
C01732,2023-10-10,Organic Search,Northeast
C01733,2023-10-10,Referral,West
C01734,2023-10-10,Organic Search,Northeast
C01735,2023-10-10,Social Media,South
C01736,2023-10-10,Organic Search,West
C01737,2023-10-10,Social Media,Midwest
C01738,2023-10-10,Social Media,Midwest
C01739,2023-10-10,Paid Search,West
C01740,2023-10-10,Email,West
C01741,2023-10-11,Referral,Northeast
C01742,2023-10-11,Referral,Northeast
C01743,2023-10-11,Paid Search,Midwest
C01744,2023-10-11,Social Media,Midwest
C01745,2023-10-11,Social Media,West
C01746,2023-10-12,Social Media,Northeast
C01747,2023-10-12,Paid Search,West
C01748,2023-10-12,Social Media,South
C01749,2023-10-12,Organic Search,midwest
C01750,2023-10-12,Paid Search,Northeast
C01751,2023-10-13,Organic Search,South
C01752,2023-10-13,Organic Search,Northeast
C01753,2023-10-13,Organic Search,South
C01754,2023-10-13,Organic Search,South
C01755,2023-10-13,Email,Northeast
C01756,2023-10-13,Paid Search,Northeast
C01757,2023-10-13,Organic Search,West
C01758,2023-10-13,Email,South
C01759,2023-10-13,Referral,West
C01760,2023-10-13,Referral,South
C01761,2023-10-14,Email,Midwest
C01762,2023-10-14,Referral,South
C01763,2023-10-14,Social Media,Midwest
C01764,2023-10-14,Referral,South
C01765,2023-10-14,Referral,South
C01766,2023-10-14,Paid Search,West
C01767,2023-10-14,Referral,Northeast
C01768,2023-10-14,Email,Midwest
C01769,2023-10-15,Email,WEST
C01770,2023-10-15,Referral,West
C01771,2023-10-15,Paid Search,South
C01772,2023-10-15,Paid Search,West
C01773,2023-10-15,Social Media,West
C01774,2023-10-15,Social Media,Midwest
C01775,2023-10-15,Referral,West
C01776,2023-10-15,Referral, Northeast 
C01777,2023-10-15,Social Media,Midwest
C01778,2023-10-15,Referral,South
C01779,2023-10-16,Organic Search,West
C01780,2023-10-16,Referral,Midwest
C01781,2023-10-16,Organic Search,West
C01782,2023-10-16,Social Media,West
C01783,2023-10-16,Organic Search,Midwest
C01784,2023-10-16,Social Media,South
C01785,2023-10-16,Paid Search,Midwest
C01786,2023-10-16,Organic Search,West
C01787,2023-10-16,Social Media,West
C01788,2023-10-16,Social Media,South
C01789,2023-10-16,Organic Search,West
C01790,2023-10-17,Social Media,South
C01791,2023-10-17,Organic Search,South
C01792,2023-10-17,Organic Search,West
C01793,2023-10-17,Organic Search,West
C01794,2023-10-17,Social Media,Northeast
C01795,2023-10-17,Email,South
C01796,2023-10-17,Social Media,South
C01797,2023-10-17,Email,South
C01798,2023-10-17,Social Media,West
C01799,2023-10-18,Email,South
C01800,2023-10-18,Referral,South
C01801,2023-10-18,Paid Search,West
C01802,2023-10-18,Organic Search,Northeast
C01803,2023-10-18,Organic Search,Northeast
C01804,2023-10-19,Social Media,South
C01805,2023-10-19,Paid Search,midwest
C01806,2023-10-19,Organic Search,Northeast
C01807,2023-10-19,Referral,Northeast
C01808,2023-10-19,Referral,South
C01809,2023-10-19,Organic Search,South
C01810,2023-10-19,Organic Search,West
C01811,2023-10-19,Organic Search,South
C01812,2023-10-20,Paid Search,Northeast
C01813,2023-10-20,Referral,South
C01814,2023-10-20,Social Media,South
C01815,2023-10-20,Organic Search,SOUTH
C01816,2023-10-20,Paid Search,South
C01817,2023-10-20,Organic Search,West
C01818,2023-10-20,Paid Search,South
C01819,2023-10-20,Paid Search,West
C01820,2023-10-20,Social Media,South
C01821,2023-10-20,Paid Search,West
C01822,2023-10-21,Referral,Midwest
C01823,2023-10-21,Organic Search,Midwest
C01824,2023-10-21,Email,West
C01825,2023-10-21,Organic Search,West
C01826,2023-10-21,Paid Search,Northeast
C01827,2023-10-22,Referral,Midwest
C01828,2023-10-22,Social Media,West
C01829,2023-10-22,Organic Search,South
C01830,2023-10-22,Paid Search,Northeast
C01831,2023-10-22,Social Media,South
C01832,2023-10-22,Referral,Northeast
C01833,2023-10-22,Social Media,South
C01834,2023-10-23,Organic Search,South
C01835,2023-10-23,Paid Search,Northeast
C01836,2023-10-23,Organic Search,Northeast
C01837,2023-10-23,Organic Search,West
C01838,2023-10-23,Social Media,Midwest
C01839,2023-10-23,Email,Midwest
C01840,2023-10-23,Organic Search,West
C01841,2023-10-24,Email,Midwest
C01842,2023-10-24,Social Media,West
C01843,2023-10-24,Email,South
C01844,2023-10-24,Organic Search,MIDWEST
C01845,2023-10-25,Paid Search,West
C01846,2023-10-25,Organic Search,Midwest
C01847,2023-10-25,Organic Search,South
C01848,2023-10-25,Paid Search,South
C01849,2023-10-25,Paid Search,South
C01850,2023-10-25,Organic Search,Northeast
C01851,2023-10-25,Organic Search,Midwest
C01852,2023-10-25,Referral,West
C01853,2023-10-26,Email,South
C01854,2023-10-26,Paid Search, West 
C01855,2023-10-26,Referral,West
C01856,2023-10-26,Organic Search,Northeast
C01857,2023-10-27,Paid Search,Northeast
C01858,2023-10-27,Email,South
C01859,2023-10-27,Paid Search,West
C01860,2023-10-27,Organic Search,Northeast
C01861,2023-10-27,Paid Search,South
C01862,2023-10-27,Paid Search,West
C01863,2023-10-27,Social Media,Northeast
C01864,2023-10-27,Paid Search,West
C01865,2023-10-27,Paid Search,South
C01866,2023-10-28,Organic Search,South
C01867,2023-10-28,Paid Search,Northeast
C01868,2023-10-28,Organic Search,South
C01869,2023-10-28,Referral,Northeast
C01870,2023-10-28,Social Media,West
C01871,2023-10-28,Paid Search,West
C01872,2023-10-28,Social Media,Northeast
C01873,2023-10-28,Organic Search,West
C01874,2023-10-28,Paid Search,South
C01875,2023-10-28,Paid Search,South
C01876,2023-10-28,Paid Search,Northeast
C01877,2023-10-28,Social Media,West
C01878,2023-10-29,Referral,Northeast
C01879,2023-10-29,Paid Search,West
C01880,2023-10-29,Paid Search,West
C01881,2023-10-30,Social Media,South
C01882,2023-10-30,Organic Search,South
C01883,2023-10-30,Organic Search,Midwest
C01884,2023-10-30,Referral,South
C01885,2023-10-30,Email,Midwest
C01886,2023-10-30,Referral,South
C01887,2023-10-31,Organic Search,West
C01888,2023-10-31,Organic Search,South
C01889,2023-10-31,Paid Search,Northeast
C01890,2023-10-31,Referral,South
C01891,2023-10-31,Organic Search,West
C01892,2023-10-31,Organic Search,Midwest
C01893,2023-10-31,Organic Search,Northeast
C01894,2023-10-31,Email,South
C01895,2023-11-01,Email,Northeast
C01896,2023-11-01,Social Media,West
C01897,2023-11-01,Organic Search,South
C01898,2023-11-01,Social Media,West
C01899,2023-11-01,Paid Search,Northeast
C01900,2023-11-01,Organic Search,West
C01901,2023-11-01,Organic Search,Northeast
C01902,2023-11-01,Paid Search,Northeast
C01903,2023-11-01,Paid Search,West
C01904,2023-11-02,Referral,South
C01905,2023-11-02,Paid Search,Northeast
C01906,2023-11-02,Paid Search,West
C01907,2023-11-02,Social Media,South
C01908,2023-11-02,Social Media,South
C01909,2023-11-02,Organic Search,Midwest
C01910,2023-11-02,Social Media,South
C01911,2023-11-02,Organic Search,South
C01912,2023-11-02,Paid Search,South
C01913,2023-11-02,Social Media,South
C01914,2023-11-03,Social Media,Midwest
C01915,2023-11-03,Paid Search,West
C01916,2023-11-03,Organic Search,Northeast
C01917,2023-11-03,Paid Search,Northeast
C01918,2023-11-03,Paid Search,West
C01919,2023-11-03,Referral,Northeast
C01920,2023-11-03,Paid Search,Midwest
C01921,2023-11-03,Referral,Northeast
C01922,2023-11-03,Paid Search,Northeast
C01923,2023-11-03,Email,West
C01924,2023-11-04,Organic Search,Midwest
C01925,2023-11-04,Organic Search,South
C01926,2023-11-04,Organic Search,Northeast
C01927,2023-11-04,Organic Search,West
C01928,2023-11-04,Referral,West
C01929,2023-11-04,Social Media,Midwest
C01930,2023-11-04,Social Media,Northeast
C01931,2023-11-04,Paid Search,South
C01932,2023-11-04,Social Media,Northeast
C01933,2023-11-04,Social Media,Midwest
C01934,2023-11-04,Email,Northeast
C01935,2023-11-05,Social Media,Midwest
C01936,2023-11-05,Social Media, Midwest 
C01937,2023-11-05,Organic Search,Midwest
C01938,2023-11-05,Referral,West
C01939,2023-11-05,Organic Search,West
C01940,2023-11-05,Paid Search,Midwest
C01941,2023-11-05,Referral,Midwest
C01942,2023-11-05,Organic Search,South
C01943,2023-11-05,Organic Search,South
C01944,2023-11-06,Paid Search,West
C01945,2023-11-06,Paid Search,Northeast
C01946,2023-11-06,Referral,Midwest
C01947,2023-11-06,Email,West
C01948,2023-11-06,Paid Search,South
C01949,2023-11-06,Referral,South
C01950,2023-11-06,Social Media,Midwest
C01951,2023-11-06,Referral,West
C01952,2023-11-06,Organic Search,
C01953,2023-11-06,Paid Search,South
C01954,2023-11-06,Organic Search,Northeast
C01955,2023-11-06,Organic Search,West
C01956,2023-11-07,Social Media,South
C01957,2023-11-07,Organic Search,South
C01958,2023-11-07,Paid Search,Midwest
C01959,2023-11-07,Social Media,West
C01960,2023-11-07,Organic Search,West
C01961,2023-11-07,Paid Search,South
C01962,2023-11-07,Social Media,South
C01963,2023-11-08,Referral,Northeast
C01964,2023-11-08,Organic Search,Northeast
C01965,2023-11-08,Referral,West
C01966,2023-11-08,Email,Midwest
C01967,2023-11-08,Social Media,West
C01968,2023-11-08,Paid Search,Midwest
C01969,2023-11-08,Social Media,South
C01970,2023-11-08,Email,West
C01971,2023-11-08,Paid Search,MIDWEST
C01972,2023-11-08,Referral,Midwest
C01973,2023-11-08,Referral,Northeast
C01974,2023-11-08,Paid Search,Northeast
C01975,2023-11-08,Social Media,Northeast
C01976,2023-11-08,Paid Search,Northeast
C01977,2023-11-08,Email,South
C01978,2023-11-08,Email,West
C01979,2023-11-09,Organic Search,Northeast
C01980,2023-11-09,Organic Search,West
C01981,2023-11-09,Paid Search,Midwest
C01982,2023-11-09,Referral,West
C01983,2023-11-09,Paid Search,South
C01984,2023-11-09,Referral,South
C01985,2023-11-09,Paid Search,Midwest
C01986,2023-11-09,Organic Search,South
C01987,2023-11-09,Referral,Midwest
C01988,2023-11-09,Social Media,South
C01989,2023-11-09,Paid Search,West
C01990,2023-11-09,Organic Search,Northeast
C01991,2023-11-09,Organic Search,West
C01992,2023-11-10,Organic Search,Midwest
C01993,2023-11-10,Paid Search,South
C01994,2023-11-10,Social Media,West
C01995,2023-11-10,Paid Search,West
C01996,2023-11-10,Organic Search,Midwest
C01997,2023-11-10,Organic Search,South
C01998,2023-11-10,Paid Search,West
C01999,2023-11-10,Referral,Northeast
C02000,2023-11-10,Paid Search,Midwest
C02001,2023-11-10,Organic Search,Midwest
C02002,2023-11-10,Social Media,Midwest
C02003,2023-11-11,Referral,West
C02004,2023-11-11,Email,West
C02005,2023-11-11,Email,Midwest
C02006,2023-11-11,Referral,Midwest
C02007,2023-11-11,Social Media,Northeast
C02008,2023-11-11,Referral,Northeast
C02009,2023-11-11,Organic Search,Midwest
C02010,2023-11-11,Email,South
C02011,2023-11-11,Referral,South
C02012,2023-11-11,Referral,Midwest
C02013,2023-11-11,Paid Search,West
C02014,2023-11-11,Email,South
C02015,2023-11-11,Organic Search,West
C02016,2023-11-12,Social Media,Northeast
C02017,2023-11-12,Paid Search,Midwest
C02018,2023-11-12,Social Media,Northeast
C02019,2023-11-12,Social Media,South
C02020,2023-11-12,Paid Search,West
C02021,2023-11-12,Organic Search,South
C02022,2023-11-12,Paid Search,Midwest
C02023,2023-11-12,Social Media,South
C02024,2023-11-12,Social Media,Northeast
C02025,2023-11-12,Social Media,West
C02026,2023-11-12,Organic Search,Northeast
C02027,2023-11-12,Email,WEST
C02028,2023-11-12,Social Media,Northeast
C02029,2023-11-12,Organic Search,Northeast
C02030,2023-11-12,Paid Search,South
C02031,2023-11-12,Paid Search,West
C02032,2023-11-13,Paid Search, West 
C02033,2023-11-13,Organic Search,South
C02034,2023-11-13,Organic Search,Northeast
C02035,2023-11-13,Organic Search, South 
C02036,2023-11-13,Organic Search,Midwest
C02037,2023-11-13,Organic Search,South
C02038,2023-11-13,Email,Northeast
C02039,2023-11-13,Paid Search,South
C02040,2023-11-13,Paid Search,West
C02041,2023-11-14,Social Media,South
C02042,2023-11-14,Paid Search,Northeast
C02043,2023-11-14,Organic Search,South
C02044,2023-11-14,Organic Search,Northeast
C02045,2023-11-14,Organic Search,WEST
C02046,2023-11-14,Social Media,Midwest
C02047,2023-11-14,Paid Search,Northeast
C02048,2023-11-14,Paid Search,Northeast
C02049,2023-11-14,Social Media,Midwest
C02050,2023-11-14,Referral,South
C02051,2023-11-14,Paid Search,Northeast
C02052,2023-11-14,Paid Search,West
C02053,2023-11-14,Paid Search,Northeast
C02054,2023-11-14,Social Media,South
C02055,2023-11-14,Social Media,West
C02056,2023-11-14,Social Media,northeast
C02057,2023-11-14,Organic Search,West
C02058,2023-11-15,Paid Search,South
C02059,2023-11-15,Email,West
C02060,2023-11-15,Paid Search,Midwest
C02061,2023-11-15,Referral,South
C02062,2023-11-15,Paid Search,West
C02063,2023-11-15,Paid Search,Midwest
C02064,2023-11-15,Paid Search,Midwest
C02065,2023-11-15,Paid Search,South
C02066,2023-11-15,Email,West
C02067,2023-11-15,Organic Search,South
C02068,2023-11-15,Social Media,Midwest
C02069,2023-11-16,Social Media,West
C02070,2023-11-16,Referral,West
C02071,2023-11-16,Social Media,South
C02072,2023-11-16,Referral,West
C02073,2023-11-16,Referral,South
C02074,2023-11-17,Paid Search,northeast
C02075,2023-11-17,Referral,West
C02076,2023-11-17,Referral,West
C02077,2023-11-17,Organic Search,Midwest
C02078,2023-11-17,Social Media,South
C02079,2023-11-17,Organic Search,South
C02080,2023-11-17,Social Media,West
C02081,2023-11-17,Organic Search,Northeast
C02082,2023-11-17,Social Media,South
C02083,2023-11-17,Paid Search,Northeast
C02084,2023-11-18,Social Media,West
C02085,2023-11-18,Organic Search,West
C02086,2023-11-18,Social Media,West
C02087,2023-11-18,Paid Search,South
C02088,2023-11-18,Social Media,South
C02089,2023-11-18,Paid Search,Northeast
C02090,2023-11-18,Organic Search,West
C02091,2023-11-18,Paid Search,West
C02092,2023-11-18,Referral,
C02093,2023-11-18,Organic Search,South
C02094,2023-11-18,Social Media,West
C02095,2023-11-18,Organic Search,West
C02096,2023-11-19,Social Media,South
C02097,2023-11-19,Organic Search,Midwest
C02098,2023-11-19,Paid Search,Midwest
C02099,2023-11-19,Paid Search,South
C02100,2023-11-19,Organic Search,Midwest
C02101,2023-11-19,Paid Search,South
C02102,2023-11-19,Paid Search,Midwest
C02103,2023-11-19,Paid Search,Midwest
C02104,2023-11-19,Referral,South
C02105,2023-11-19,Paid Search,West
C02106,2023-11-19,Referral,northeast
C02107,2023-11-20,Paid Search,South
C02108,2023-11-20,Organic Search,West
C02109,2023-11-20,Organic Search,Northeast
C02110,2023-11-20,Paid Search,South
C02111,2023-11-20,Paid Search,South
C02112,2023-11-20,Referral,South
C02113,2023-11-20,Social Media,Northeast
C02114,2023-11-20,Social Media,West
C02115,2023-11-20,Paid Search,West
C02116,2023-11-20,Paid Search,South
C02117,2023-11-20,Social Media,South
C02118,2023-11-21,Organic Search,Northeast
C02119,2023-11-21,Organic Search,South
C02120,2023-11-21,Paid Search,Northeast
C02121,2023-11-21,Organic Search,West
C02122,2023-11-21,Social Media,Northeast
C02123,2023-11-21,Organic Search,West
C02124,2023-11-21,Organic Search,Midwest
C02125,2023-11-21,Referral,South
C02126,2023-11-21,Referral,Midwest
C02127,2023-11-21,Paid Search,South
C02128,2023-11-21,Paid Search,South
C02129,2023-11-21,Email,West
C02130,2023-11-21,Organic Search,South
C02131,2023-11-21,Paid Search,West
C02132,2023-11-22,Organic Search,Northeast
C02133,2023-11-22,Paid Search,Northeast
C02134,2023-11-22,Referral,Northeast
C02135,2023-11-22,Email,Midwest
C02136,2023-11-22,Referral,West
C02137,2023-11-22,Social Media,South
C02138,2023-11-22,Social Media,Northeast
C02139,2023-11-22,Email,South
C02140,2023-11-22,Social Media,South
C02141,2023-11-22,Paid Search,South
C02142,2023-11-22,Organic Search,South
C02143,2023-11-23,Paid Search,South
C02144,2023-11-23,Organic Search,South
C02145,2023-11-23,Paid Search,West
C02146,2023-11-23,Organic Search,northeast
C02147,2023-11-23,Social Media,Midwest
C02148,2023-11-23,Organic Search,South
C02149,2023-11-23,Organic Search,South
C02150,2023-11-23,Paid Search,West
C02151,2023-11-23,Organic Search,South
C02152,2023-11-23,Referral,West
C02153,2023-11-23,Paid Search,Northeast
C02154,2023-11-23,Paid Search,Northeast
C02155,2023-11-24,Organic Search,South
C02156,2023-11-24,Email,Northeast
C02157,2023-11-24,Social Media,Northeast
C02158,2023-11-24,Paid Search,Midwest
C02159,2023-11-24,Organic Search,South
C02160,2023-11-24,Social Media,Northeast
C02161,2023-11-24,Referral,Northeast
C02162,2023-11-24,Paid Search,South
C02163,2023-11-24,Organic Search,Northeast
C02164,2023-11-24,Organic Search,Northeast
C02165,2023-11-25,Organic Search,South
C02166,2023-11-25,Social Media,West
C02167,2023-11-25,Referral,West
C02168,2023-11-25,Referral,Northeast
C02169,2023-11-25,Email,South
C02170,2023-11-25,Organic Search,West
C02171,2023-11-25,Referral,South
C02172,2023-11-25,Paid Search,NORTHEAST
C02173,2023-11-25,Paid Search,Northeast
C02174,2023-11-25,Social Media,West
C02175,2023-11-25,Organic Search,West
C02176,2023-11-25,Email,South
C02177,2023-11-25,Referral,South
C02178,2023-11-26,Email,Northeast
C02179,2023-11-26,Email,South
C02180,2023-11-26,Paid Search,Northeast
C02181,2023-11-26,Organic Search,Northeast
C02182,2023-11-26,Email,Midwest
C02183,2023-11-26,Social Media,South
C02184,2023-11-26,Referral,West
C02185,2023-11-27,Organic Search,South
C02186,2023-11-27,Paid Search,Midwest
C02187,2023-11-27,Paid Search,Northeast
C02188,2023-11-27,Social Media,Northeast
C02189,2023-11-27,Email,Northeast
C02190,2023-11-27,Referral,South
C02191,2023-11-27,Organic Search,Northeast
C02192,2023-11-27,Paid Search,Northeast
C02193,2023-11-27,Organic Search,South
C02194,2023-11-27,Organic Search,Midwest
C02195,2023-11-27,Paid Search,Midwest
C02196,2023-11-27,Social Media,Midwest
C02197,2023-11-27,Paid Search,Northeast
C02198,2023-11-28,Paid Search,South
C02199,2023-11-28,Social Media,West
C02200,2023-11-28,Email,South
C02201,2023-11-28,Organic Search,Northeast
C02202,2023-11-28,Paid Search,South
C02203,2023-11-28,Social Media,Midwest
C02204,2023-11-28,Email,South
C02205,2023-11-28,Email,South
C02206,2023-11-28,Organic Search,South
C02207,2023-11-28,Paid Search,Northeast
C02208,2023-11-28,Referral,South
C02209,2023-11-29,Paid Search,South
C02210,2023-11-29,Paid Search,South
C02211,2023-11-29,Referral,South
C02212,2023-11-29,Organic Search,Midwest
C02213,2023-11-29,Social Media,West
C02214,2023-11-29,Referral,South
C02215,2023-11-29,Organic Search,South
C02216,2023-11-29,Social Media,South
C02217,2023-11-29,Paid Search,West
C02218,2023-11-30,Referral,South
C02219,2023-11-30,Referral,South
C02220,2023-11-30,Referral,South
C02221,2023-11-30,Organic Search,South
C02222,2023-11-30,Email,Northeast
C02223,2023-11-30,Referral,South
C02224,2023-11-30,Social Media,Northeast
C02225,2023-11-30,Social Media,Northeast
C02226,2023-11-30,Organic Search,Midwest
C02227,2023-11-30,Referral,South
C02228,2023-12-01,Organic Search,NORTHEAST
C02229,2023-12-01,Paid Search,Midwest
C02230,2023-12-01,Referral,Midwest
C02231,2023-12-01,Referral,Northeast
C02232,2023-12-01,Referral,South
C02233,2023-12-01,Paid Search,Midwest
C02234,2023-12-02,Organic Search,Northeast
C02235,2023-12-02,Paid Search,South
C02236,2023-12-02,Organic Search,South
C02237,2023-12-02,Referral,Midwest
C02238,2023-12-02,Social Media,South
C02239,2023-12-02,Paid Search,Northeast
C02240,2023-12-02,Organic Search,West
C02241,2023-12-02,Paid Search,Northeast
C02242,2023-12-02,Referral,South
C02243,2023-12-02,Social Media,Northeast
C02244,2023-12-02,Organic Search,West
C02245,2023-12-03,Organic Search,
C02246,2023-12-03,Paid Search,South
C02247,2023-12-03,Organic Search,South
C02248,2023-12-03,Referral,South
C02249,2023-12-03,Social Media,South
C02250,2023-12-03,Organic Search,MIDWEST
C02251,2023-12-03,Email,South
C02252,2023-12-03,Paid Search,South
C02253,2023-12-03,Organic Search,Northeast
C02254,2023-12-03,Social Media,South
C02255,2023-12-03,Organic Search,South
C02256,2023-12-03,Paid Search,Northeast
C02257,2023-12-03,Email,West
C02258,2023-12-04,Referral,Midwest
C02259,2023-12-04,Paid Search,Northeast
C02260,2023-12-04,Social Media,South
C02261,2023-12-04,Organic Search,West
C02262,2023-12-04,Social Media,Midwest
C02263,2023-12-04,Organic Search,West
C02264,2023-12-04,Social Media,Northeast
C02265,2023-12-04,Organic Search,West
C02266,2023-12-04,Referral,West
C02267,2023-12-04,Referral,Northeast
C02268,2023-12-04,Paid Search,South
C02269,2023-12-04,Email,West
C02270,2023-12-04,Organic Search,South
C02271,2023-12-05,Social Media,Northeast
C02272,2023-12-05,Organic Search,Northeast
C02273,2023-12-05,Organic Search,South
C02274,2023-12-05,Social Media,South
C02275,2023-12-05,Paid Search,Midwest
C02276,2023-12-05,Paid Search,South
C02277,2023-12-05,Paid Search,South
C02278,2023-12-05,Organic Search,South
C02279,2023-12-05,Organic Search,West
C02280,2023-12-05,Social Media,South
C02281,2023-12-06,Social Media,Midwest
C02282,2023-12-06,Organic Search,Northeast
C02283,2023-12-06,Paid Search,South
C02284,2023-12-06,Social Media,West
C02285,2023-12-06,Social Media, South 
C02286,2023-12-06,Email,South
C02287,2023-12-06,Paid Search,Northeast
C02288,2023-12-06,Paid Search,South
C02289,2023-12-06,Social Media,Midwest
C02290,2023-12-06,Paid Search,West
C02291,2023-12-07,Organic Search,South
C02292,2023-12-07,Organic Search,Midwest
C02293,2023-12-07,Email,West
C02294,2023-12-07,Organic Search,South
C02295,2023-12-07,Social Media,West
C02296,2023-12-07,Social Media,Midwest
C02297,2023-12-07,Paid Search,West
C02298,2023-12-07,Email,West
C02299,2023-12-07,Social Media,West
C02300,2023-12-07,Organic Search,South
C02301,2023-12-08,Email,South
C02302,2023-12-08,Paid Search,West
C02303,2023-12-08,Paid Search,Midwest
C02304,2023-12-08,Social Media,Northeast
C02305,2023-12-08,Social Media,South
C02306,2023-12-08,Paid Search,West
C02307,2023-12-08,Referral,South
C02308,2023-12-08,Social Media,South
C02309,2023-12-08,Social Media,Northeast
C02310,2023-12-08,Organic Search,South
C02311,2023-12-08,Organic Search,Midwest
C02312,2023-12-08,Paid Search,West
C02313,2023-12-08,Social Media,Northeast
C02314,2023-12-08,Paid Search,Midwest
C02315,2023-12-08,Email,Northeast
C02316,2023-12-08,Organic Search,Midwest
C02317,2023-12-08,Social Media,Northeast
C02318,2023-12-08,Email,West
C02319,2023-12-09,Email,South
C02320,2023-12-09,Email,South
C02321,2023-12-09,Referral,Midwest
C02322,2023-12-09,Organic Search,South
C02323,2023-12-09,Social Media,Midwest
C02324,2023-12-09,Referral,SOUTH
C02325,2023-12-09,Social Media,Northeast
C02326,2023-12-09,Organic Search,West
C02327,2023-12-09,Referral,Midwest
C02328,2023-12-09,Organic Search,South
C02329,2023-12-09,Paid Search,West
C02330,2023-12-10,Organic Search,Midwest
C02331,2023-12-10,Paid Search,South
C02332,2023-12-10,Paid Search,South
C02333,2023-12-10,Paid Search,Midwest
C02334,2023-12-10,Referral,Midwest
C02335,2023-12-10,Paid Search,South
C02336,2023-12-10,Paid Search,West
C02337,2023-12-10,Referral,South
C02338,2023-12-10,Email,SOUTH
C02339,2023-12-10,Organic Search,Northeast
C02340,2023-12-10,Organic Search,South
C02341,2023-12-10,Social Media,West
C02342,2023-12-10,Email,South
C02343,2023-12-11,Social Media,Midwest
C02344,2023-12-11,Organic Search,West
C02345,2023-12-11,Social Media,south
C02346,2023-12-11,Social Media,Midwest
C02347,2023-12-11,Social Media,Midwest
C02348,2023-12-11,Referral,South
C02349,2023-12-11,Email,Midwest
C02350,2023-12-11,Social Media,South
C02351,2023-12-11,Social Media,South
C02352,2023-12-11,Social Media,West
C02353,2023-12-11,Paid Search,South
C02354,2023-12-11,Paid Search,Northeast
C02355,2023-12-11,Social Media,West
C02356,2023-12-12,Social Media,Midwest
C02357,2023-12-12,Paid Search,South
C02358,2023-12-12,Organic Search,South
C02359,2023-12-12,Social Media,West
C02360,2023-12-12,Social Media,South
C02361,2023-12-12,Paid Search,Midwest
C02362,2023-12-12,Paid Search,Northeast
C02363,2023-12-12,Organic Search,Northeast
C02364,2023-12-12,Referral,Northeast
C02365,2023-12-12,Referral,South
C02366,2023-12-13,Social Media,South
C02367,2023-12-13,Paid Search,West
C02368,2023-12-13,Social Media,Midwest
C02369,2023-12-13,Paid Search,West
C02370,2023-12-13,Referral,South
C02371,2023-12-13,Organic Search,Northeast
C02372,2023-12-13,Organic Search,South
C02373,2023-12-13,Social Media,West
C02374,2023-12-13,Organic Search,South
C02375,2023-12-13,Social Media,West
C02376,2023-12-14,Email,West
C02377,2023-12-14,Organic Search,Midwest
C02378,2023-12-14,Paid Search,Northeast
C02379,2023-12-14,Social Media,South
C02380,2023-12-14,Email,Northeast
C02381,2023-12-14,Paid Search,Northeast
C02382,2023-12-14,Organic Search,
C02383,2023-12-14,Social Media,Midwest
C02384,2023-12-14,Paid Search,Northeast
C02385,2023-12-14,Email,South
C02386,2023-12-14,Social Media,West
C02387,2023-12-14,Organic Search,West
C02388,2023-12-14,Email,West
C02389,2023-12-15,Paid Search,Midwest
C02390,2023-12-15,Organic Search,Northeast
C02391,2023-12-15,Social Media,South
C02392,2023-12-15,Referral,Midwest
C02393,2023-12-15,Social Media,Northeast
C02394,2023-12-15,Organic Search,South
C02395,2023-12-15,Social Media,midwest
C02396,2023-12-15,Organic Search,West
C02397,2023-12-15,Paid Search,West
C02398,2023-12-15,Paid Search,West
C02399,2023-12-15,Organic Search,Midwest
C02400,2023-12-15,Paid Search,South
C02401,2023-12-15,Referral,West
C02402,2023-12-15,Organic Search,Northeast
C02403,2023-12-15,Email,Midwest
C02404,2023-12-15,Social Media,South
C02405,2023-12-15,Paid Search,South
C02406,2023-12-15,Organic Search,Midwest
C02407,2023-12-15,Organic Search,Northeast
C02408,2023-12-16,Organic Search,West
C02409,2023-12-16,Social Media,
C02410,2023-12-16,Referral,West
C02411,2023-12-16,Referral,Northeast
C02412,2023-12-16,Organic Search,West
C02413,2023-12-16,Organic Search,Northeast
C02414,2023-12-16,Organic Search,South
C02415,2023-12-16,Referral,Northeast
C02416,2023-12-16,Organic Search,South
C02417,2023-12-16,Organic Search,Midwest
C02418,2023-12-16,Social Media,South
C02419,2023-12-16,Social Media,South
C02420,2023-12-16,Organic Search,South
C02421,2023-12-16,Social Media,South
C02422,2023-12-16,Organic Search,West
C02423,2023-12-17,Organic Search,Northeast
C02424,2023-12-17,Organic Search,Midwest
C02425,2023-12-17,Paid Search,West
C02426,2023-12-17,Referral,West
C02427,2023-12-17,Paid Search,South
C02428,2023-12-17,Email,Northeast
C02429,2023-12-17,Paid Search,South
C02430,2023-12-17,Social Media,South
C02431,2023-12-17,Referral,South
C02432,2023-12-17,Paid Search,South
C02433,2023-12-17,Referral,West
C02434,2023-12-17,Social Media,South
C02435,2023-12-18,Social Media,South
C02436,2023-12-18,Organic Search,Midwest
C02437,2023-12-18,Social Media,South
C02438,2023-12-18,Paid Search,Northeast
C02439,2023-12-18,Referral,West
C02440,2023-12-18,Referral,Midwest
C02441,2023-12-18,Paid Search,Northeast
C02442,2023-12-18,Referral,South
C02443,2023-12-19,Referral,Midwest
C02444,2023-12-19,Social Media,west
C02445,2023-12-19,Organic Search,South
C02446,2023-12-19,Organic Search,Northeast
C02447,2023-12-19,Organic Search,Northeast
C02448,2023-12-19,Organic Search,South
C02449,2023-12-19,Referral,West
C02450,2023-12-19,Organic Search,South
C02451,2023-12-19,Social Media,West
C02452,2023-12-19,Social Media,Midwest
C02453,2023-12-19,Social Media,West
C02454,2023-12-19,Organic Search,Midwest
C02455,2023-12-19,Social Media, South 
C02456,2023-12-20,Social Media,Northeast
C02457,2023-12-20,Social Media,Midwest
C02458,2023-12-20,Organic Search,Northeast
C02459,2023-12-20,Social Media,South
C02460,2023-12-20,Organic Search,South
C02461,2023-12-20,Social Media,South
C02462,2023-12-20,Paid Search,Northeast
C02463,2023-12-20,Organic Search,Midwest
C02464,2023-12-20,Email,West
C02465,2023-12-20,Organic Search,South
C02466,2023-12-20,Referral,South
C02467,2023-12-20,Referral,West
C02468,2023-12-21,Paid Search,West
C02469,2023-12-21,Paid Search,South
C02470,2023-12-21,Organic Search,Northeast
C02471,2023-12-21,Referral,South
C02472,2023-12-21,Social Media,Northeast
C02473,2023-12-22,Organic Search,West
C02474,2023-12-22,Paid Search,South
C02475,2023-12-22,Organic Search,Northeast
C02476,2023-12-22,Social Media,Northeast
C02477,2023-12-22,Paid Search,West
C02478,2023-12-22,Organic Search,Northeast
C02479,2023-12-22,Email,West
C02480,2023-12-22,Organic Search,South
C02481,2023-12-22,Paid Search,Midwest
C02482,2023-12-23,Social Media,Midwest
C02483,2023-12-23,Referral,South
C02484,2023-12-23,Paid Search,
C02485,2023-12-23,Referral,Northeast
C02486,2023-12-23,Paid Search,South
C02487,2023-12-23,Referral,West
C02488,2023-12-23,Organic Search,South
C02489,2023-12-23,Social Media,WEST
C02490,2023-12-23,Organic Search,Midwest
C02491,2023-12-23,Referral,West
C02492,2023-12-23,Referral,West
C02493,2023-12-23,Paid Search,South
C02494,2023-12-24,Paid Search,West
C02495,2023-12-24,Social Media,Northeast
C02496,2023-12-24,Organic Search,South
C02497,2023-12-24,Social Media, West 
C02498,2023-12-24,Social Media,West
C02499,2023-12-24,Paid Search,Northeast
C02500,2023-12-24,Organic Search,Northeast
C02501,2023-12-24,Referral,Northeast
C02502,2023-12-24,Organic Search,West
C02503,2023-12-24,Social Media,West
C02504,2023-12-24,Organic Search,Northeast
C02505,2023-12-24,Organic Search,Northeast
C02506,2023-12-24,Organic Search,West
C02507,2023-12-24,Paid Search,Midwest
C02508,2023-12-24,Social Media,South
C02509,2023-12-24,Paid Search,South
C02510,2023-12-25,Social Media,Midwest
C02511,2023-12-25,Social Media,South
C02512,2023-12-25,Organic Search,
C02513,2023-12-25,Organic Search,Northeast
C02514,2023-12-25,Social Media,Midwest
C02515,2023-12-25,Social Media,West
C02516,2023-12-25,Social Media,Midwest
C02517,2023-12-25,Organic Search,Northeast
C02518,2023-12-25,Email,West
C02519,2023-12-25,Organic Search,West
C02520,2023-12-25,Social Media,South
C02521,2023-12-25,Organic Search,South
C02522,2023-12-25,Social Media,Midwest
C02523,2023-12-25,Paid Search,South
C02524,2023-12-25,Social Media,Northeast
C02525,2023-12-25,Organic Search,West
C02526,2023-12-25,Social Media,South
C02527,2023-12-26,Organic Search,Midwest
C02528,2023-12-26,Social Media,South
C02529,2023-12-26,Organic Search,West
C02530,2023-12-26,Organic Search,West
C02531,2023-12-26,Social Media,South
C02532,2023-12-26,Organic Search,South
C02533,2023-12-26,Organic Search,Northeast
C02534,2023-12-26,Email,South
C02535,2023-12-26,Email,Northeast
C02536,2023-12-26,Referral,Northeast
C02537,2023-12-26,Paid Search,South
C02538,2023-12-26,Paid Search,South
C02539,2023-12-26,Email,South
C02540,2023-12-27,Organic Search,Northeast
C02541,2023-12-27,Social Media,West
C02542,2023-12-27,Organic Search,South
C02543,2023-12-27,Referral,West
C02544,2023-12-27,Social Media,West
C02545,2023-12-27,Paid Search,Northeast
C02546,2023-12-27,Paid Search,South
C02547,2023-12-27,Organic Search,South
C02548,2023-12-27,Paid Search,West
C02549,2023-12-27,Social Media,Northeast
C02550,2023-12-27,Paid Search,Northeast
C02551,2023-12-27,Paid Search,South
C02552,2023-12-27,Organic Search,South
C02553,2023-12-28,Social Media,Northeast
C02554,2023-12-28,Paid Search,South
C02555,2023-12-28,Organic Search,West
C02556,2023-12-28,Referral,West
C02557,2023-12-28,Paid Search,South
C02558,2023-12-28,Paid Search,West
C02559,2023-12-28,Referral,South
C02560,2023-12-28,Paid Search,West
C02561,2023-12-28,Referral,South
C02562,2023-12-28,Social Media,West
C02563,2023-12-29,Social Media,West
C02564,2023-12-29,Organic Search,South
C02565,2023-12-29,Organic Search,Northeast
C02566,2023-12-29,Paid Search,Northeast
C02567,2023-12-29,Organic Search,Midwest
C02568,2023-12-29,Organic Search,South
C02569,2023-12-29,Social Media,South
C02570,2023-12-29,Social Media,South
C02571,2023-12-29,Organic Search,Midwest
C02572,2023-12-29,Social Media,West
C02573,2023-12-29,Referral,South
C02574,2023-12-29,Social Media,Northeast
C02575,2023-12-29,Email,South
C02576,2023-12-29,Social Media,West
C02577,2023-12-29,Organic Search,West
C02578,2023-12-30,Paid Search,Northeast
C02579,2023-12-30,Referral,Northeast
C02580,2023-12-30,Social Media,south
C02581,2023-12-30,Email,Northeast
C02582,2023-12-30,Referral,West
C02583,2023-12-30,Organic Search,South
C02584,2023-12-30,Paid Search,Midwest
C02585,2023-12-30,Social Media,Northeast
C02586,2023-12-30,Organic Search,Midwest
C02587,2023-12-30,Social Media,Northeast
C02588,2023-12-30,Email,South
C02589,2023-12-30,Social Media,West
C02590,2023-12-30,Organic Search,West
C02591,2023-12-30,Social Media,South
C02592,2023-12-30,Organic Search,West
C02593,2023-12-30,Referral,West
C02594,2023-12-30,Organic Search,South
C02595,2023-12-31,Referral,Midwest
C02596,2023-12-31,Paid Search,South
C02597,2023-12-31,Paid Search,West
C02598,2023-12-31,Paid Search,Northeast
C02599,2023-12-31,Organic Search,Northeast
C02600,2023-12-31,Paid Search,South
C02601,2023-12-31,Email,Northeast
C02602,2023-12-31,Email,Northeast
C02603,2023-12-31,Organic Search,Midwest
C02604,2023-12-31,Social Media, South 
C02605,2023-12-31,Referral,South
C02606,2023-12-31,Email,Northeast
C02607,2023-12-31,Paid Search,South
C02608,2023-12-31,Organic Search,Northeast
C02609,2024-01-01,Referral,Northeast
C02610,2024-01-01,Paid Search,Northeast
C02611,2024-01-01,Paid Search,Midwest
C02612,2024-01-01,Email,West
C02613,2024-01-01,Organic Search,Midwest
C02614,2024-01-01,Email,Northeast
C02615,2024-01-01,Organic Search,South
C02616,2024-01-02,Social Media,Northeast
C02617,2024-01-02,Referral,Northeast
C02618,2024-01-02,Referral,Midwest
C02619,2024-01-02,Referral,South
C02620,2024-01-02,Referral,West
C02621,2024-01-02,Organic Search,Midwest
C02622,2024-01-02,Referral,South
C02623,2024-01-02,Referral,Northeast
C02624,2024-01-03,Paid Search,West
C02625,2024-01-03,Paid Search,
C02626,2024-01-03,Organic Search,South
C02627,2024-01-03,Social Media,Northeast
C02628,2024-01-03,Social Media,South
C02629,2024-01-03,Paid Search,Northeast
C02630,2024-01-03,Paid Search,Northeast
C02631,2024-01-03,Social Media,Northeast
C02632,2024-01-03,Organic Search,West
C02633,2024-01-03,Referral,South
C02634,2024-01-03,Organic Search,Northeast
C02635,2024-01-04,Organic Search,South
C02636,2024-01-04,Organic Search,South
C02637,2024-01-04,Referral,Midwest
C02638,2024-01-04,Referral,South
C02639,2024-01-04,Organic Search,South
C02640,2024-01-04,Organic Search,Midwest
C02641,2024-01-04,Paid Search,South
C02642,2024-01-05,Organic Search,South
C02643,2024-01-05,Social Media,West
C02644,2024-01-05,Organic Search,Northeast
C02645,2024-01-05,Paid Search,Midwest
C02646,2024-01-05,Paid Search,Northeast
C02647,2024-01-06,Paid Search,Midwest
C02648,2024-01-06,Paid Search,South
C02649,2024-01-06,Organic Search,Northeast
C02650,2024-01-06,Organic Search,South
C02651,2024-01-06,Organic Search,Midwest
C02652,2024-01-06,Organic Search,Midwest
C02653,2024-01-06,Referral,South
C02654,2024-01-06,Organic Search,Midwest
C02655,2024-01-06,Paid Search,Northeast
C02656,2024-01-07,Organic Search,South
C02657,2024-01-07,Email,Northeast
C02658,2024-01-07,Referral,Midwest
C02659,2024-01-07,Email,South
C02660,2024-01-07,Social Media,South
C02661,2024-01-08,Email,Midwest
C02662,2024-01-08,Paid Search,West
C02663,2024-01-08,Referral, West 
C02664,2024-01-08,Email,Northeast
C02665,2024-01-08,Organic Search,Northeast
C02666,2024-01-08,Paid Search,South
C02667,2024-01-08,Organic Search,South
C02668,2024-01-08,Organic Search,Midwest
C02669,2024-01-08,Email,
C02670,2024-01-09,Organic Search,Northeast
C02671,2024-01-09,Social Media,Midwest
C02672,2024-01-09,Referral, South 
C02673,2024-01-09,Paid Search,Midwest
C02674,2024-01-09,Paid Search,Northeast
C02675,2024-01-09,Social Media,midwest
C02676,2024-01-09,Email,South
C02677,2024-01-09,Organic Search,South
C02678,2024-01-10,Organic Search,Northeast
C02679,2024-01-10,Social Media,Midwest
C02680,2024-01-10,Referral,Midwest
C02681,2024-01-10,Organic Search,West
C02682,2024-01-10,Paid Search,West
C02683,2024-01-10,Referral,SOUTH
C02684,2024-01-10,Organic Search,
C02685,2024-01-10,Organic Search,Midwest
C02686,2024-01-10,Social Media,Northeast
C02687,2024-01-10,Organic Search,West
C02688,2024-01-11,Organic Search,Midwest
C02689,2024-01-11,Social Media,South
C02690,2024-01-11,Social Media,West
C02691,2024-01-11,Paid Search,West
C02692,2024-01-11,Paid Search,West
C02693,2024-01-11,Social Media,Northeast
C02694,2024-01-12,Social Media,Northeast
C02695,2024-01-12,Email,South
C02696,2024-01-12,Email,South
C02697,2024-01-12,Social Media,West
C02698,2024-01-12,Referral,Northeast
C02699,2024-01-12,Email,West
C02700,2024-01-12,Organic Search,West
C02701,2024-01-13,Referral,South
C02702,2024-01-13,Referral,Northeast
C02703,2024-01-13,Paid Search,West
C02704,2024-01-13,Organic Search,West
C02705,2024-01-13,Social Media,West
C02706,2024-01-13,Paid Search,SOUTH
C02707,2024-01-13,Social Media,South
C02708,2024-01-13,Paid Search,South
C02709,2024-01-14,Organic Search,Northeast
C02710,2024-01-14,Organic Search,South
C02711,2024-01-14,Referral,South
C02712,2024-01-14,Organic Search,Midwest
C02713,2024-01-15,Social Media,West
C02714,2024-01-15,Organic Search,West
C02715,2024-01-15,Paid Search,West
C02716,2024-01-15,Paid Search,South
C02717,2024-01-15,Organic Search,South
C02718,2024-01-15,Social Media,Midwest
C02719,2024-01-15,Social Media,West
C02720,2024-01-15,Organic Search,Northeast
C02721,2024-01-15,Paid Search,Midwest
C02722,2024-01-15,Social Media,South
C02723,2024-01-16,Social Media,Northeast
C02724,2024-01-16,Paid Search,South
C02725,2024-01-16,Email,West
C02726,2024-01-16,Organic Search,Midwest
C02727,2024-01-16,Organic Search,South
C02728,2024-01-16,Social Media,MIDWEST
C02729,2024-01-16,Social Media,West
C02730,2024-01-16,Email,West
C02731,2024-01-17,Organic Search,South
C02732,2024-01-17,Paid Search,WEST
C02733,2024-01-17,Social Media,West
C02734,2024-01-17,Organic Search,South
C02735,2024-01-17,Paid Search,West
C02736,2024-01-17,Social Media,South
C02737,2024-01-17,Organic Search,MIDWEST
C02738,2024-01-18,Paid Search,West
C02739,2024-01-18,Organic Search,West
C02740,2024-01-18,Referral,Northeast
C02741,2024-01-18,Organic Search,Northeast
C02742,2024-01-18,Organic Search,Midwest
C02743,2024-01-18,Organic Search,Midwest
C02744,2024-01-18,Organic Search,South
C02745,2024-01-18,Organic Search,West
C02746,2024-01-18,Social Media,Northeast
C02747,2024-01-18,Organic Search,South
C02748,2024-01-18,Organic Search,Northeast
C02749,2024-01-19,Organic Search,South
C02750,2024-01-19,Paid Search,Midwest
C02751,2024-01-19,Organic Search,Northeast
C02752,2024-01-19,Social Media,West
C02753,2024-01-20,Social Media,West
C02754,2024-01-20,Social Media,Midwest
C02755,2024-01-20,Organic Search,Northeast
C02756,2024-01-20,Referral,Northeast
C02757,2024-01-20,Social Media,Midwest
C02758,2024-01-20,Organic Search,South
C02759,2024-01-20,Paid Search,South
C02760,2024-01-20,Email,South
C02761,2024-01-20,Paid Search,Northeast
C02762,2024-01-20,Paid Search,Northeast
C02763,2024-01-20,Social Media,South
C02764,2024-01-20,Organic Search,Midwest
C02765,2024-01-20,Referral,South
C02766,2024-01-21,Organic Search,Northeast
C02767,2024-01-21,Organic Search,West
C02768,2024-01-21,Organic Search,WEST
C02769,2024-01-21,Paid Search,South
C02770,2024-01-22,Referral,Northeast
C02771,2024-01-22,Email,Northeast
C02772,2024-01-22,Referral,South
C02773,2024-01-22,Paid Search,West
C02774,2024-01-22,Paid Search,Northeast
C02775,2024-01-22,Paid Search,West
C02776,2024-01-22,Organic Search,Northeast
C02777,2024-01-22,Referral,West
C02778,2024-01-22,Paid Search,Midwest
C02779,2024-01-22,Paid Search,northeast
C02780,2024-01-22,Paid Search,South
C02781,2024-01-23,Email,Northeast
C02782,2024-01-23,Organic Search,West
C02783,2024-01-23,Social Media,Midwest
C02784,2024-01-24,Social Media,Northeast
C02785,2024-01-24,Email,South
C02786,2024-01-24,Organic Search,Northeast
C02787,2024-01-24,Organic Search,South
C02788,2024-01-24,Paid Search,Midwest
C02789,2024-01-24,Referral,Midwest
C02790,2024-01-24,Referral,Northeast
C02791,2024-01-24,Social Media,West
C02792,2024-01-24,Organic Search,Northeast
C02793,2024-01-24,Organic Search,West
C02794,2024-01-25,Social Media,South
C02795,2024-01-25,Organic Search,Midwest
C02796,2024-01-25,Social Media,South
C02797,2024-01-25,Email,South
C02798,2024-01-25,Paid Search,South
C02799,2024-01-25,Paid Search,Midwest
C02800,2024-01-25,Organic Search,Midwest
C02801,2024-01-25,Organic Search,WEST
C02802,2024-01-26,Social Media,South
C02803,2024-01-26,Paid Search,Northeast
C02804,2024-01-26,Organic Search,West
C02805,2024-01-27,Organic Search,Midwest
C02806,2024-01-27,Organic Search,Midwest
C02807,2024-01-27,Social Media,Northeast
C02808,2024-01-27,Social Media,South
C02809,2024-01-28,Paid Search,Northeast
C02810,2024-01-28,Paid Search,Midwest
C02811,2024-01-28,Organic Search, West 
C02812,2024-01-28,Paid Search,Midwest
C02813,2024-01-28,Organic Search,West
C02814,2024-01-28,Referral,Midwest
C02815,2024-01-29,Organic Search,Northeast
C02816,2024-01-29,Paid Search,South
C02817,2024-01-29,Organic Search,West
C02818,2024-01-29,Email,South
C02819,2024-01-29,Organic Search,West
C02820,2024-01-29,Referral,Midwest
C02821,2024-01-30,Organic Search,South
C02822,2024-01-30,Email,Midwest
C02823,2024-01-30,Social Media,SOUTH
C02824,2024-01-30,Organic Search,Northeast
C02825,2024-01-30,Organic Search,Midwest
C02826,2024-01-31,Paid Search,Northeast
C02827,2024-01-31,Email,Midwest
C02828,2024-01-31,Referral,Midwest
C02829,2024-01-31,Organic Search,Northeast
C02830,2024-01-31,Paid Search,
C02831,2024-01-31,Organic Search,South
C02832,2024-02-01,Organic Search,West
C02833,2024-02-01,Social Media, South 
C02834,2024-02-01,Paid Search,Midwest
C02835,2024-02-01,Organic Search,Northeast
C02836,2024-02-01,Referral,Northeast
C02837,2024-02-01,Social Media,Midwest
C02838,2024-02-01,Email,South
C02839,2024-02-01,Organic Search,Midwest
C02840,2024-02-02,Referral,South
C02841,2024-02-02,Social Media,West
C02842,2024-02-02,Paid Search,Northeast
C02843,2024-02-02,Organic Search,West
C02844,2024-02-02,Referral,Northeast
C02845,2024-02-02,Paid Search,Northeast
C02846,2024-02-02,Email,Midwest
C02847,2024-02-02,Social Media,South
C02848,2024-02-02,Email,South
C02849,2024-02-02,Social Media,South
C02850,2024-02-02,Referral,West
C02851,2024-02-03,Organic Search,South
C02852,2024-02-03,Organic Search,South
C02853,2024-02-03,Social Media,Midwest
C02854,2024-02-03,Paid Search,Midwest
C02855,2024-02-04,Social Media,Midwest
C02856,2024-02-04,Social Media,South
C02857,2024-02-04,Paid Search,West
C02858,2024-02-04,Email,South
C02859,2024-02-04,Paid Search,West
C02860,2024-02-04,Referral,West
C02861,2024-02-05,Organic Search,Midwest
C02862,2024-02-05,Social Media,Northeast
C02863,2024-02-05,Referral,South
C02864,2024-02-05,Organic Search,Northeast
C02865,2024-02-05,Paid Search,Midwest
C02866,2024-02-05,Paid Search,South
C02867,2024-02-05,Social Media,Northeast
C02868,2024-02-06,Paid Search,South
C02869,2024-02-06,Organic Search,South
C02870,2024-02-06,Referral,Midwest
C02871,2024-02-06,Organic Search,South
C02872,2024-02-07,Paid Search,Northeast
C02873,2024-02-07,Social Media,South
C02874,2024-02-07,Organic Search,Northeast
C02875,2024-02-07,Organic Search,Northeast
C02876,2024-02-07,Referral,Midwest
C02877,2024-02-08,Social Media,Midwest
C02878,2024-02-08,Organic Search,Northeast
C02879,2024-02-08,Email,West
C02880,2024-02-08,Paid Search,South
C02881,2024-02-08,Organic Search,Northeast
C02882,2024-02-08,Social Media,West
C02883,2024-02-08,Paid Search,South
C02884,2024-02-09,Organic Search,Midwest
C02885,2024-02-09,Referral,
C02886,2024-02-09,Organic Search,South
C02887,2024-02-09,Organic Search,Midwest
C02888,2024-02-09,Organic Search,West
C02889,2024-02-09,Email,Northeast
C02890,2024-02-09,Social Media,South
C02891,2024-02-09,Referral,West
C02892,2024-02-10,Organic Search,Northeast
C02893,2024-02-10,Email,South
C02894,2024-02-10,Social Media,Northeast
C02895,2024-02-10,Paid Search,South
C02896,2024-02-10,Organic Search,South
C02897,2024-02-10,Email,South
C02898,2024-02-10,Organic Search,South
C02899,2024-02-11,Social Media, South 
C02900,2024-02-11,Paid Search,Northeast
C02901,2024-02-11,Organic Search,West
C02902,2024-02-11,Referral,South
C02903,2024-02-11,Email,West
C02904,2024-02-11,Paid Search,South
C02905,2024-02-11,Social Media,West
C02906,2024-02-11,Paid Search,Midwest
C02907,2024-02-12,Social Media,Northeast
C02908,2024-02-12,Organic Search,Northeast
C02909,2024-02-12,Paid Search,South
C02910,2024-02-12,Paid Search,South
C02911,2024-02-12,Paid Search,Northeast
C02912,2024-02-12,Paid Search,West
C02913,2024-02-12,Organic Search,Northeast
C02914,2024-02-12,Referral,Midwest
C02915,2024-02-12,Organic Search,West
C02916,2024-02-13,Organic Search,Northeast
C02917,2024-02-13,Paid Search,West
C02918,2024-02-13,Social Media,South
C02919,2024-02-13,Organic Search,South
C02920,2024-02-13,Paid Search,Northeast
C02921,2024-02-14,Social Media,South
C02922,2024-02-14,Organic Search,Northeast
C02923,2024-02-14,Referral,Northeast
C02924,2024-02-14,Paid Search,WEST
C02925,2024-02-14,Social Media,West
C02926,2024-02-14,Organic Search,Northeast
C02927,2024-02-15,Social Media,West
C02928,2024-02-15,Email,Midwest
C02929,2024-02-15,Organic Search,South
C02930,2024-02-15,Organic Search,Midwest
C02931,2024-02-15,Organic Search,South
C02932,2024-02-15,Organic Search,South
C02933,2024-02-15,Referral,Northeast
C02934,2024-02-15,Social Media,South
C02935,2024-02-15,Social Media,South
C02936,2024-02-16,Referral,South
C02937,2024-02-16,Email,Northeast
C02938,2024-02-16,Email,West
C02939,2024-02-16,Paid Search,South
C02940,2024-02-16,Paid Search,West
C02941,2024-02-17,Organic Search,South
C02942,2024-02-17,Paid Search,Midwest
C02943,2024-02-17,Paid Search,South
C02944,2024-02-17,Organic Search,West
C02945,2024-02-17,Paid Search,West
C02946,2024-02-17,Paid Search,West
C02947,2024-02-17,Paid Search,Midwest
C02948,2024-02-18,Organic Search,West
C02949,2024-02-18,Paid Search,Northeast
C02950,2024-02-18,Paid Search,West
C02951,2024-02-18,Social Media,Northeast
C02952,2024-02-18,Social Media,West
C02953,2024-02-19,Organic Search,South
C02954,2024-02-19,Organic Search,South
C02955,2024-02-19,Paid Search,South
C02956,2024-02-19,Organic Search,Midwest
C02957,2024-02-19,Paid Search,Northeast
C02958,2024-02-19,Referral,South
C02959,2024-02-19,Organic Search,West
C02960,2024-02-20,Paid Search,Northeast
C02961,2024-02-20,Social Media,West
C02962,2024-02-20,Paid Search,West
C02963,2024-02-21,Organic Search,Northeast
C02964,2024-02-21,Organic Search,South
C02965,2024-02-22,Referral,West
C02966,2024-02-22,Organic Search,South
C02967,2024-02-22,Social Media,South
C02968,2024-02-22,Email,Northeast
C02969,2024-02-22,Organic Search,Northeast
C02970,2024-02-22,Social Media,Midwest
C02971,2024-02-22,Organic Search,South
C02972,2024-02-22,Organic Search,Northeast
C02973,2024-02-22,Paid Search,Midwest
C02974,2024-02-23,Referral,
C02975,2024-02-23,Organic Search,Midwest
C02976,2024-02-23,Organic Search,Midwest
C02977,2024-02-24,Referral,Northeast
C02978,2024-02-24,Organic Search,Midwest
C02979,2024-02-24,Referral,Northeast
C02980,2024-02-25,Social Media,West
C02981,2024-02-25,Social Media,Midwest
C02982,2024-02-25,Email,Midwest
C02983,2024-02-25,Social Media,South
C02984,2024-02-25,Organic Search,South
C02985,2024-02-25,Referral,South
C02986,2024-02-25,Referral,Midwest
C02987,2024-02-25,Referral,South
C02988,2024-02-26,Social Media,South
C02989,2024-02-26,Paid Search,West
C02990,2024-02-26,Paid Search,South
C02991,2024-02-26,Organic Search,Midwest
C02992,2024-02-26,Paid Search,West
C02993,2024-02-27,Social Media,South
C02994,2024-02-27,Social Media,South
C02995,2024-02-27,Paid Search,Northeast
C02996,2024-02-27,Paid Search,Northeast
C02997,2024-02-27,Social Media,WEST
C02998,2024-02-28,Paid Search,West
C02999,2024-02-28,Referral,Midwest
C03000,2024-02-28,Social Media,Northeast
C03001,2024-02-28,Organic Search,Northeast
C03002,2024-02-28,Organic Search,West
C03003,2024-02-28,Social Media,Midwest
C03004,2024-02-28,Paid Search,Northeast
C03005,2024-02-29,Email,West
C03006,2024-02-29,Organic Search,Midwest
C03007,2024-02-29,Organic Search,Midwest
C03008,2024-02-29,Paid Search,Northeast
C03009,2024-02-29,Social Media,Northeast
C03010,2024-02-29,Referral,West
C03011,2024-02-29,Referral,West
C03012,2024-02-29,Paid Search,South
C03013,2024-02-29,Email,West
C03014,2024-02-29,Organic Search,West
C03015,2024-03-01,Social Media,West
C03016,2024-03-01,Referral,Midwest
C03017,2024-03-01,Paid Search,SOUTH
C03018,2024-03-01,Referral,Midwest
C03019,2024-03-01,Organic Search,South
C03020,2024-03-01,Organic Search,South
C03021,2024-03-01,Paid Search,south
C03022,2024-03-01,Referral,West
C03023,2024-03-02,Paid Search, West 
C03024,2024-03-02,Email,South
C03025,2024-03-02,Organic Search,Northeast
C03026,2024-03-02,Social Media,West
C03027,2024-03-02,Social Media,South
C03028,2024-03-02,Organic Search,West
C03029,2024-03-02,Social Media,South
C03030,2024-03-03,Social Media,South
C03031,2024-03-03,Paid Search,South
C03032,2024-03-03,Organic Search,Northeast
C03033,2024-03-03,Organic Search,Northeast
C03034,2024-03-03,Referral,Midwest
C03035,2024-03-03,Social Media,Northeast
C03036,2024-03-03,Email,West
C03037,2024-03-03,Social Media,South
C03038,2024-03-04,Email,South
C03039,2024-03-04,Organic Search,Northeast
C03040,2024-03-04,Paid Search,South
C03041,2024-03-04,Social Media,South
C03042,2024-03-04,Organic Search,Midwest
C03043,2024-03-04,Organic Search,South
C03044,2024-03-04,Social Media,South
C03045,2024-03-04,Referral,Midwest
C03046,2024-03-04,Social Media,South
C03047,2024-03-05,Organic Search,West
C03048,2024-03-05,Referral,South
C03049,2024-03-05,Organic Search,West
C03050,2024-03-05,Organic Search,Midwest
C03051,2024-03-05,Referral,Northeast
C03052,2024-03-05,Email,West
C03053,2024-03-05,Referral,South
C03054,2024-03-06,Email,West
C03055,2024-03-06,Social Media,Northeast
C03056,2024-03-06,Organic Search,South
C03057,2024-03-06,Paid Search,South
C03058,2024-03-06,Referral,Northeast
C03059,2024-03-06,Referral,Midwest
C03060,2024-03-06,Paid Search,Midwest
C03061,2024-03-06,Paid Search,Midwest
C03062,2024-03-06,Organic Search,West
C03063,2024-03-07,Paid Search,Northeast
C03064,2024-03-07,Referral,Midwest
C03065,2024-03-07,Organic Search,South
C03066,2024-03-07,Paid Search,West
C03067,2024-03-07,Referral,South
C03068,2024-03-07,Paid Search,Midwest
C03069,2024-03-07,Paid Search,Midwest
C03070,2024-03-08,Paid Search,Northeast
C03071,2024-03-08,Organic Search,South
C03072,2024-03-08,Organic Search,Midwest
C03073,2024-03-08,Organic Search,South
C03074,2024-03-08,Organic Search,South
C03075,2024-03-08,Organic Search,Northeast
C03076,2024-03-08,Paid Search,Northeast
C03077,2024-03-08,Organic Search,Midwest
C03078,2024-03-08,Referral,South
C03079,2024-03-09,Organic Search,West
C03080,2024-03-09,Paid Search,West
C03081,2024-03-09,Referral,South
C03082,2024-03-09,Organic Search,Midwest
C03083,2024-03-09,Paid Search,West
C03084,2024-03-09,Email,South
C03085,2024-03-09,Social Media,West
C03086,2024-03-10,Organic Search,Northeast
C03087,2024-03-10,Social Media,Midwest
C03088,2024-03-10,Social Media,South
C03089,2024-03-10,Paid Search,South
C03090,2024-03-10,Organic Search,Midwest
C03091,2024-03-10,Organic Search,West
C03092,2024-03-10,Email,West
C03093,2024-03-10,Paid Search,South
C03094,2024-03-10,Organic Search,Midwest
C03095,2024-03-10,Paid Search,Northeast
C03096,2024-03-10,Referral,South
C03097,2024-03-10,Organic Search,South
C03098,2024-03-10,Organic Search,South
C03099,2024-03-10,Paid Search,South
C03100,2024-03-11,Social Media,South
C03101,2024-03-11,Paid Search,South
C03102,2024-03-11,Referral,South
C03103,2024-03-11,Organic Search,West
C03104,2024-03-11,Paid Search,West
C03105,2024-03-11,Paid Search,West
C03106,2024-03-11,Paid Search,Midwest
C03107,2024-03-11,Paid Search,South
C03108,2024-03-11,Email,Midwest
C03109,2024-03-12,Paid Search,Midwest
C03110,2024-03-12,Social Media,Midwest
C03111,2024-03-12,Organic Search,South
C03112,2024-03-12,Social Media,South
C03113,2024-03-12,Paid Search,Northeast
C03114,2024-03-12,Paid Search,
C03115,2024-03-13,Organic Search,South
C03116,2024-03-13,Referral,South
C03117,2024-03-13,Referral,Northeast
C03118,2024-03-13,Email,Northeast
C03119,2024-03-13,Referral,South
C03120,2024-03-13,Organic Search,Midwest
C03121,2024-03-13,Paid Search,Northeast
C03122,2024-03-13,Paid Search,South
C03123,2024-03-13,Referral,West
C03124,2024-03-13,Organic Search,South
C03125,2024-03-13,Organic Search,Midwest
C03126,2024-03-13,Social Media,Northeast
C03127,2024-03-14,Organic Search,Northeast
C03128,2024-03-14,Social Media,Northeast
C03129,2024-03-14,Organic Search,South
C03130,2024-03-14,Social Media,Midwest
C03131,2024-03-14,Referral,Midwest
C03132,2024-03-14,Social Media,Northeast
C03133,2024-03-14,Organic Search,West
C03134,2024-03-14,Organic Search,South
C03135,2024-03-15,Organic Search,South
C03136,2024-03-15,Organic Search,South
C03137,2024-03-15,Social Media,West
C03138,2024-03-15,Paid Search,Northeast
C03139,2024-03-15,Organic Search,Midwest
C03140,2024-03-15,Organic Search,South
C03141,2024-03-15,Referral,South
C03142,2024-03-16,Organic Search,South
C03143,2024-03-16,Paid Search,Midwest
C03144,2024-03-16,Paid Search,Northeast
C03145,2024-03-16,Organic Search,West
C03146,2024-03-16,Referral,West
C03147,2024-03-16,Organic Search,West
C03148,2024-03-17,Social Media,South
C03149,2024-03-17,Social Media,South
C03150,2024-03-17,Email,SOUTH
C03151,2024-03-18,Social Media,South
C03152,2024-03-18,Email,West
C03153,2024-03-18,Paid Search,South
C03154,2024-03-18,Paid Search,Northeast
C03155,2024-03-18,Social Media,West
C03156,2024-03-18,Social Media,west
C03157,2024-03-18,Paid Search,Midwest
C03158,2024-03-18,Organic Search,South
C03159,2024-03-18,Organic Search,Northeast
C03160,2024-03-19,Paid Search,South
C03161,2024-03-19,Organic Search,Northeast
C03162,2024-03-19,Paid Search,West
C03163,2024-03-20,Organic Search,South
C03164,2024-03-20,Social Media,South
C03165,2024-03-20,Social Media,Northeast
C03166,2024-03-20,Social Media,Northeast
C03167,2024-03-20,Social Media,
C03168,2024-03-20,Organic Search,West
C03169,2024-03-20,Organic Search,Northeast
C03170,2024-03-20,Social Media,West
C03171,2024-03-20,Email,South
C03172,2024-03-20,Social Media,West
C03173,2024-03-20,Social Media,West
C03174,2024-03-21,Social Media,Midwest
C03175,2024-03-21,Social Media,West
C03176,2024-03-21,Social Media,West
C03177,2024-03-21,Social Media,Midwest
C03178,2024-03-21,Organic Search,Midwest
C03179,2024-03-21,Organic Search,South
C03180,2024-03-21,Paid Search,Midwest
C03181,2024-03-21,Paid Search,South
C03182,2024-03-21,Email,Midwest
C03183,2024-03-21,Paid Search,SOUTH
C03184,2024-03-22,Organic Search,West
C03185,2024-03-22,Email,Midwest
C03186,2024-03-22,Organic Search,South
C03187,2024-03-22,Email,Midwest
C03188,2024-03-22,Organic Search,West
C03189,2024-03-22,Paid Search,South
C03190,2024-03-22,Paid Search,Midwest
C03191,2024-03-22,Organic Search,West
C03192,2024-03-23,Organic Search,Midwest
C03193,2024-03-23,Organic Search,Midwest
C03194,2024-03-23,Paid Search,South
C03195,2024-03-23,Paid Search,South
C03196,2024-03-23,Email,West
C03197,2024-03-23,Organic Search,West
C03198,2024-03-23,Paid Search,South
C03199,2024-03-23,Organic Search,West
C03200,2024-03-23,Referral,Northeast
C03201,2024-03-23,Email, South 
C03202,2024-03-24,Referral,Northeast
C03203,2024-03-24,Referral,West
C03204,2024-03-24,Paid Search,South
C03205,2024-03-24,Social Media,South
C03206,2024-03-24,Paid Search,South
C03207,2024-03-24,Referral,Northeast
C03208,2024-03-25,Paid Search,South
C03209,2024-03-25,Paid Search,Midwest
C03210,2024-03-25,Referral,Northeast
C03211,2024-03-25,Email,South
C03212,2024-03-25,Referral,Midwest
C03213,2024-03-25,Organic Search,Midwest
C03214,2024-03-25,Organic Search,South
C03215,2024-03-25,Paid Search,Midwest
C03216,2024-03-26,Paid Search,South
C03217,2024-03-26,Paid Search,Northeast
C03218,2024-03-26,Organic Search,South
C03219,2024-03-26,Email,Northeast
C03220,2024-03-26,Organic Search,Midwest
C03221,2024-03-26,Social Media,Midwest
C03222,2024-03-27,Referral,MIDWEST
C03223,2024-03-27,Social Media,South
C03224,2024-03-27,Paid Search,Northeast
C03225,2024-03-27,Organic Search,South
C03226,2024-03-27,Organic Search,South
C03227,2024-03-27,Social Media,South
C03228,2024-03-27,Paid Search,Midwest
C03229,2024-03-28,Organic Search,Northeast
C03230,2024-03-28,Referral,South
C03231,2024-03-28,Social Media,Midwest
C03232,2024-03-28,Email,Northeast
C03233,2024-03-28,Paid Search,South
C03234,2024-03-28,Referral,West
C03235,2024-03-28,Organic Search,Northeast
C03236,2024-03-28,Organic Search,Northeast
C03237,2024-03-28,Referral,West
C03238,2024-03-28,Referral,West
C03239,2024-03-28,Paid Search,South
C03240,2024-03-28,Organic Search,West
C03241,2024-03-28,Paid Search,West
C03242,2024-03-29,Email,South
C03243,2024-03-29,Email,South
C03244,2024-03-29,Paid Search,Northeast
C03245,2024-03-29,Organic Search,West
C03246,2024-03-29,Social Media,West
C03247,2024-03-29,Social Media,South
C03248,2024-03-30,Paid Search,Midwest
C03249,2024-03-30,Social Media,South
C03250,2024-03-30,Referral,West
C03251,2024-03-30,Organic Search,South
C03252,2024-03-30,Social Media,Northeast
C03253,2024-03-30,Social Media,West
C03254,2024-03-30,Paid Search,West
C03255,2024-03-30,Referral,Midwest
C03256,2024-03-31,Social Media,Northeast
C03257,2024-03-31,Paid Search,West
C03258,2024-03-31,Organic Search,West
C03259,2024-03-31,Social Media,Midwest
C03260,2024-03-31,Organic Search,Midwest
C03261,2024-03-31,Organic Search,Northeast
C03262,2024-03-31,Paid Search,Northeast
C03263,2024-03-31,Social Media,Midwest
C03264,2024-03-31,Referral,Midwest
C03265,2024-04-01,Social Media,South
C03266,2024-04-01,Email,Midwest
C03267,2024-04-01,Paid Search,Northeast
C03268,2024-04-01,Paid Search,West
C03269,2024-04-01,Referral,West
C03270,2024-04-01,Paid Search,West
C03271,2024-04-01,Email,Northeast
C03272,2024-04-01,Paid Search,Northeast
C03273,2024-04-01,Organic Search,South
C03274,2024-04-02,Social Media,Northeast
C03275,2024-04-02,Organic Search,South
C03276,2024-04-02,Organic Search,West
C03277,2024-04-02,Organic Search,West
C03278,2024-04-02,Organic Search,Northeast
C03279,2024-04-02,Paid Search,South
C03280,2024-04-02,Referral,South
C03281,2024-04-03,Paid Search,South
C03282,2024-04-03,Email,Northeast
C03283,2024-04-03,Social Media,Midwest
C03284,2024-04-03,Organic Search,Northeast
C03285,2024-04-03,Organic Search,Northeast
C03286,2024-04-03,Referral,West
C03287,2024-04-04,Social Media,South
C03288,2024-04-04,Referral,Midwest
C03289,2024-04-04,Paid Search,West
C03290,2024-04-04,Social Media,South
C03291,2024-04-04,Email,West
C03292,2024-04-04,Referral,northeast
C03293,2024-04-04,Organic Search,South
C03294,2024-04-04,Referral,South
C03295,2024-04-04,Paid Search,Northeast
C03296,2024-04-04,Email,South
C03297,2024-04-05,Paid Search,West
C03298,2024-04-05,Social Media,Midwest
C03299,2024-04-05,Paid Search,Midwest
C03300,2024-04-05,Email,West
C03301,2024-04-05,Organic Search,South
C03302,2024-04-05,Paid Search,West
C03303,2024-04-06,Social Media,South
C03304,2024-04-06,Social Media,Midwest
C03305,2024-04-06,Paid Search,Northeast
C03306,2024-04-06,Social Media,West
C03307,2024-04-07,Paid Search,Northeast
C03308,2024-04-07,Social Media,West
C03309,2024-04-08,Social Media,West
C03310,2024-04-08,Social Media,Midwest
C03311,2024-04-08,Email,South
C03312,2024-04-08,Paid Search,South
C03313,2024-04-08,Organic Search,Midwest
C03314,2024-04-08,Social Media,West
C03315,2024-04-09,Organic Search,South
C03316,2024-04-09,Organic Search,South
C03317,2024-04-09,Email,West
C03318,2024-04-09,Paid Search,West
C03319,2024-04-09,Paid Search,West
C03320,2024-04-10,Referral,South
C03321,2024-04-10,Organic Search,West
C03322,2024-04-10,Organic Search,Northeast
C03323,2024-04-10,Organic Search,Midwest
C03324,2024-04-10,Organic Search,Northeast
C03325,2024-04-10,Social Media,Northeast
C03326,2024-04-10,Email,Northeast
C03327,2024-04-10,Social Media,South
C03328,2024-04-11,Organic Search,South
C03329,2024-04-11,Paid Search,South
C03330,2024-04-11,Organic Search,West
C03331,2024-04-11,Social Media,Midwest
C03332,2024-04-11,Social Media,South
C03333,2024-04-11,Organic Search,Midwest
C03334,2024-04-11,Email,South
C03335,2024-04-12,Email,West
C03336,2024-04-12,Paid Search,West
C03337,2024-04-12,Social Media,South
C03338,2024-04-12,Social Media,West
C03339,2024-04-12,Organic Search,Northeast
C03340,2024-04-12,Organic Search,West
C03341,2024-04-12,Social Media,midwest
C03342,2024-04-13,Referral,Midwest
C03343,2024-04-13,Social Media,West
C03344,2024-04-13,Social Media,Midwest
C03345,2024-04-13,Social Media,South
C03346,2024-04-13,Paid Search,South
C03347,2024-04-13,Organic Search,West
C03348,2024-04-13,Paid Search,West
C03349,2024-04-13,Referral,West
C03350,2024-04-13,Email,West
C03351,2024-04-13,Referral,Midwest
C03352,2024-04-13,Organic Search,
C03353,2024-04-13,Paid Search,Northeast
C03354,2024-04-13,Social Media,West
C03355,2024-04-14,Organic Search,West
C03356,2024-04-14,Organic Search,South
C03357,2024-04-14,Email,South
C03358,2024-04-14,Social Media,West
C03359,2024-04-14,Social Media,Northeast
C03360,2024-04-14,Organic Search,West
C03361,2024-04-14,Paid Search,South
C03362,2024-04-14,Organic Search,Northeast
C03363,2024-04-14,Organic Search,Northeast
C03364,2024-04-15,Paid Search,Midwest
C03365,2024-04-15,Paid Search,West
C03366,2024-04-15,Referral,Northeast
C03367,2024-04-15,Paid Search,West
C03368,2024-04-15,Organic Search,Northeast
C03369,2024-04-15,Organic Search,West
C03370,2024-04-16,Social Media,South
C03371,2024-04-16,Organic Search,Midwest
C03372,2024-04-16,Organic Search,Northeast
C03373,2024-04-16,Paid Search,Northeast
C03374,2024-04-16,Organic Search,West
C03375,2024-04-16,Social Media,Northeast
C03376,2024-04-16,Paid Search,South
C03377,2024-04-16,Organic Search,South
C03378,2024-04-16,Email,South
C03379,2024-04-16,Paid Search,South
C03380,2024-04-16,Social Media,South
C03381,2024-04-16,Organic Search,Northeast
C03382,2024-04-17,Social Media,South
C03383,2024-04-17,Organic Search,Midwest
C03384,2024-04-17,Paid Search,Midwest
C03385,2024-04-17,Organic Search,South
C03386,2024-04-17,Referral,Northeast
C03387,2024-04-17,Organic Search,
C03388,2024-04-17,Referral,Midwest
C03389,2024-04-17,Referral,West
C03390,2024-04-17,Paid Search,West
C03391,2024-04-17,Paid Search,South
C03392,2024-04-17,Paid Search,Midwest
C03393,2024-04-18,Referral,South
C03394,2024-04-18,Social Media,Midwest
C03395,2024-04-18,Paid Search,South
C03396,2024-04-18,Organic Search,Northeast
C03397,2024-04-18,Email,West
C03398,2024-04-18,Organic Search,South
C03399,2024-04-18,Organic Search,South
C03400,2024-04-18,Organic Search,South
C03401,2024-04-18,Paid Search,Northeast
C03402,2024-04-18,Referral,Northeast
C03403,2024-04-19,Email,South
C03404,2024-04-19,Organic Search,West
C03405,2024-04-19,Paid Search,South
C03406,2024-04-19,Email,Northeast
C03407,2024-04-19,Paid Search,Northeast
C03408,2024-04-19,Organic Search,Midwest
C03409,2024-04-19,Paid Search,Midwest
C03410,2024-04-19,Social Media,West
C03411,2024-04-19,Referral,South
C03412,2024-04-20,Social Media,Midwest
C03413,2024-04-20,Organic Search,south
C03414,2024-04-20,Social Media,South
C03415,2024-04-20,Organic Search,South
C03416,2024-04-20,Referral,Northeast
C03417,2024-04-20,Paid Search,Northeast
C03418,2024-04-21,Organic Search,Midwest
C03419,2024-04-21,Paid Search,West
C03420,2024-04-21,Organic Search,South
C03421,2024-04-21,Organic Search,West
C03422,2024-04-21,Social Media,Northeast
C03423,2024-04-22,Email,South
C03424,2024-04-22,Email,Midwest
C03425,2024-04-22,Paid Search,West
C03426,2024-04-22,Organic Search,Northeast
C03427,2024-04-22,Paid Search,Midwest
C03428,2024-04-22,Paid Search,West
C03429,2024-04-22,Organic Search,Northeast
C03430,2024-04-22,Referral,West
C03431,2024-04-22,Referral,Northeast
C03432,2024-04-23,Organic Search,Midwest
C03433,2024-04-23,Email,West
C03434,2024-04-23,Social Media,South
C03435,2024-04-23,Organic Search,Midwest
C03436,2024-04-23,Social Media,Midwest
C03437,2024-04-23,Organic Search,Northeast
C03438,2024-04-23,Organic Search,Midwest
C03439,2024-04-23,Referral,West
C03440,2024-04-23,Social Media,West
C03441,2024-04-23,Organic Search,West
C03442,2024-04-23,Paid Search,South
C03443,2024-04-23,Referral,West
C03444,2024-04-23,Paid Search,Northeast
C03445,2024-04-24,Referral,South
C03446,2024-04-24,Referral,South
C03447,2024-04-24,Paid Search,Northeast
C03448,2024-04-24,Social Media,Northeast
C03449,2024-04-24,Social Media,Midwest
C03450,2024-04-24,Email,South
C03451,2024-04-24,Paid Search,Midwest
C03452,2024-04-24,Organic Search,South
C03453,2024-04-24,Organic Search,South
C03454,2024-04-24,Social Media,Northeast
C03455,2024-04-24,Email,West
C03456,2024-04-24,Email,Northeast
C03457,2024-04-25,Social Media,South
C03458,2024-04-25,Organic Search,South
C03459,2024-04-25,Organic Search,West
C03460,2024-04-25,Email,South
C03461,2024-04-25,Paid Search,SOUTH
C03462,2024-04-25,Email,South
C03463,2024-04-25,Organic Search,South
C03464,2024-04-25,Paid Search,Northeast
C03465,2024-04-26,Referral,South
C03466,2024-04-26,Organic Search,Northeast
C03467,2024-04-26,Organic Search,West
C03468,2024-04-26,Social Media,West
C03469,2024-04-27,Social Media,West
C03470,2024-04-27,Referral,Northeast
C03471,2024-04-27,Referral,Midwest
C03472,2024-04-27,Social Media,South
C03473,2024-04-27,Organic Search,Northeast
C03474,2024-04-27,Paid Search, South 
C03475,2024-04-27,Referral,West
C03476,2024-04-27,Paid Search,West
C03477,2024-04-27,Referral,South
C03478,2024-04-27,Social Media,South
C03479,2024-04-27,Organic Search,South
C03480,2024-04-27,Paid Search,South
C03481,2024-04-28,Social Media,West
C03482,2024-04-28,Organic Search,South
C03483,2024-04-28,Paid Search,Northeast
C03484,2024-04-28,Social Media,Midwest
C03485,2024-04-28,Organic Search,South
C03486,2024-04-28,Paid Search,South
C03487,2024-04-28,Social Media,West
C03488,2024-04-29,Email,Midwest
C03489,2024-04-29,Paid Search,West
C03490,2024-04-29,Referral,South
C03491,2024-04-29,Referral,Midwest
C03492,2024-04-29,Paid Search,West
C03493,2024-04-29,Organic Search,West
C03494,2024-04-29,Email,Midwest
C03495,2024-04-29,Organic Search,Midwest
C03496,2024-04-30,Email,West
C03497,2024-04-30,Social Media,South
C03498,2024-04-30,Paid Search,West
C03499,2024-04-30,Social Media,South
C03500,2024-04-30,Paid Search,West
C03501,2024-04-30,Referral,South
C03502,2024-04-30,Organic Search,Northeast
C03503,2024-05-01,Referral,Northeast
C03504,2024-05-01,Organic Search,Midwest
C03505,2024-05-01,Email,Midwest
C03506,2024-05-01,Referral,South
C03507,2024-05-01,Paid Search,South
C03508,2024-05-01,Organic Search,West
C03509,2024-05-02,Email,South
C03510,2024-05-02,Email,South
C03511,2024-05-02,Paid Search,Northeast
C03512,2024-05-02,Paid Search,West
C03513,2024-05-02,Email,South
C03514,2024-05-02,Organic Search,West
C03515,2024-05-02,Social Media,Midwest
C03516,2024-05-02,Paid Search,Northeast
C03517,2024-05-02,Organic Search,South
C03518,2024-05-02,Email,West
C03519,2024-05-02,Paid Search,Midwest
C03520,2024-05-02,Referral,South
C03521,2024-05-03,Social Media,Northeast
C03522,2024-05-03,Paid Search,Northeast
C03523,2024-05-03,Paid Search,Northeast
C03524,2024-05-03,Paid Search,South
C03525,2024-05-04,Email,Midwest
C03526,2024-05-04,Social Media,South
C03527,2024-05-04,Email,South
C03528,2024-05-04,Paid Search,south
C03529,2024-05-05,Organic Search,West
C03530,2024-05-05,Organic Search,South
C03531,2024-05-05,Email,Northeast
C03532,2024-05-05,Paid Search,Midwest
C03533,2024-05-05,Paid Search,South
C03534,2024-05-05,Paid Search,Northeast
C03535,2024-05-05,Paid Search,Midwest
C03536,2024-05-05,Social Media,South
C03537,2024-05-05,Social Media,Northeast
C03538,2024-05-06,Referral,Midwest
C03539,2024-05-06,Organic Search,Northeast
C03540,2024-05-06,Social Media,West
C03541,2024-05-06,Organic Search,Midwest
C03542,2024-05-06,Email,northeast
C03543,2024-05-06,Social Media,South
C03544,2024-05-07,Paid Search,South
C03545,2024-05-07,Email,West
C03546,2024-05-07,Paid Search,West
C03547,2024-05-07,Organic Search,South
C03548,2024-05-07,Paid Search,South
C03549,2024-05-07,Organic Search,Midwest
C03550,2024-05-07,Referral,Northeast
C03551,2024-05-07,Social Media,West
C03552,2024-05-07,Email,South
C03553,2024-05-07,Referral,South
C03554,2024-05-08,Email,South
C03555,2024-05-08,Paid Search,Northeast
C03556,2024-05-08,Organic Search,South
C03557,2024-05-08,Paid Search,Midwest
C03558,2024-05-08,Referral,South
C03559,2024-05-08,Referral,South
C03560,2024-05-09,Email,Midwest
C03561,2024-05-09,Organic Search,West
C03562,2024-05-09,Organic Search,West
C03563,2024-05-09,Referral,South
C03564,2024-05-09,Organic Search,Northeast
C03565,2024-05-09,Social Media,West
C03566,2024-05-09,Paid Search,Midwest
C03567,2024-05-09,Paid Search,Northeast
C03568,2024-05-09,Social Media,Midwest
C03569,2024-05-09,Referral,Northeast
C03570,2024-05-10,Email,Northeast
C03571,2024-05-10,Paid Search,Northeast
C03572,2024-05-10,Paid Search,West
C03573,2024-05-10,Referral,Northeast
C03574,2024-05-10,Social Media,Northeast
C03575,2024-05-10,Paid Search,South
C03576,2024-05-10,Social Media,Northeast
C03577,2024-05-11,Organic Search,South
C03578,2024-05-11,Organic Search,West
C03579,2024-05-11,Referral,South
C03580,2024-05-11,Social Media,South
C03581,2024-05-11,Organic Search,South
C03582,2024-05-11,Organic Search,South
C03583,2024-05-12,Referral,South
C03584,2024-05-12,Social Media,South
C03585,2024-05-12,Social Media,WEST
C03586,2024-05-12,Organic Search,West
C03587,2024-05-12,Referral,Midwest
C03588,2024-05-12,Referral,Northeast
C03589,2024-05-12,Paid Search,South
C03590,2024-05-12,Paid Search,West
C03591,2024-05-12,Social Media,West
C03592,2024-05-12,Email,West
C03593,2024-05-13,Email,West
C03594,2024-05-13,Referral,Northeast
C03595,2024-05-13,Social Media,Northeast
C03596,2024-05-13,Paid Search,West
C03597,2024-05-13,Paid Search,Northeast
C03598,2024-05-13,Email,South
C03599,2024-05-13,Organic Search,Midwest
C03600,2024-05-13,Organic Search,Midwest
C03601,2024-05-14,Social Media,South
C03602,2024-05-14,Paid Search,Northeast
C03603,2024-05-14,Email,Northeast
C03604,2024-05-14,Organic Search,West
C03605,2024-05-14,Paid Search,South
C03606,2024-05-14,Organic Search,Northeast
C03607,2024-05-14,Social Media,West
C03608,2024-05-14,Email,South
C03609,2024-05-14,Paid Search,Northeast
C03610,2024-05-14,Paid Search,West
C03611,2024-05-15,Organic Search,South
C03612,2024-05-15,Social Media,Midwest
C03613,2024-05-15,Referral,South
C03614,2024-05-15,Email,West
C03615,2024-05-15,Organic Search,Northeast
C03616,2024-05-15,Social Media,South
C03617,2024-05-15,Organic Search,Northeast
C03618,2024-05-16,Organic Search,Northeast
C03619,2024-05-16,Organic Search,West
C03620,2024-05-16,Organic Search,West
C03621,2024-05-16,Organic Search,Midwest
C03622,2024-05-16,Email,Midwest
C03623,2024-05-16,Organic Search,South
C03624,2024-05-16,Email,West
C03625,2024-05-16,Referral,West
C03626,2024-05-16,Social Media,Midwest
C03627,2024-05-16,Paid Search,Northeast
C03628,2024-05-16,Email,West
C03629,2024-05-17,Organic Search,Midwest
C03630,2024-05-17,Paid Search,West
C03631,2024-05-17,Paid Search,South
C03632,2024-05-17,Email,Northeast
C03633,2024-05-17,Email,West
C03634,2024-05-17,Email,Northeast
C03635,2024-05-17,Social Media,West
C03636,2024-05-17,Paid Search,Northeast
C03637,2024-05-17,Email,Midwest
C03638,2024-05-17,Referral,South
C03639,2024-05-18,Paid Search,West
C03640,2024-05-18,Referral,Northeast
C03641,2024-05-18,Referral,South
C03642,2024-05-18,Paid Search,Northeast
C03643,2024-05-18,Organic Search,West
C03644,2024-05-18,Organic Search,South
C03645,2024-05-18,Email,Midwest
C03646,2024-05-18,Organic Search,West
C03647,2024-05-18,Paid Search,SOUTH
C03648,2024-05-18,Social Media,South
C03649,2024-05-18,Referral,Northeast
C03650,2024-05-19,Email,Midwest
C03651,2024-05-19,Email,West
C03652,2024-05-19,Paid Search,South
C03653,2024-05-19,Organic Search,South
C03654,2024-05-19,Social Media,Northeast
C03655,2024-05-19,Organic Search,West
C03656,2024-05-19,Social Media,West
C03657,2024-05-19,Referral,West
C03658,2024-05-20,Social Media,West
C03659,2024-05-20,Social Media,Northeast
C03660,2024-05-20,Social Media,West
C03661,2024-05-20,Email,South
C03662,2024-05-20,Paid Search,West
C03663,2024-05-20,Paid Search,West
C03664,2024-05-20,Organic Search,West
C03665,2024-05-20,Social Media,South
C03666,2024-05-20,Organic Search,South
C03667,2024-05-20,Paid Search,West
C03668,2024-05-21,Email,South
C03669,2024-05-21,Organic Search,Northeast
C03670,2024-05-21,Social Media,West
C03671,2024-05-21,Organic Search,south
C03672,2024-05-21,Organic Search,Northeast
C03673,2024-05-21,Organic Search,West
C03674,2024-05-21,Organic Search,South
C03675,2024-05-21,Referral,Northeast
C03676,2024-05-21,Referral,West
C03677,2024-05-21,Social Media,Midwest
C03678,2024-05-21,Social Media,South
C03679,2024-05-21,Email,Midwest
C03680,2024-05-21,Referral,Northeast
C03681,2024-05-21,Paid Search,South
C03682,2024-05-22,Organic Search,West
C03683,2024-05-22,Social Media,Northeast
C03684,2024-05-22,Referral,West
C03685,2024-05-22,Organic Search,West
C03686,2024-05-22,Paid Search,Midwest
C03687,2024-05-22,Paid Search,Northeast
C03688,2024-05-22,Paid Search,Midwest
C03689,2024-05-22,Social Media,Midwest
C03690,2024-05-23,Paid Search,Northeast
C03691,2024-05-23,Referral,Northeast
C03692,2024-05-23,Email,Northeast
C03693,2024-05-23,Organic Search,Midwest
C03694,2024-05-23,Email,Northeast
C03695,2024-05-23,Email,
C03696,2024-05-24,Paid Search,West
C03697,2024-05-24,Paid Search,South
C03698,2024-05-24,Email,Midwest
C03699,2024-05-24,Paid Search,Northeast
C03700,2024-05-24,Organic Search,West
C03701,2024-05-24,Paid Search,South
C03702,2024-05-24,Organic Search,West
C03703,2024-05-24,Social Media,West
C03704,2024-05-24,Organic Search,Northeast
C03705,2024-05-24,Social Media,Northeast
C03706,2024-05-25,Paid Search,West
C03707,2024-05-25,Email,South
C03708,2024-05-25,Paid Search,West
C03709,2024-05-25,Referral,West
C03710,2024-05-25,Referral,Midwest
C03711,2024-05-25,Organic Search,Midwest
C03712,2024-05-26,Social Media,Northeast
C03713,2024-05-26,Organic Search,South
C03714,2024-05-26,Email,South
C03715,2024-05-26,Social Media,Midwest
C03716,2024-05-26,Organic Search,Midwest
C03717,2024-05-26,Organic Search,South
C03718,2024-05-26,Paid Search,Northeast
C03719,2024-05-26,Email,West
C03720,2024-05-26,Email,South
C03721,2024-05-27,Organic Search,Midwest
C03722,2024-05-27,Paid Search,Midwest
C03723,2024-05-27,Paid Search,Midwest
C03724,2024-05-27,Social Media,South
C03725,2024-05-27,Organic Search,West
C03726,2024-05-27,Paid Search,Midwest
C03727,2024-05-27,Referral,Northeast
C03728,2024-05-27,Paid Search,West
C03729,2024-05-27,Social Media,West
C03730,2024-05-27,Paid Search,South
C03731,2024-05-27,Paid Search,Northeast
C03732,2024-05-27,Social Media,Midwest
C03733,2024-05-27,Organic Search,South
C03734,2024-05-28,Organic Search,South
C03735,2024-05-28,Referral,WEST
C03736,2024-05-28,Referral,West
C03737,2024-05-28,Social Media,West
C03738,2024-05-28,Organic Search,South
C03739,2024-05-28,Organic Search,Northeast
C03740,2024-05-28,Organic Search,South
C03741,2024-05-28,Referral,Northeast
C03742,2024-05-28,Email,West
C03743,2024-05-29,Paid Search,West
C03744,2024-05-29,Referral,West
C03745,2024-05-29,Organic Search,Northeast
C03746,2024-05-29,Social Media,West
C03747,2024-05-29,Organic Search,West
C03748,2024-05-29,Paid Search,West
C03749,2024-05-29,Referral,WEST
C03750,2024-05-29,Referral,West
C03751,2024-05-30,Organic Search,West
C03752,2024-05-30,Organic Search,West
C03753,2024-05-30,Social Media,South
C03754,2024-05-30,Organic Search,Northeast
C03755,2024-05-30,Social Media,South
C03756,2024-05-30,Social Media,Midwest
C03757,2024-05-30,Organic Search,Northeast
C03758,2024-05-30,Organic Search,South
C03759,2024-05-30,Organic Search,Northeast
C03760,2024-05-30,Referral,West
C03761,2024-05-30,Paid Search,midwest
C03762,2024-05-30,Social Media,Midwest
C03763,2024-05-30,Paid Search,Midwest
C03764,2024-05-31,Social Media,West
C03765,2024-05-31,Organic Search,Midwest
C03766,2024-05-31,Organic Search,Northeast
C03767,2024-05-31,Social Media,Midwest
C03768,2024-05-31,Social Media,South
C03769,2024-05-31,Organic Search,Midwest
C03770,2024-05-31,Paid Search,Northeast
C03771,2024-06-01,Referral,South
C03772,2024-06-01,Organic Search,Midwest
C03773,2024-06-01,Organic Search,Northeast
C03774,2024-06-01,Paid Search,Midwest
C03775,2024-06-01,Organic Search,South
C03776,2024-06-01,Social Media,West
C03777,2024-06-01,Social Media,Northeast
C03778,2024-06-01,Paid Search,South
C03779,2024-06-01,Social Media,Northeast
C03780,2024-06-02,Paid Search,Northeast
C03781,2024-06-02,Email,South
C03782,2024-06-02,Organic Search,Northeast
C03783,2024-06-02,Paid Search,South
C03784,2024-06-02,Social Media,Midwest
C03785,2024-06-02,Paid Search,Midwest
C03786,2024-06-03,Organic Search,West
C03787,2024-06-03,Paid Search,West
C03788,2024-06-03,Social Media,West
C03789,2024-06-03,Organic Search,West
C03790,2024-06-03,Social Media,Midwest
C03791,2024-06-03,Email,South
C03792,2024-06-03,Social Media,
C03793,2024-06-03,Organic Search,South
C03794,2024-06-03,Email,Northeast
C03795,2024-06-03,Organic Search,Northeast
C03796,2024-06-03,Referral,South
C03797,2024-06-03,Social Media,South
C03798,2024-06-04,Organic Search,South
C03799,2024-06-04,Email,South
C03800,2024-06-04,Paid Search,West
C03801,2024-06-04,Paid Search,Northeast
C03802,2024-06-04,Paid Search,West
C03803,2024-06-04,Social Media, South 
C03804,2024-06-04,Social Media,Northeast
C03805,2024-06-04,Referral,Northeast
C03806,2024-06-05,Organic Search,West
C03807,2024-06-05,Social Media,South
C03808,2024-06-05,Social Media,Northeast
C03809,2024-06-05,Social Media,South
C03810,2024-06-05,Paid Search,Northeast
C03811,2024-06-05,Paid Search,Northeast
C03812,2024-06-05,Email,Midwest
C03813,2024-06-05,Paid Search,South
C03814,2024-06-05,Organic Search,South
C03815,2024-06-05,Paid Search,Midwest
C03816,2024-06-05,Organic Search,West
C03817,2024-06-06,Organic Search,West
C03818,2024-06-06,Organic Search,West
C03819,2024-06-06,Social Media,South
C03820,2024-06-07,Referral,Northeast
C03821,2024-06-07,Paid Search,Midwest
C03822,2024-06-07,Organic Search,Northeast
C03823,2024-06-07,Email,West
C03824,2024-06-07,Organic Search,Midwest
C03825,2024-06-07,Referral,Northeast
C03826,2024-06-07,Social Media,South
C03827,2024-06-07,Organic Search,Northeast
C03828,2024-06-07,Paid Search,South
C03829,2024-06-07,Paid Search,South
C03830,2024-06-07,Email,Northeast
C03831,2024-06-08,Organic Search,South
C03832,2024-06-08,Referral,South
C03833,2024-06-08,Email,Northeast
C03834,2024-06-08,Referral,South
C03835,2024-06-08,Referral,West
C03836,2024-06-08,Organic Search,South
C03837,2024-06-08,Paid Search,Northeast
C03838,2024-06-08,Email,Midwest
C03839,2024-06-08,Paid Search,South
C03840,2024-06-08,Organic Search,Northeast
C03841,2024-06-08,Organic Search,South
C03842,2024-06-09,Organic Search,South
C03843,2024-06-09,Referral,West
C03844,2024-06-09,Paid Search,South
C03845,2024-06-09,Social Media,South
C03846,2024-06-09,Referral,Northeast
C03847,2024-06-10,Organic Search,Northeast
C03848,2024-06-10,Email,Midwest
C03849,2024-06-10,Organic Search,Midwest
C03850,2024-06-10,Organic Search,West
C03851,2024-06-10,Organic Search,South
C03852,2024-06-10,Paid Search,South
C03853,2024-06-10,Paid Search,West
C03854,2024-06-11,Paid Search,Midwest
C03855,2024-06-11,Organic Search,South
C03856,2024-06-11,Organic Search,South
C03857,2024-06-11,Social Media,West
C03858,2024-06-11,Organic Search,Midwest
C03859,2024-06-11,Email,West
C03860,2024-06-11,Referral,Northeast
C03861,2024-06-11,Social Media,West
C03862,2024-06-12,Social Media,West
C03863,2024-06-12,Social Media,West
C03864,2024-06-12,Social Media,Northeast
C03865,2024-06-12,Referral,Northeast
C03866,2024-06-12,Referral,West
C03867,2024-06-12,Paid Search,South
C03868,2024-06-12,Social Media,South
C03869,2024-06-13,Email,South
C03870,2024-06-13,Organic Search,South
C03871,2024-06-13,Paid Search,South
C03872,2024-06-13,Social Media,Northeast
C03873,2024-06-14,Social Media,Northeast
C03874,2024-06-14,Paid Search, Northeast 
C03875,2024-06-14,Organic Search,Northeast
C03876,2024-06-14,Organic Search,Midwest
C03877,2024-06-14,Social Media,Midwest
C03878,2024-06-14,Referral,South
C03879,2024-06-14,Referral,South
C03880,2024-06-14,Paid Search,South
C03881,2024-06-15,Organic Search,Midwest
C03882,2024-06-15,Email,South
C03883,2024-06-16,Social Media,West
C03884,2024-06-16,Paid Search,West
C03885,2024-06-16,Paid Search,Northeast
C03886,2024-06-16,Organic Search,West
C03887,2024-06-16,Email,Northeast
C03888,2024-06-16,Social Media,West
C03889,2024-06-16,Paid Search,Midwest
C03890,2024-06-16,Referral,South
C03891,2024-06-16,Social Media,Midwest
C03892,2024-06-16,Referral,West
C03893,2024-06-16,Paid Search,South
C03894,2024-06-16,Paid Search,Midwest
C03895,2024-06-16,Referral,Midwest
C03896,2024-06-17,Referral,Midwest
C03897,2024-06-17,Referral,Midwest
C03898,2024-06-17,Email,West
C03899,2024-06-17,Paid Search,South
C03900,2024-06-17,Organic Search,South
C03901,2024-06-17,Paid Search,Midwest
C03902,2024-06-17,Referral,Midwest
C03903,2024-06-17,Paid Search,Midwest
C03904,2024-06-18,Email,Midwest
C03905,2024-06-18,Referral,Northeast
C03906,2024-06-18,Referral,South
C03907,2024-06-18,Referral,South
C03908,2024-06-18,Social Media,West
C03909,2024-06-18,Paid Search,NORTHEAST
C03910,2024-06-18,Referral,South
C03911,2024-06-18,Organic Search,Midwest
C03912,2024-06-18,Organic Search,Northeast
C03913,2024-06-19,Referral,South
C03914,2024-06-19,Social Media,Midwest
C03915,2024-06-19,Paid Search,West
C03916,2024-06-19,Organic Search,Northeast
C03917,2024-06-19,Paid Search,West
C03918,2024-06-19,Referral,West
C03919,2024-06-19,Social Media,South
C03920,2024-06-19,Paid Search,West
C03921,2024-06-19,Social Media,Northeast
C03922,2024-06-20,Referral,Midwest
C03923,2024-06-20,Referral,Midwest
C03924,2024-06-20,Paid Search,South
C03925,2024-06-20,Social Media,Midwest
C03926,2024-06-20,Organic Search,South
C03927,2024-06-20,Paid Search,South
C03928,2024-06-20,Organic Search,Northeast
C03929,2024-06-20,Paid Search,Midwest
C03930,2024-06-21,Social Media,Midwest
C03931,2024-06-21,Paid Search,Midwest
C03932,2024-06-21,Organic Search,South
C03933,2024-06-21,Organic Search,South
C03934,2024-06-22,Organic Search,South
C03935,2024-06-22,Social Media,West
C03936,2024-06-22,Organic Search,West
C03937,2024-06-22,Organic Search,South
C03938,2024-06-22,Referral,West
C03939,2024-06-22,Organic Search,West
C03940,2024-06-23,Referral,Northeast
C03941,2024-06-23,Social Media,West
C03942,2024-06-23,Social Media,South
C03943,2024-06-23,Social Media,Northeast
C03944,2024-06-23,Organic Search, Northeast 
C03945,2024-06-23,Email,South
C03946,2024-06-23,Email,South
C03947,2024-06-23,Paid Search,Midwest
C03948,2024-06-23,Email,Northeast
C03949,2024-06-23,Paid Search,South
C03950,2024-06-23,Referral,West
C03951,2024-06-24,Email,West
C03952,2024-06-24,Organic Search,South
C03953,2024-06-24,Referral,South
C03954,2024-06-24,Referral,Midwest
C03955,2024-06-24,Social Media,West
C03956,2024-06-24,Organic Search,South
C03957,2024-06-24,Email,Northeast
C03958,2024-06-24,Social Media,West
C03959,2024-06-25,Paid Search,Northeast
C03960,2024-06-25,Referral,south
C03961,2024-06-25,Social Media,South
C03962,2024-06-25,Referral,South
C03963,2024-06-25,Social Media,Midwest
C03964,2024-06-25,Organic Search,Northeast
C03965,2024-06-25,Referral,Midwest
C03966,2024-06-25,Social Media,south
C03967,2024-06-25,Paid Search,Northeast
C03968,2024-06-25,Paid Search,West
C03969,2024-06-25,Organic Search,Northeast
C03970,2024-06-26,Social Media,West
C03971,2024-06-26,Paid Search,Northeast
C03972,2024-06-26,Referral,South
C03973,2024-06-26,Referral,South
C03974,2024-06-26,Email,Northeast
C03975,2024-06-26,Organic Search,South
C03976,2024-06-26,Social Media,South
C03977,2024-06-26,Organic Search,Midwest
C03978,2024-06-26,Email,South
C03979,2024-06-26,Paid Search,West
C03980,2024-06-26,Referral,Midwest
C03981,2024-06-26,Paid Search,
C03982,2024-06-26,Organic Search,South
C03983,2024-06-27,Referral,West
C03984,2024-06-27,Paid Search,West
C03985,2024-06-27,Referral,west
C03986,2024-06-27,Referral,Northeast
C03987,2024-06-27,Paid Search,Midwest
C03988,2024-06-27,Paid Search,South
C03989,2024-06-27,Social Media,South
C03990,2024-06-27,Email,Northeast
C03991,2024-06-27,Referral,West
C03992,2024-06-27,Paid Search,Northeast
C03993,2024-06-27,Social Media,South
C03994,2024-06-27,Organic Search,South
C03995,2024-06-28,Social Media,Northeast
C03996,2024-06-28,Email,Midwest
C03997,2024-06-28,Referral,South
C03998,2024-06-28,Paid Search,Midwest
C03999,2024-06-28,Paid Search,West
C04000,2024-06-28,Organic Search,South
C04001,2024-06-28,Organic Search,West
C04002,2024-06-28,Paid Search,South
C04003,2024-06-28,Referral,Northeast
C04004,2024-06-28,Paid Search,South
C04005,2024-06-29,Paid Search,West
C04006,2024-06-29,Social Media,South
C04007,2024-06-29,Organic Search,Midwest
C04008,2024-06-29,Organic Search,Midwest
C04009,2024-06-29,Referral,West
C04010,2024-06-29,Organic Search,West
C04011,2024-06-29,Paid Search,Midwest
C04012,2024-06-29,Social Media,South
C04013,2024-06-30,Organic Search,Northeast
C04014,2024-06-30,Organic Search,West
C04015,2024-06-30,Organic Search,Midwest
C04016,2024-06-30,Paid Search,South
C04017,2024-06-30,Referral,South
C04018,2024-06-30,Paid Search,South
C04019,2024-06-30,Paid Search,South
C04020,2024-06-30,Paid Search,South
C04021,2024-07-01,Referral,Midwest
C04022,2024-07-01,Organic Search,South
C04023,2024-07-01,Referral,South
C04024,2024-07-01,Paid Search,South
C04025,2024-07-01,Referral,West
C04026,2024-07-01,Paid Search,West
C04027,2024-07-01,Organic Search,South
C04028,2024-07-01,Paid Search,Northeast
C04029,2024-07-01,Organic Search,Midwest
C04030,2024-07-01,Email,South
C04031,2024-07-01,Social Media,Northeast
C04032,2024-07-02,Social Media,West
C04033,2024-07-02,Organic Search,West
C04034,2024-07-02,Social Media,Midwest
C04035,2024-07-02,Paid Search,Midwest
C04036,2024-07-02,Referral,West
C04037,2024-07-02,Social Media,West
C04038,2024-07-02,Social Media,South
C04039,2024-07-02,Referral,West
C04040,2024-07-02,Social Media,Northeast
C04041,2024-07-02,Social Media,South
C04042,2024-07-03,Organic Search,Midwest
C04043,2024-07-03,Social Media,Northeast
C04044,2024-07-03,Paid Search,South
C04045,2024-07-03,Organic Search,Midwest
C04046,2024-07-04,Email,Northeast
C04047,2024-07-04,Organic Search,South
C04048,2024-07-04,Social Media,West
C04049,2024-07-04,Organic Search,Midwest
C04050,2024-07-04,Paid Search,Midwest
C04051,2024-07-04,Referral,South
C04052,2024-07-04,Organic Search,Northeast
C04053,2024-07-05,Social Media,Midwest
C04054,2024-07-05,Social Media,Midwest
C04055,2024-07-05,Referral,South
C04056,2024-07-05,Organic Search,West
C04057,2024-07-05,Email,Midwest
C04058,2024-07-05,Paid Search,South
C04059,2024-07-06,Paid Search,West
C04060,2024-07-06,Paid Search,West
C04061,2024-07-06,Paid Search,WEST
C04062,2024-07-06,Paid Search,NORTHEAST
C04063,2024-07-06,Organic Search,South
C04064,2024-07-06,Paid Search,Northeast
C04065,2024-07-06,Social Media,South
C04066,2024-07-07,Paid Search,Midwest
C04067,2024-07-07,Organic Search,West
C04068,2024-07-07,Paid Search,South
C04069,2024-07-07,Paid Search,Midwest
C04070,2024-07-07,Social Media,Northeast
C04071,2024-07-07,Referral,West
C04072,2024-07-07,Social Media,South
C04073,2024-07-08,Social Media,West
C04074,2024-07-08,Organic Search,Midwest
C04075,2024-07-08,Referral,South
C04076,2024-07-08,Paid Search,Midwest
C04077,2024-07-08,Paid Search,West
C04078,2024-07-08,Organic Search,Northeast
C04079,2024-07-08,Organic Search,
C04080,2024-07-08,Email,South
C04081,2024-07-08,Organic Search,Midwest
C04082,2024-07-08,Organic Search, South 
C04083,2024-07-08,Organic Search,Midwest
C04084,2024-07-08,Referral,South
C04085,2024-07-08,Email,South
C04086,2024-07-09,Referral,Midwest
C04087,2024-07-09,Referral,Northeast
C04088,2024-07-09,Referral,South
C04089,2024-07-09,Paid Search,West
C04090,2024-07-10,Organic Search,South
C04091,2024-07-10,Paid Search,Midwest
C04092,2024-07-10,Organic Search,South
C04093,2024-07-11,Social Media,West
C04094,2024-07-11,Organic Search,South
C04095,2024-07-11,Organic Search,Northeast
C04096,2024-07-11,Social Media,Midwest
C04097,2024-07-11,Organic Search,Midwest
C04098,2024-07-11,Organic Search,West
C04099,2024-07-11,Organic Search,South
C04100,2024-07-11,Social Media,South
C04101,2024-07-12,Organic Search,Midwest
C04102,2024-07-12,Organic Search,South
C04103,2024-07-12,Organic Search,Northeast
C04104,2024-07-12,Email,West
C04105,2024-07-12,Organic Search,Midwest
C04106,2024-07-12,Organic Search,West
C04107,2024-07-12,Referral, West 
C04108,2024-07-13,Referral,Midwest
C04109,2024-07-13,Organic Search,Midwest
C04110,2024-07-13,Organic Search,West
C04111,2024-07-13,Organic Search,Northeast
C04112,2024-07-13,Social Media,Northeast
C04113,2024-07-13,Organic Search,West
C04114,2024-07-13,Referral,South
C04115,2024-07-14,Email,Northeast
C04116,2024-07-14,Social Media,Northeast
C04117,2024-07-14,Organic Search,South
C04118,2024-07-14,Referral,South
C04119,2024-07-14,Social Media,Northeast
C04120,2024-07-15,Email,South
C04121,2024-07-15,Organic Search,Northeast
C04122,2024-07-15,Social Media,Northeast
C04123,2024-07-15,Email,West
C04124,2024-07-15,Referral,South
C04125,2024-07-15,Social Media,West
C04126,2024-07-15,Paid Search,West
C04127,2024-07-15,Paid Search,Northeast
C04128,2024-07-15,Social Media,Northeast
C04129,2024-07-15,Referral,Midwest
C04130,2024-07-15,Social Media,South
C04131,2024-07-16,Organic Search,Northeast
C04132,2024-07-16,Organic Search,South
C04133,2024-07-16,Social Media,Midwest
C04134,2024-07-16,Referral,South
C04135,2024-07-16,Organic Search,West
C04136,2024-07-16,Paid Search,West
C04137,2024-07-16,Referral,South
C04138,2024-07-16,Paid Search,Midwest
C04139,2024-07-17,Organic Search,South
C04140,2024-07-17,Paid Search,South
C04141,2024-07-17,Paid Search,Northeast
C04142,2024-07-17,Organic Search,West
C04143,2024-07-17,Social Media,South
C04144,2024-07-17,Social Media,South
C04145,2024-07-17,Social Media,South
C04146,2024-07-17,Social Media,Midwest
C04147,2024-07-18,Organic Search,West
C04148,2024-07-18,Organic Search,South
C04149,2024-07-18,Organic Search,West
C04150,2024-07-18,Organic Search,Midwest
C04151,2024-07-18,Social Media,Midwest
C04152,2024-07-18,Organic Search,South
C04153,2024-07-18,Social Media,Northeast
C04154,2024-07-18,Organic Search,South
C04155,2024-07-18,Organic Search,South
C04156,2024-07-18,Organic Search,Midwest
C04157,2024-07-19,Paid Search,Midwest
C04158,2024-07-19,Social Media,South
C04159,2024-07-19,Email,Midwest
C04160,2024-07-19,Organic Search,Northeast
C04161,2024-07-19,Social Media,Northeast
C04162,2024-07-19,Email,Northeast
C04163,2024-07-19,Paid Search,West
C04164,2024-07-19,Organic Search,Midwest
C04165,2024-07-20,Organic Search,South
C04166,2024-07-20,Organic Search,West
C04167,2024-07-20,Referral,South
C04168,2024-07-20,Paid Search,Midwest
C04169,2024-07-20,Paid Search,South
C04170,2024-07-21,Email,West
C04171,2024-07-21,Paid Search,Northeast
C04172,2024-07-21,Social Media,South
C04173,2024-07-21,Organic Search,South
C04174,2024-07-21,Paid Search,South
C04175,2024-07-21,Organic Search,Northeast
C04176,2024-07-21,Organic Search,South
C04177,2024-07-21,Organic Search,West
C04178,2024-07-21,Social Media,West
C04179,2024-07-21,Social Media,Midwest
C04180,2024-07-22,Social Media,Northeast
C04181,2024-07-22,Organic Search,South
C04182,2024-07-22,Referral,Midwest
C04183,2024-07-22,Organic Search,Midwest
C04184,2024-07-22,Email,Northeast
C04185,2024-07-22,Social Media,West
C04186,2024-07-22,Social Media,South
C04187,2024-07-23,Paid Search,Northeast
C04188,2024-07-23,Email,West
C04189,2024-07-23,Social Media,South
C04190,2024-07-23,Organic Search,South
C04191,2024-07-23,Email,South
C04192,2024-07-24,Organic Search,Northeast
C04193,2024-07-24,Paid Search,South
C04194,2024-07-24,Social Media,Northeast
C04195,2024-07-24,Email,Northeast
C04196,2024-07-24,Paid Search,South
C04197,2024-07-24,Organic Search,South
C04198,2024-07-24,Paid Search,South
C04199,2024-07-24,Organic Search,West
C04200,2024-07-24,Paid Search,Northeast
C04201,2024-07-24,Paid Search,Northeast
C04202,2024-07-25,Email,Midwest
C04203,2024-07-25,Organic Search,Midwest
C04204,2024-07-25,Organic Search,South
C04205,2024-07-25,Paid Search,Northeast
C04206,2024-07-25,Organic Search,West
C04207,2024-07-25,Organic Search,West
C04208,2024-07-25,Paid Search,South
C04209,2024-07-25,Paid Search,West
C04210,2024-07-25,Organic Search,Northeast
C04211,2024-07-25,Social Media,Northeast
C04212,2024-07-25,Referral,South
C04213,2024-07-26,Paid Search,South
C04214,2024-07-26,Organic Search,West
C04215,2024-07-26,Organic Search,Northeast
C04216,2024-07-26,Organic Search,West
C04217,2024-07-26,Social Media,South
C04218,2024-07-26,Social Media,South
C04219,2024-07-27,Organic Search,Northeast
C04220,2024-07-27,Organic Search,Northeast
C04221,2024-07-27,Paid Search,South
C04222,2024-07-27,Paid Search,West
C04223,2024-07-27,Referral,West
C04224,2024-07-27,Organic Search,Northeast
C04225,2024-07-28,Organic Search,South
C04226,2024-07-28,Paid Search,Northeast
C04227,2024-07-28,Organic Search,Midwest
C04228,2024-07-28,Organic Search,West
C04229,2024-07-28,Paid Search,West
C04230,2024-07-28,Paid Search,South
C04231,2024-07-28,Organic Search,South
C04232,2024-07-28,Social Media,Midwest
C04233,2024-07-28,Paid Search,Midwest
C04234,2024-07-29,Organic Search,South
C04235,2024-07-29,Referral,Midwest
C04236,2024-07-29,Organic Search,South
C04237,2024-07-29,Referral,West
C04238,2024-07-29,Referral,Northeast
C04239,2024-07-29,Paid Search,West
C04240,2024-07-29,Organic Search,West
C04241,2024-07-30,Email,Northeast
C04242,2024-07-30,Paid Search, South 
C04243,2024-07-30,Organic Search, Midwest 
C04244,2024-07-30,Social Media,South
C04245,2024-07-30,Paid Search,South
C04246,2024-07-30,Referral,Midwest
C04247,2024-07-30,Social Media,West
C04248,2024-07-31,Referral,West
C04249,2024-07-31,Social Media,South
C04250,2024-07-31,Social Media,South
C04251,2024-07-31,Paid Search,South
C04252,2024-07-31,Referral,West
C04253,2024-07-31,Referral,West
C04254,2024-07-31,Email,WEST
C04255,2024-07-31,Email,Midwest
C04256,2024-08-01,Social Media,Midwest
C04257,2024-08-01,Organic Search,South
C04258,2024-08-02,Referral,Midwest
C04259,2024-08-02,Organic Search,Midwest
C04260,2024-08-02,Organic Search,Midwest
C04261,2024-08-02,Paid Search,Northeast
C04262,2024-08-03,Social Media,South
C04263,2024-08-03,Social Media,South
C04264,2024-08-03,Organic Search,Midwest
C04265,2024-08-03,Organic Search,West
C04266,2024-08-03,Organic Search,Midwest
C04267,2024-08-03,Paid Search,Northeast
C04268,2024-08-03,Organic Search,South
C04269,2024-08-03,Social Media,West
C04270,2024-08-04,Organic Search,Midwest
C04271,2024-08-04,Paid Search,
C04272,2024-08-04,Paid Search,Northeast
C04273,2024-08-04,Paid Search,Midwest
C04274,2024-08-04,Referral,South
C04275,2024-08-04,Organic Search,South
C04276,2024-08-04,Paid Search,West
C04277,2024-08-04,Social Media,Midwest
C04278,2024-08-04,Organic Search,West
C04279,2024-08-04,Email,South
C04280,2024-08-04,Referral,South
C04281,2024-08-04,Social Media,West
C04282,2024-08-04,Referral,South
C04283,2024-08-04,Paid Search,South
C04284,2024-08-04,Paid Search,Midwest
C04285,2024-08-05,Organic Search,South
C04286,2024-08-05,Organic Search,Midwest
C04287,2024-08-05,Organic Search,Midwest
C04288,2024-08-05,Paid Search,Northeast
C04289,2024-08-05,Paid Search,NORTHEAST
C04290,2024-08-05,Organic Search,South
C04291,2024-08-05,Social Media,West
C04292,2024-08-06,Organic Search,West
C04293,2024-08-06,Paid Search,South
C04294,2024-08-06,Organic Search,West
C04295,2024-08-06,Social Media,South
C04296,2024-08-06,Paid Search,South
C04297,2024-08-06,Social Media,Northeast
C04298,2024-08-06,Organic Search,West
C04299,2024-08-07,Paid Search,South
C04300,2024-08-07,Referral,south
C04301,2024-08-07,Organic Search,South
C04302,2024-08-07,Paid Search,West
C04303,2024-08-07,Organic Search,West
C04304,2024-08-07,Organic Search,South
C04305,2024-08-07,Paid Search,Northeast
C04306,2024-08-07,Organic Search,Midwest
C04307,2024-08-07,Paid Search,West
C04308,2024-08-07,Referral,West
C04309,2024-08-07,Organic Search,Northeast
C04310,2024-08-07,Organic Search,Midwest
C04311,2024-08-08,Email,Midwest
C04312,2024-08-08,Paid Search,South
C04313,2024-08-08,Referral,South
C04314,2024-08-08,Paid Search,
C04315,2024-08-08,Social Media,Northeast
C04316,2024-08-08,Referral,South
C04317,2024-08-08,Organic Search,Midwest
C04318,2024-08-08,Email,South
C04319,2024-08-08,Social Media,Northeast
C04320,2024-08-09,Email,South
C04321,2024-08-09,Organic Search,West
C04322,2024-08-09,Paid Search,West
C04323,2024-08-09,Organic Search,Northeast
C04324,2024-08-09,Referral,West
C04325,2024-08-09,Organic Search,West
C04326,2024-08-09,Organic Search,Northeast
C04327,2024-08-09,Referral,Midwest
C04328,2024-08-09,Paid Search,Northeast
C04329,2024-08-10,Social Media,Northeast
C04330,2024-08-10,Organic Search,West
C04331,2024-08-10,Social Media,Midwest
C04332,2024-08-10,Organic Search,West
C04333,2024-08-10,Paid Search,Midwest
C04334,2024-08-11,Paid Search,Northeast
C04335,2024-08-11,Paid Search,South
C04336,2024-08-11,Organic Search,South
C04337,2024-08-11,Organic Search,Northeast
C04338,2024-08-11,Social Media,Northeast
C04339,2024-08-11,Organic Search,Northeast
C04340,2024-08-11,Organic Search,Midwest
C04341,2024-08-11,Paid Search,West
C04342,2024-08-11,Paid Search,West
C04343,2024-08-12,Social Media,West
C04344,2024-08-12,Paid Search,South
C04345,2024-08-12,Referral,West
C04346,2024-08-12,Social Media,Midwest
C04347,2024-08-12,Email,South
C04348,2024-08-12,Social Media,Midwest
C04349,2024-08-12,Organic Search,Northeast
C04350,2024-08-12,Referral, South 
C04351,2024-08-12,Email,Midwest
C04352,2024-08-12,Social Media,Northeast
C04353,2024-08-12,Organic Search,West
C04354,2024-08-12,Organic Search,South
C04355,2024-08-12,Social Media,South
C04356,2024-08-13,Paid Search,northeast
C04357,2024-08-13,Social Media,South
C04358,2024-08-13,Paid Search,South
C04359,2024-08-13,Paid Search,
C04360,2024-08-13,Organic Search,Northeast
C04361,2024-08-13,Organic Search,Northeast
C04362,2024-08-13,Organic Search,Midwest
C04363,2024-08-13,Email,South
C04364,2024-08-14,Social Media,
C04365,2024-08-14,Referral,Northeast
C04366,2024-08-14,Social Media,West
C04367,2024-08-14,Email,South
C04368,2024-08-14,Paid Search,Northeast
C04369,2024-08-14,Email,South
C04370,2024-08-15,Referral,West
C04371,2024-08-15,Social Media,West
C04372,2024-08-15,Organic Search,Northeast
C04373,2024-08-15,Social Media,South
C04374,2024-08-15,Organic Search,south
C04375,2024-08-15,Organic Search,Midwest
C04376,2024-08-15,Social Media,Midwest
C04377,2024-08-15,Email,West
C04378,2024-08-15,Organic Search,South
C04379,2024-08-16,Organic Search,West
C04380,2024-08-16,Referral,South
C04381,2024-08-16,Organic Search,South
C04382,2024-08-16,Organic Search,South
C04383,2024-08-16,Social Media,South
C04384,2024-08-16,Email,West
C04385,2024-08-16,Paid Search,South
C04386,2024-08-16,Paid Search,Midwest
C04387,2024-08-16,Paid Search,West
C04388,2024-08-17,Organic Search,west
C04389,2024-08-17,Email,South
C04390,2024-08-17,Email,Midwest
C04391,2024-08-17,Paid Search,South
C04392,2024-08-17,Organic Search,South
C04393,2024-08-17,Organic Search,Northeast
C04394,2024-08-17,Organic Search,Northeast
C04395,2024-08-17,Organic Search,Northeast
C04396,2024-08-17,Organic Search,West
C04397,2024-08-17,Email,West
C04398,2024-08-17,Organic Search,South
C04399,2024-08-17,Social Media,West
C04400,2024-08-17,Paid Search,West
C04401,2024-08-17,Email,South
C04402,2024-08-17,Referral,South
C04403,2024-08-17,Paid Search,Midwest
C04404,2024-08-18,Organic Search,South
C04405,2024-08-18,Social Media,South
C04406,2024-08-18,Organic Search,Midwest
C04407,2024-08-18,Organic Search,Northeast
C04408,2024-08-18,Organic Search,West
C04409,2024-08-18,Referral,Northeast
C04410,2024-08-18,Organic Search,South
C04411,2024-08-19,Paid Search,Northeast
C04412,2024-08-19,Paid Search,South
C04413,2024-08-19,Social Media,Midwest
C04414,2024-08-19,Organic Search,South
C04415,2024-08-19,Referral,Northeast
C04416,2024-08-19,Social Media,West
C04417,2024-08-19,Paid Search,South
C04418,2024-08-20,Paid Search,West
C04419,2024-08-20,Email,Northeast
C04420,2024-08-20,Email,South
C04421,2024-08-20,Paid Search,Midwest
C04422,2024-08-20,Paid Search,South
C04423,2024-08-20,Organic Search,Northeast
C04424,2024-08-20,Organic Search,Northeast
C04425,2024-08-21,Organic Search,West
C04426,2024-08-21,Organic Search,Northeast
C04427,2024-08-21,Organic Search,Northeast
C04428,2024-08-21,Referral,Northeast
C04429,2024-08-21,Email,West
C04430,2024-08-21,Email,Northeast
C04431,2024-08-21,Social Media,west
C04432,2024-08-21,Social Media,South
C04433,2024-08-21,Organic Search,South
C04434,2024-08-21,Social Media,Northeast
C04435,2024-08-21,Organic Search,Midwest
C04436,2024-08-22,Paid Search,South
C04437,2024-08-22,Referral,West
C04438,2024-08-22,Referral,South
C04439,2024-08-22,Organic Search,West
C04440,2024-08-22,Social Media,Northeast
C04441,2024-08-22,Organic Search,Northeast
C04442,2024-08-22,Organic Search,Northeast
C04443,2024-08-23,Organic Search,Northeast
C04444,2024-08-23,Organic Search,South
C04445,2024-08-23,Social Media,West
C04446,2024-08-23,Paid Search,South
C04447,2024-08-23,Organic Search,Midwest
C04448,2024-08-24,Referral,Northeast
C04449,2024-08-24,Paid Search,South
C04450,2024-08-24,Paid Search,South
C04451,2024-08-24,Paid Search,West
C04452,2024-08-24,Paid Search,Midwest
C04453,2024-08-24,Paid Search,South
C04454,2024-08-24,Social Media,West
C04455,2024-08-25,Referral,West
C04456,2024-08-25,Paid Search,Northeast
C04457,2024-08-25,Paid Search,Northeast
C04458,2024-08-25,Organic Search,
C04459,2024-08-25,Referral,Northeast
C04460,2024-08-25,Paid Search,South
C04461,2024-08-26,Organic Search,Northeast
C04462,2024-08-26,Referral,South
C04463,2024-08-26,Social Media,West
C04464,2024-08-26,Organic Search,West
C04465,2024-08-26,Organic Search,Northeast
C04466,2024-08-26,Paid Search, South 
C04467,2024-08-26,Referral,West
C04468,2024-08-27,Paid Search,South
C04469,2024-08-27,Organic Search,West
C04470,2024-08-27,Social Media,Midwest
C04471,2024-08-27,Paid Search,West
C04472,2024-08-27,Organic Search,West
C04473,2024-08-28,Referral,Northeast
C04474,2024-08-28,Organic Search,West
C04475,2024-08-28,Referral,Midwest
C04476,2024-08-28,Email,West
C04477,2024-08-28,Organic Search,Midwest
C04478,2024-08-28,Social Media,Midwest
C04479,2024-08-28,Email,West
C04480,2024-08-28,Social Media,West
C04481,2024-08-28,Social Media,Northeast
C04482,2024-08-29,Organic Search,Northeast
C04483,2024-08-29,Organic Search,South
C04484,2024-08-29,Social Media,South
C04485,2024-08-29,Organic Search,South
C04486,2024-08-30,Organic Search,Northeast
C04487,2024-08-30,Paid Search,Northeast
C04488,2024-08-30,Organic Search,South
C04489,2024-08-30,Email,West
C04490,2024-08-30,Email,Northeast
C04491,2024-08-30,Email,Midwest
C04492,2024-08-30,Organic Search,South
C04493,2024-08-31,Paid Search,South
C04494,2024-08-31,Email,West
C04495,2024-08-31,Paid Search,Northeast
C04496,2024-08-31,Social Media,South
C04497,2024-08-31,Social Media,South
C04498,2024-08-31,Paid Search,Northeast
C04499,2024-08-31,Organic Search,West
C04500,2024-08-31,Social Media,South
C04501,2024-09-01,Organic Search,West
C04502,2024-09-01,Referral,South
C04503,2024-09-01,Social Media,West
C04504,2024-09-01,Organic Search,West
C04505,2024-09-01,Social Media,South
C04506,2024-09-01,Paid Search,South
C04507,2024-09-01,Organic Search,Midwest
C04508,2024-09-01,Referral,Midwest
C04509,2024-09-01,Social Media,South
C04510,2024-09-01,Social Media,Northeast
C04511,2024-09-01,Email,South
C04512,2024-09-01,Paid Search,Northeast
C04513,2024-09-01,Paid Search,Midwest
C04514,2024-09-01,Organic Search,Northeast
C04515,2024-09-01,Organic Search,Northeast
C04516,2024-09-02,Paid Search,West
C04517,2024-09-02,Paid Search,South
C04518,2024-09-02,Social Media,West
C04519,2024-09-02,Paid Search,South
C04520,2024-09-02,Social Media,Northeast
C04521,2024-09-02,Email,West
C04522,2024-09-02,Referral,South
C04523,2024-09-02,Paid Search,West
C04524,2024-09-02,Referral,Northeast
C04525,2024-09-02,Email,West
C04526,2024-09-02,Organic Search,West
C04527,2024-09-02,Paid Search,Midwest
C04528,2024-09-03,Organic Search,South
C04529,2024-09-03,Social Media,Northeast
C04530,2024-09-03,Social Media,West
C04531,2024-09-03,Paid Search,South
C04532,2024-09-03,Email,
C04533,2024-09-03,Paid Search,West
C04534,2024-09-03,Paid Search,West
C04535,2024-09-03,Referral,South
C04536,2024-09-03,Referral,Midwest
C04537,2024-09-03,Email,Midwest
C04538,2024-09-03,Organic Search,South
C04539,2024-09-04,Organic Search,West
C04540,2024-09-04,Organic Search,South
C04541,2024-09-04,Paid Search,Northeast
C04542,2024-09-04,Organic Search,West
C04543,2024-09-04,Referral,South
C04544,2024-09-04,Social Media,West
C04545,2024-09-04,Paid Search,Midwest
C04546,2024-09-04,Organic Search,West
C04547,2024-09-04,Paid Search,South
C04548,2024-09-05,Paid Search,midwest
C04549,2024-09-05,Social Media,South
C04550,2024-09-05,Organic Search,West
C04551,2024-09-05,Email,West
C04552,2024-09-05,Organic Search,South
C04553,2024-09-05,Organic Search,South
C04554,2024-09-05,Referral,South
C04555,2024-09-05,Organic Search,SOUTH
C04556,2024-09-05,Organic Search,West
C04557,2024-09-05,Social Media,Midwest
C04558,2024-09-05,Paid Search,South
C04559,2024-09-05,Organic Search,Northeast
C04560,2024-09-05,Organic Search,West
C04561,2024-09-05,Organic Search,South
C04562,2024-09-06,Paid Search,West
C04563,2024-09-06,Organic Search,South
C04564,2024-09-06,Email,Northeast
C04565,2024-09-06,Referral,West
C04566,2024-09-06,Organic Search,Northeast
C04567,2024-09-06,Paid Search,Midwest
C04568,2024-09-06,Organic Search,South
C04569,2024-09-06,Organic Search,Midwest
C04570,2024-09-06,Organic Search,South
C04571,2024-09-06,Email,South
C04572,2024-09-07,Paid Search,South
C04573,2024-09-07,Paid Search,Northeast
C04574,2024-09-07,Social Media,Northeast
C04575,2024-09-07,Email,Midwest
C04576,2024-09-07,Paid Search,Northeast
C04577,2024-09-07,Organic Search,West
C04578,2024-09-07,Referral,Midwest
C04579,2024-09-07,Paid Search,Midwest
C04580,2024-09-07,Social Media,Northeast
C04581,2024-09-07,Social Media,West
C04582,2024-09-08,Paid Search,Midwest
C04583,2024-09-08,Organic Search,South
C04584,2024-09-08,Organic Search,Midwest
C04585,2024-09-08,Paid Search,Midwest
C04586,2024-09-08,Paid Search,Northeast
C04587,2024-09-08,Email,South
C04588,2024-09-08,Social Media,South
C04589,2024-09-08,Referral,Midwest
C04590,2024-09-08,Referral,Midwest
C04591,2024-09-08,Social Media,Northeast
C04592,2024-09-08,Organic Search,Midwest
C04593,2024-09-08,Paid Search,West
C04594,2024-09-08,Social Media,Midwest
C04595,2024-09-09,Social Media,South
C04596,2024-09-09,Organic Search,South
C04597,2024-09-09,Social Media, West 
C04598,2024-09-09,Paid Search,West
C04599,2024-09-09,Paid Search,West
C04600,2024-09-09,Email,Northeast
C04601,2024-09-09,Paid Search,South
C04602,2024-09-09,Paid Search,Northeast
C04603,2024-09-09,Social Media,South
C04604,2024-09-09,Social Media,Midwest
C04605,2024-09-09,Organic Search,South
C04606,2024-09-09,Social Media,Northeast
C04607,2024-09-09,Paid Search,West
C04608,2024-09-10,Social Media,West
C04609,2024-09-10,Organic Search,South
C04610,2024-09-10,Referral,South
C04611,2024-09-10,Email,West
C04612,2024-09-10,Paid Search,South
C04613,2024-09-10,Paid Search,South
C04614,2024-09-10,Paid Search,Northeast
C04615,2024-09-10,Social Media,South
C04616,2024-09-10,Social Media,South
C04617,2024-09-10,Social Media,West
C04618,2024-09-10,Referral,West
C04619,2024-09-10,Paid Search,West
C04620,2024-09-11,Social Media,Northeast
C04621,2024-09-11,Paid Search,West
C04622,2024-09-11,Social Media,West
C04623,2024-09-11,Paid Search,West
C04624,2024-09-11,Email,South
C04625,2024-09-11,Organic Search,Northeast
C04626,2024-09-11,Organic Search,South
C04627,2024-09-12,Organic Search,midwest
C04628,2024-09-12,Referral,West
C04629,2024-09-12,Paid Search,NORTHEAST
C04630,2024-09-12,Paid Search,West
C04631,2024-09-12,Paid Search,Midwest
C04632,2024-09-12,Paid Search,West
C04633,2024-09-12,Referral,West
C04634,2024-09-12,Referral,Midwest
C04635,2024-09-12,Email,Northeast
C04636,2024-09-12,Email,West
C04637,2024-09-12,Organic Search,South
C04638,2024-09-12,Organic Search,South
C04639,2024-09-12,Social Media,Northeast
C04640,2024-09-13,Social Media,South
C04641,2024-09-13,Organic Search,South
C04642,2024-09-13,Social Media,South
C04643,2024-09-13,Organic Search,Midwest
C04644,2024-09-13,Organic Search,West
C04645,2024-09-13,Paid Search,West
C04646,2024-09-13,Email,Midwest
C04647,2024-09-13,Social Media,West
C04648,2024-09-14,Paid Search,Northeast
C04649,2024-09-14,Email,Northeast
C04650,2024-09-14,Email,West
C04651,2024-09-14,Paid Search,Northeast
C04652,2024-09-14,Email,Midwest
C04653,2024-09-14,Organic Search,South
C04654,2024-09-14,Paid Search,South
C04655,2024-09-15,Organic Search,Midwest
C04656,2024-09-15,Paid Search,West
C04657,2024-09-15,Paid Search,West
C04658,2024-09-15,Organic Search,South
C04659,2024-09-15,Paid Search,Midwest
C04660,2024-09-15,Social Media,Northeast
C04661,2024-09-16,Social Media,Midwest
C04662,2024-09-16,Organic Search,West
C04663,2024-09-16,Organic Search,Midwest
C04664,2024-09-16,Paid Search,West
C04665,2024-09-16,Email,Northeast
C04666,2024-09-17,Referral,Northeast
C04667,2024-09-17,Paid Search,West
C04668,2024-09-17,Social Media,West
C04669,2024-09-17,Social Media,South
C04670,2024-09-17,Referral,West
C04671,2024-09-17,Organic Search,Northeast
C04672,2024-09-17,Paid Search,South
C04673,2024-09-17,Social Media,Northeast
C04674,2024-09-17,Paid Search,South
C04675,2024-09-17,Organic Search,South
C04676,2024-09-18,Organic Search,Northeast
C04677,2024-09-18,Paid Search,South
C04678,2024-09-18,Social Media,Midwest
C04679,2024-09-18,Social Media,Midwest
C04680,2024-09-18,Organic Search,West
C04681,2024-09-18,Referral,West
C04682,2024-09-18,Paid Search,South
C04683,2024-09-19,Referral,Northeast
C04684,2024-09-19,Organic Search,South
C04685,2024-09-19,Email,Midwest
C04686,2024-09-19,Referral,Midwest
C04687,2024-09-19,Email,South
C04688,2024-09-19,Email,Northeast
C04689,2024-09-19,Paid Search,West
C04690,2024-09-19,Social Media,West
C04691,2024-09-19,Social Media,South
C04692,2024-09-19,Paid Search,Northeast
C04693,2024-09-19,Referral,South
C04694,2024-09-19,Organic Search,Midwest
C04695,2024-09-20,Paid Search,West
C04696,2024-09-20,Referral,Northeast
C04697,2024-09-20,Organic Search,Midwest
C04698,2024-09-20,Organic Search,Northeast
C04699,2024-09-20,Paid Search,
C04700,2024-09-20,Email,West
C04701,2024-09-20,Referral,West
C04702,2024-09-20,Organic Search,West
C04703,2024-09-20,Social Media,Midwest
C04704,2024-09-20,Social Media,South
C04705,2024-09-20,Social Media,West
C04706,2024-09-20,Social Media,Northeast
C04707,2024-09-20,Referral,West
C04708,2024-09-21,Paid Search,Midwest
C04709,2024-09-21,Organic Search,
C04710,2024-09-21,Social Media, South 
C04711,2024-09-21,Paid Search,Northeast
C04712,2024-09-21,Paid Search,West
C04713,2024-09-21,Organic Search,Midwest
C04714,2024-09-22,Organic Search,West
C04715,2024-09-22,Referral,South
C04716,2024-09-23,Organic Search,South
C04717,2024-09-23,Social Media,West
C04718,2024-09-23,Email,West
C04719,2024-09-23,Organic Search,South
C04720,2024-09-23,Organic Search,West
C04721,2024-09-23,Paid Search,MIDWEST
C04722,2024-09-24,Paid Search,
C04723,2024-09-24,Paid Search,Northeast
C04724,2024-09-24,Social Media,South
C04725,2024-09-24,Organic Search,Northeast
C04726,2024-09-25,Organic Search,South
C04727,2024-09-25,Organic Search,West
C04728,2024-09-25,Paid Search,South
C04729,2024-09-25,Paid Search,South
C04730,2024-09-25,Referral,South
C04731,2024-09-25,Organic Search,South
C04732,2024-09-25,Paid Search,Midwest
C04733,2024-09-25,Social Media,
C04734,2024-09-25,Social Media,Midwest
C04735,2024-09-25,Social Media,West
C04736,2024-09-25,Organic Search,South
C04737,2024-09-26,Social Media,West
C04738,2024-09-26,Paid Search,South
C04739,2024-09-26,Email,Midwest
C04740,2024-09-26,Organic Search,South
C04741,2024-09-26,Social Media,Midwest
C04742,2024-09-26,Social Media,South
C04743,2024-09-26,Social Media,South
C04744,2024-09-27,Organic Search,South
C04745,2024-09-27,Social Media,Northeast
C04746,2024-09-27,Social Media,West
C04747,2024-09-27,Paid Search,Midwest
C04748,2024-09-27,Paid Search,West
C04749,2024-09-27,Organic Search,South
C04750,2024-09-27,Organic Search,Northeast
C04751,2024-09-28,Email,West
C04752,2024-09-28,Paid Search,Midwest
C04753,2024-09-28,Social Media,West
C04754,2024-09-28,Social Media,Northeast
C04755,2024-09-28,Social Media,South
C04756,2024-09-28,Social Media,Midwest
C04757,2024-09-28,Social Media,South
C04758,2024-09-28,Paid Search,Midwest
C04759,2024-09-28,Organic Search,South
C04760,2024-09-28,Email,Northeast
C04761,2024-09-28,Referral,Midwest
C04762,2024-09-28,Paid Search,Midwest
C04763,2024-09-29,Referral,West
C04764,2024-09-29,Referral,West
C04765,2024-09-29,Paid Search,Midwest
C04766,2024-09-29,Social Media,
C04767,2024-09-30,Social Media,Northeast
C04768,2024-09-30,Organic Search,South
C04769,2024-09-30,Organic Search,West
C04770,2024-09-30,Paid Search,West
C04771,2024-09-30,Email,Northeast
C04772,2024-09-30,Paid Search,South
C04773,2024-09-30,Email,West
C04774,2024-09-30,Social Media,
C04775,2024-09-30,Social Media,West
C04776,2024-09-30,Organic Search,Midwest
C04777,2024-09-30,Paid Search,South
C04778,2024-09-30,Organic Search,West
C04779,2024-10-01,Organic Search,West
C04780,2024-10-01,Organic Search,West
C04781,2024-10-01,Organic Search,Northeast
C04782,2024-10-01,Organic Search,South
C04783,2024-10-01,Social Media,West
C04784,2024-10-01,Paid Search,South
C04785,2024-10-01,Organic Search,Northeast
C04786,2024-10-01,Referral,Midwest
C04787,2024-10-01,Paid Search,South
C04788,2024-10-01,Referral,West
C04789,2024-10-01,Social Media,West
C04790,2024-10-01,Organic Search,Northeast
C04791,2024-10-02,Referral,South
C04792,2024-10-02,Referral,West
C04793,2024-10-02,Social Media,Northeast
C04794,2024-10-02,Paid Search,West
C04795,2024-10-02,Paid Search,Northeast
C04796,2024-10-02,Paid Search,West
C04797,2024-10-03,Email,Midwest
C04798,2024-10-03,Paid Search,South
C04799,2024-10-03,Organic Search,South
C04800,2024-10-03,Organic Search,West
C04801,2024-10-03,Organic Search,West
C04802,2024-10-03,Organic Search,Northeast
C04803,2024-10-03,Paid Search,South
C04804,2024-10-03,Referral,South
C04805,2024-10-03,Organic Search,Northeast
C04806,2024-10-03,Paid Search,South
C04807,2024-10-03,Organic Search,Northeast
C04808,2024-10-03,Paid Search,Northeast
C04809,2024-10-04,Social Media,South
C04810,2024-10-04,Paid Search,Northeast
C04811,2024-10-04,Referral,MIDWEST
C04812,2024-10-04,Referral,Northeast
C04813,2024-10-04,Email,South
C04814,2024-10-04,Email,West
C04815,2024-10-04,Paid Search,Midwest
C04816,2024-10-04,Social Media,West
C04817,2024-10-04,Paid Search,South
C04818,2024-10-04,Email,South
C04819,2024-10-04,Organic Search,Northeast
C04820,2024-10-05,Organic Search,Northeast
C04821,2024-10-05,Organic Search,Midwest
C04822,2024-10-05,Social Media,
C04823,2024-10-05,Social Media,West
C04824,2024-10-05,Organic Search,Northeast
C04825,2024-10-05,Paid Search,South
C04826,2024-10-05,Paid Search,South
C04827,2024-10-05,Email,South
C04828,2024-10-05,Organic Search,Midwest
C04829,2024-10-05,Organic Search,South
C04830,2024-10-05,Social Media,West
C04831,2024-10-05,Social Media,West
C04832,2024-10-05,Email,South
C04833,2024-10-06,Social Media,West
C04834,2024-10-06,Referral,South
C04835,2024-10-06,Paid Search,West
C04836,2024-10-06,Paid Search,West
C04837,2024-10-06,Referral,Northeast
C04838,2024-10-06,Organic Search,Northeast
C04839,2024-10-06,Email,Midwest
C04840,2024-10-06,Organic Search,West
C04841,2024-10-06,Paid Search,South
C04842,2024-10-06,Organic Search,West
C04843,2024-10-06,Social Media,Midwest
C04844,2024-10-06,Email,South
C04845,2024-10-06,Organic Search,South
C04846,2024-10-07,Organic Search,Midwest
C04847,2024-10-07,Paid Search,Midwest
C04848,2024-10-07,Organic Search,South
C04849,2024-10-07,Paid Search,Northeast
C04850,2024-10-07,Referral,West
C04851,2024-10-07,Organic Search,West
C04852,2024-10-07,Paid Search,West
C04853,2024-10-08,Paid Search,Midwest
C04854,2024-10-08,Organic Search,South
C04855,2024-10-08,Organic Search,Northeast
C04856,2024-10-08,Social Media,South
C04857,2024-10-08,Social Media,Northeast
C04858,2024-10-08,Email,Northeast
C04859,2024-10-08,Paid Search, Northeast 
C04860,2024-10-08,Social Media,Midwest
C04861,2024-10-09,Referral,Northeast
C04862,2024-10-09,Referral,Northeast
C04863,2024-10-09,Referral,South
C04864,2024-10-09,Organic Search,Midwest
C04865,2024-10-09,Referral,West
C04866,2024-10-09,Email,West
C04867,2024-10-09,Email,West
C04868,2024-10-09,Social Media,West
C04869,2024-10-09,Referral,West
C04870,2024-10-10,Paid Search,West
C04871,2024-10-10,Social Media,South
C04872,2024-10-10,Social Media,Midwest
C04873,2024-10-10,Social Media,Midwest
C04874,2024-10-10,Email,West
C04875,2024-10-10,Organic Search,Midwest
C04876,2024-10-11,Paid Search,West
C04877,2024-10-11,Paid Search,West
C04878,2024-10-11,Social Media,Midwest
C04879,2024-10-11,Social Media,Northeast
C04880,2024-10-11,Email,Northeast
C04881,2024-10-12,Email,West
C04882,2024-10-12,Social Media,WEST
C04883,2024-10-12,Organic Search,South
C04884,2024-10-12,Social Media,Midwest
C04885,2024-10-12,Referral,South
C04886,2024-10-12,Social Media,West
C04887,2024-10-12,Referral,South
C04888,2024-10-12,Referral,Northeast
C04889,2024-10-12,Paid Search,west
C04890,2024-10-12,Social Media,Northeast
C04891,2024-10-13,Paid Search,West
C04892,2024-10-13,Paid Search,South
C04893,2024-10-13,Organic Search,South
C04894,2024-10-13,Organic Search,South
C04895,2024-10-13,Organic Search,Northeast
C04896,2024-10-13,Social Media,Midwest
C04897,2024-10-13,Organic Search,West
C04898,2024-10-13,Paid Search,West
C04899,2024-10-13,Paid Search,South
C04900,2024-10-13,Paid Search,Midwest
C04901,2024-10-13,Referral,Midwest
C04902,2024-10-13,Paid Search,Northeast
C04903,2024-10-13,Organic Search, South 
C04904,2024-10-13,Referral,West
C04905,2024-10-13,Email,Midwest
C04906,2024-10-13,Social Media,South
C04907,2024-10-14,Email,Northeast
C04908,2024-10-14,Organic Search,Midwest
C04909,2024-10-14,Email,Northeast
C04910,2024-10-14,Organic Search,Northeast
C04911,2024-10-15,Paid Search,West
C04912,2024-10-15,Organic Search,Midwest
C04913,2024-10-15,Email,West
C04914,2024-10-15,Organic Search,Midwest
C04915,2024-10-15,Organic Search,West
C04916,2024-10-15,Organic Search,Northeast
C04917,2024-10-15,Social Media,Midwest
C04918,2024-10-15,Organic Search,West
C04919,2024-10-15,Paid Search,South
C04920,2024-10-15,Paid Search,South
C04921,2024-10-15,Email,Northeast
C04922,2024-10-15,Organic Search,Northeast
C04923,2024-10-15,Referral,South
C04924,2024-10-15,Paid Search,Midwest
C04925,2024-10-16,Organic Search,Midwest
C04926,2024-10-16,Organic Search,Midwest
C04927,2024-10-16,Organic Search,Northeast
C04928,2024-10-16,Paid Search, Midwest 
C04929,2024-10-16,Organic Search,Midwest
C04930,2024-10-16,Referral,South
C04931,2024-10-16,Paid Search,Midwest
C04932,2024-10-16,Organic Search,West
C04933,2024-10-17,Paid Search,Midwest
C04934,2024-10-17,Organic Search,Northeast
C04935,2024-10-17,Organic Search,Northeast
C04936,2024-10-17,Paid Search,South
C04937,2024-10-17,Organic Search,South
C04938,2024-10-17,Organic Search,South
C04939,2024-10-17,Referral,Northeast
C04940,2024-10-17,Social Media,Midwest
C04941,2024-10-17,Referral,South
C04942,2024-10-17,Organic Search,South
C04943,2024-10-17,Referral,Northeast
C04944,2024-10-17,Paid Search,South
C04945,2024-10-17,Organic Search,South
C04946,2024-10-18,Email,South
C04947,2024-10-18,Organic Search,Northeast
C04948,2024-10-18,Paid Search,West
C04949,2024-10-18,Email,Midwest
C04950,2024-10-18,Social Media,South
C04951,2024-10-18,Paid Search,South
C04952,2024-10-18,Paid Search,Northeast
C04953,2024-10-18,Organic Search,Midwest
C04954,2024-10-18,Referral,West
C04955,2024-10-18,Organic Search,Midwest
C04956,2024-10-18,Organic Search,Northeast
C04957,2024-10-18,Organic Search,Midwest
C04958,2024-10-18,Referral,West
C04959,2024-10-18,Email,South
C04960,2024-10-18,Paid Search,South
C04961,2024-10-19,Referral,Northeast
C04962,2024-10-19,Organic Search,Midwest
C04963,2024-10-19,Referral,West
C04964,2024-10-19,Organic Search,South
C04965,2024-10-19,Paid Search,South
C04966,2024-10-19,Organic Search,West
C04967,2024-10-19,Referral,Midwest
C04968,2024-10-19,Referral,West
C04969,2024-10-19,Social Media,Northeast
C04970,2024-10-19,Organic Search,West
C04971,2024-10-20,Organic Search, Midwest 
C04972,2024-10-20,Paid Search,Midwest
C04973,2024-10-20,Paid Search,South
C04974,2024-10-20,Organic Search,Northeast
C04975,2024-10-20,Social Media,Midwest
C04976,2024-10-20,Social Media,Midwest
C04977,2024-10-20,Referral,West
C04978,2024-10-20,Paid Search,South
C04979,2024-10-20,Paid Search,West
C04980,2024-10-20,Paid Search,Northeast
C04981,2024-10-20,Organic Search,South
C04982,2024-10-21,Social Media,Midwest
C04983,2024-10-21,Email,South
C04984,2024-10-21,Organic Search,Midwest
C04985,2024-10-21,Paid Search,West
C04986,2024-10-22,Referral,South
C04987,2024-10-22,Paid Search,West
C04988,2024-10-22,Paid Search,Northeast
C04989,2024-10-22,Social Media,Midwest
C04990,2024-10-22,Social Media,West
C04991,2024-10-22,Organic Search,South
C04992,2024-10-22,Email,Midwest
C04993,2024-10-22,Referral,West
C04994,2024-10-22,Organic Search,South
C04995,2024-10-22,Organic Search,Midwest
C04996,2024-10-22,Social Media,
C04997,2024-10-22,Social Media,South
C04998,2024-10-22,Paid Search,West
C04999,2024-10-22,Paid Search,Northeast
C05000,2024-10-23,Social Media,West
C05001,2024-10-23,Paid Search,Midwest
C05002,2024-10-23,Organic Search,South
C05003,2024-10-23,Organic Search,Midwest
C05004,2024-10-23,Paid Search,South
C05005,2024-10-23,Referral,South
C05006,2024-10-23,Social Media,South
C05007,2024-10-23,Paid Search,South
C05008,2024-10-23,Referral,West
C05009,2024-10-23,Paid Search,MIDWEST
C05010,2024-10-23,Paid Search,Midwest
C05011,2024-10-23,Organic Search,Northeast
C05012,2024-10-23,Social Media,South
C05013,2024-10-23,Social Media,Midwest
C05014,2024-10-24,Email,West
C05015,2024-10-24,Paid Search,Northeast
C05016,2024-10-24,Paid Search,Northeast
C05017,2024-10-24,Organic Search,South
C05018,2024-10-24,Referral,West
C05019,2024-10-24,Organic Search,Midwest
C05020,2024-10-25,Social Media,South
C05021,2024-10-25,Social Media,Northeast
C05022,2024-10-25,Organic Search,Midwest
C05023,2024-10-25,Paid Search,West
C05024,2024-10-25,Organic Search,West
C05025,2024-10-25,Social Media,West
C05026,2024-10-25,Referral,Northeast
C05027,2024-10-25,Paid Search,West
C05028,2024-10-26,Referral,West
C05029,2024-10-26,Organic Search,South
C05030,2024-10-26,Paid Search,Midwest
C05031,2024-10-26,Referral,Midwest
C05032,2024-10-27,Referral,Northeast
C05033,2024-10-27,Paid Search,Midwest
C05034,2024-10-27,Social Media,Northeast
C05035,2024-10-27,Referral,Midwest
C05036,2024-10-27,Email,South
C05037,2024-10-27,Social Media,South
C05038,2024-10-27,Organic Search,Midwest
C05039,2024-10-27,Organic Search,West
C05040,2024-10-27,Social Media,West
C05041,2024-10-27,Paid Search,Northeast
C05042,2024-10-27,Organic Search,Northeast
C05043,2024-10-27,Organic Search,West
C05044,2024-10-27,Paid Search,West
C05045,2024-10-28,Paid Search,West
C05046,2024-10-28,Paid Search,South
C05047,2024-10-28,Paid Search,south
C05048,2024-10-28,Organic Search,West
C05049,2024-10-28,Referral,Northeast
C05050,2024-10-28,Social Media,West
C05051,2024-10-28,Organic Search,West
C05052,2024-10-28,Paid Search,Northeast
C05053,2024-10-28,Paid Search,South
C05054,2024-10-28,Social Media,West
C05055,2024-10-29,Social Media,South
C05056,2024-10-29,Social Media,Northeast
C05057,2024-10-29,Social Media,South
C05058,2024-10-29,Organic Search,West
C05059,2024-10-29,Paid Search,West
C05060,2024-10-29,Organic Search,Midwest
C05061,2024-10-29,Paid Search,Northeast
C05062,2024-10-29,Paid Search,Midwest
C05063,2024-10-29,Social Media,Northeast
C05064,2024-10-29,Organic Search,West
C05065,2024-10-29,Social Media,South
C05066,2024-10-30,Paid Search,South
C05067,2024-10-30,Paid Search,South
C05068,2024-10-30,Social Media,South
C05069,2024-10-30,Organic Search,West
C05070,2024-10-30,Paid Search,Northeast
C05071,2024-10-30,Paid Search,Northeast
C05072,2024-10-30,Social Media,South
C05073,2024-10-30,Organic Search,West
C05074,2024-10-30,Referral,South
C05075,2024-10-30,Referral,West
C05076,2024-10-31,Email,West
C05077,2024-10-31,Organic Search,South
C05078,2024-10-31,Social Media,South
C05079,2024-10-31,Organic Search,Midwest
C05080,2024-10-31,Referral,West
C05081,2024-10-31,Paid Search,West
C05082,2024-10-31,Organic Search,South
C05083,2024-10-31,Paid Search,South
C05084,2024-10-31,Email,West
C05085,2024-10-31,Referral,midwest
C05086,2024-10-31,Paid Search,South
C05087,2024-11-01,Paid Search,South
C05088,2024-11-01,Email,Midwest
C05089,2024-11-01,Email,West
C05090,2024-11-01,Email,South
C05091,2024-11-01,Paid Search,Northeast
C05092,2024-11-01,Social Media,West
C05093,2024-11-01,Referral,Midwest
C05094,2024-11-02,Organic Search,South
C05095,2024-11-02,Paid Search,Northeast
C05096,2024-11-02,Organic Search,South
C05097,2024-11-02,Paid Search,Northeast
C05098,2024-11-02,Email,Midwest
C05099,2024-11-02,Organic Search,Midwest
C05100,2024-11-02,Paid Search,Midwest
C05101,2024-11-02,Organic Search,Northeast
C05102,2024-11-02,Referral,South
C05103,2024-11-02,Email,South
C05104,2024-11-02,Paid Search,West
C05105,2024-11-02,Social Media,West
C05106,2024-11-02,Organic Search,South
C05107,2024-11-02,Email,Northeast
C05108,2024-11-02,Social Media,Northeast
C05109,2024-11-02,Organic Search,Midwest
C05110,2024-11-03,Referral,West
C05111,2024-11-03,Organic Search,Northeast
C05112,2024-11-03,Social Media,Northeast
C05113,2024-11-03,Organic Search,Midwest
C05114,2024-11-03,Social Media,Northeast
C05115,2024-11-03,Organic Search,South
C05116,2024-11-03,Organic Search,South
C05117,2024-11-03,Paid Search,Midwest
C05118,2024-11-03,Referral,Northeast
C05119,2024-11-03,Organic Search,Northeast
C05120,2024-11-03,Social Media,Northeast
C05121,2024-11-03,Paid Search,Northeast
C05122,2024-11-03,Email,Northeast
C05123,2024-11-03,Organic Search,
C05124,2024-11-03,Social Media,Midwest
C05125,2024-11-03,Referral,West
C05126,2024-11-03,Paid Search,South
C05127,2024-11-04,Paid Search,South
C05128,2024-11-04,Referral,West
C05129,2024-11-04,Paid Search,Midwest
C05130,2024-11-04,Paid Search,Midwest
C05131,2024-11-04,Paid Search,West
C05132,2024-11-04,Email,South
C05133,2024-11-04,Referral,West
C05134,2024-11-04,Social Media,Midwest
C05135,2024-11-04,Social Media,Northeast
C05136,2024-11-04,Paid Search,South
C05137,2024-11-04,Organic Search,West
C05138,2024-11-04,Organic Search,West
C05139,2024-11-04,Organic Search,West
C05140,2024-11-04,Organic Search,Midwest
C05141,2024-11-04,Social Media,Midwest
C05142,2024-11-05,Organic Search,South
C05143,2024-11-05,Organic Search,South
C05144,2024-11-05,Paid Search,West
C05145,2024-11-05,Organic Search,South
C05146,2024-11-05,Organic Search,West
C05147,2024-11-05,Organic Search,South
C05148,2024-11-05,Organic Search,South
C05149,2024-11-05,Paid Search,Midwest
C05150,2024-11-05,Email,South
C05151,2024-11-05,Referral,Midwest
C05152,2024-11-05,Email,South
C05153,2024-11-05,Social Media,South
C05154,2024-11-05,Referral,South
C05155,2024-11-05,Paid Search,South
C05156,2024-11-05,Social Media,West
C05157,2024-11-06,Paid Search,Midwest
C05158,2024-11-06,Paid Search,Midwest
C05159,2024-11-06,Paid Search,South
C05160,2024-11-06,Organic Search,South
C05161,2024-11-06,Email,South
C05162,2024-11-06,Organic Search,Northeast
C05163,2024-11-06,Social Media,South
C05164,2024-11-06,Referral,South
C05165,2024-11-06,Paid Search,Midwest
C05166,2024-11-06,Organic Search,
C05167,2024-11-06,Paid Search,Northeast
C05168,2024-11-06,Paid Search,South
C05169,2024-11-06,Referral,West
C05170,2024-11-06,Social Media,South
C05171,2024-11-06,Social Media,Northeast
C05172,2024-11-06,Paid Search,Northeast
C05173,2024-11-06,Social Media,South
C05174,2024-11-07,Social Media,Midwest
C05175,2024-11-07,Organic Search,West
C05176,2024-11-07,Organic Search,Northeast
C05177,2024-11-07,Organic Search,South
C05178,2024-11-07,Paid Search,West
C05179,2024-11-07,Referral,South
C05180,2024-11-07,Social Media,Northeast
C05181,2024-11-08,Paid Search,South
C05182,2024-11-08,Referral,West
C05183,2024-11-08,Organic Search,Northeast
C05184,2024-11-08,Organic Search,Northeast
C05185,2024-11-08,Referral,Northeast
C05186,2024-11-08,Referral,Northeast
C05187,2024-11-08,Social Media,Northeast
C05188,2024-11-08,Organic Search,
C05189,2024-11-08,Referral,West
C05190,2024-11-08,Email,South
C05191,2024-11-08,Social Media,West
C05192,2024-11-08,Organic Search,South
C05193,2024-11-08,Paid Search,West
C05194,2024-11-08,Email,West
C05195,2024-11-08,Referral,South
C05196,2024-11-08,Social Media,Northeast
C05197,2024-11-08,Paid Search,Northeast
C05198,2024-11-08,Social Media,West
C05199,2024-11-09,Paid Search,Midwest
C05200,2024-11-09,Paid Search,South
C05201,2024-11-09,Organic Search,South
C05202,2024-11-09,Organic Search,South
C05203,2024-11-09,Email,West
C05204,2024-11-09,Organic Search,South
C05205,2024-11-09,Organic Search,Midwest
C05206,2024-11-09,Referral,South
C05207,2024-11-09,Social Media,West
C05208,2024-11-09,Organic Search,West
C05209,2024-11-09,Paid Search,South
C05210,2024-11-09,Email,Northeast
C05211,2024-11-09,Paid Search,Northeast
C05212,2024-11-09,Paid Search,Northeast
C05213,2024-11-10,Paid Search,Northeast
C05214,2024-11-10,Organic Search,West
C05215,2024-11-10,Social Media,WEST
C05216,2024-11-10,Organic Search,Northeast
C05217,2024-11-10,Paid Search,West
C05218,2024-11-10,Organic Search,West
C05219,2024-11-10,Organic Search,South
C05220,2024-11-10,Organic Search,Northeast
C05221,2024-11-10,Referral,South
C05222,2024-11-10,Organic Search,Midwest
C05223,2024-11-10,Organic Search,South
C05224,2024-11-10,Organic Search,West
C05225,2024-11-10,Social Media,South
C05226,2024-11-10,Paid Search,South
C05227,2024-11-10,Referral,South
C05228,2024-11-10,Social Media,Northeast
C05229,2024-11-11,Paid Search,South
C05230,2024-11-11,Social Media,South
C05231,2024-11-11,Organic Search, South 
C05232,2024-11-11,Referral,West
C05233,2024-11-11,Referral,Midwest
C05234,2024-11-11,Organic Search,West
C05235,2024-11-11,Social Media,Northeast
C05236,2024-11-11,Organic Search,West
C05237,2024-11-11,Paid Search,West
C05238,2024-11-11,Email,Midwest
C05239,2024-11-11,Referral,South
C05240,2024-11-11,Paid Search,Midwest
C05241,2024-11-11,Social Media,west
C05242,2024-11-12,Social Media,West
C05243,2024-11-12,Organic Search,Midwest
C05244,2024-11-12,Social Media,West
C05245,2024-11-12,Social Media,Midwest
C05246,2024-11-12,Email,Midwest
C05247,2024-11-12,Referral,South
C05248,2024-11-12,Organic Search,West
C05249,2024-11-12,Organic Search,Northeast
C05250,2024-11-12,Organic Search,South
C05251,2024-11-12,Organic Search,Northeast
C05252,2024-11-12,Paid Search,South
C05253,2024-11-12,Referral,South
C05254,2024-11-12,Paid Search,West
C05255,2024-11-12,Social Media,Northeast
C05256,2024-11-13,Paid Search,Northeast
C05257,2024-11-13,Paid Search,Northeast
C05258,2024-11-13,Email,South
C05259,2024-11-13,Social Media,West
C05260,2024-11-13,Paid Search,South
C05261,2024-11-13,Referral,South
C05262,2024-11-13,Paid Search,South
C05263,2024-11-13,Organic Search,West
C05264,2024-11-13,Paid Search,South
C05265,2024-11-13,Social Media,South
C05266,2024-11-13,Paid Search,Northeast
C05267,2024-11-13,Email, South 
C05268,2024-11-14,Paid Search,Midwest
C05269,2024-11-14,Paid Search,West
C05270,2024-11-14,Referral,South
C05271,2024-11-14,Paid Search,Midwest
C05272,2024-11-14,Paid Search,West
C05273,2024-11-14,Organic Search,Northeast
C05274,2024-11-14,Paid Search,West
C05275,2024-11-14,Paid Search,West
C05276,2024-11-14,Organic Search,Northeast
C05277,2024-11-14,Social Media,West
C05278,2024-11-14,Organic Search,West
C05279,2024-11-14,Organic Search,South
C05280,2024-11-14,Social Media,West
C05281,2024-11-14,Organic Search,South
C05282,2024-11-14,Social Media,Northeast
C05283,2024-11-14,Social Media,West
C05284,2024-11-15,Paid Search,Midwest
C05285,2024-11-15,Organic Search,South
C05286,2024-11-15,Paid Search,West
C05287,2024-11-15,Organic Search,South
C05288,2024-11-15,Paid Search,Northeast
C05289,2024-11-15,Social Media,Northeast
C05290,2024-11-15,Social Media,West
C05291,2024-11-15,Paid Search,West
C05292,2024-11-15,Referral, Northeast 
C05293,2024-11-15,Organic Search,South
C05294,2024-11-15,Referral,West
C05295,2024-11-15,Email,Northeast
C05296,2024-11-15,Paid Search,South
C05297,2024-11-15,Organic Search,Northeast
C05298,2024-11-15,Organic Search,Northeast
C05299,2024-11-15,Referral,South
C05300,2024-11-15,Organic Search,South
C05301,2024-11-15,Referral,West
C05302,2024-11-16,Paid Search,Northeast
C05303,2024-11-16,Paid Search,West
C05304,2024-11-16,Social Media,West
C05305,2024-11-16,Organic Search,South
C05306,2024-11-16,Paid Search,South
C05307,2024-11-16,Referral,South
C05308,2024-11-16,Organic Search, South 
C05309,2024-11-16,Referral,South
C05310,2024-11-16,Referral,South
C05311,2024-11-16,Organic Search,Northeast
C05312,2024-11-16,Paid Search,Northeast
C05313,2024-11-16,Organic Search, South 
C05314,2024-11-16,Social Media,West
C05315,2024-11-16,Referral,South
C05316,2024-11-16,Referral,West
C05317,2024-11-16,Referral,Midwest
C05318,2024-11-16,Organic Search,West
C05319,2024-11-16,Paid Search,South
C05320,2024-11-16,Organic Search,West
C05321,2024-11-17,Referral,Northeast
C05322,2024-11-17,Organic Search,South
C05323,2024-11-17,Organic Search,Midwest
C05324,2024-11-17,Organic Search,West
C05325,2024-11-17,Organic Search,South
C05326,2024-11-17,Organic Search,West
C05327,2024-11-17,Organic Search,Northeast
C05328,2024-11-17,Referral,West
C05329,2024-11-17,Email,Midwest
C05330,2024-11-17,Organic Search,Midwest
C05331,2024-11-17,Email,South
C05332,2024-11-17,Paid Search,South
C05333,2024-11-17,Email,South
C05334,2024-11-17,Paid Search,Northeast
C05335,2024-11-18,Social Media,Northeast
C05336,2024-11-18,Paid Search,SOUTH
C05337,2024-11-18,Organic Search,Midwest
C05338,2024-11-18,Social Media,South
C05339,2024-11-18,Email,Northeast
C05340,2024-11-18,Email,Midwest
C05341,2024-11-18,Paid Search,South
C05342,2024-11-18,Paid Search,South
C05343,2024-11-18,Email,South
C05344,2024-11-18,Organic Search,Midwest
C05345,2024-11-18,Organic Search,West
C05346,2024-11-18,Paid Search,Midwest
C05347,2024-11-18,Organic Search, West 
C05348,2024-11-18,Paid Search,West
C05349,2024-11-18,Organic Search,Midwest
C05350,2024-11-18,Social Media,West
C05351,2024-11-18,Social Media,Northeast
C05352,2024-11-19,Email,West
C05353,2024-11-19,Social Media,South
C05354,2024-11-19,Paid Search,South
C05355,2024-11-19,Referral,South
C05356,2024-11-19,Social Media,Northeast
C05357,2024-11-19,Paid Search,West
C05358,2024-11-19,Organic Search,West
C05359,2024-11-19,Social Media,South
C05360,2024-11-19,Social Media,Northeast
C05361,2024-11-19,Social Media,Northeast
C05362,2024-11-19,Email,Northeast
C05363,2024-11-19,Referral,Midwest
C05364,2024-11-19,Referral,South
C05365,2024-11-19,Social Media,South
C05366,2024-11-19,Referral,West
C05367,2024-11-19,Referral,South
C05368,2024-11-20,Organic Search,Northeast
C05369,2024-11-20,Social Media,Northeast
C05370,2024-11-20,Organic Search,South
C05371,2024-11-20,Organic Search,Midwest
C05372,2024-11-20,Organic Search,South
C05373,2024-11-20,Paid Search,Northeast
C05374,2024-11-20,Organic Search,West
C05375,2024-11-20,Organic Search,Northeast
C05376,2024-11-20,Organic Search,South
C05377,2024-11-20,Social Media,Midwest
C05378,2024-11-20,Referral,Midwest
C05379,2024-11-20,Referral,West
C05380,2024-11-20,Paid Search,West
C05381,2024-11-21,Organic Search,Northeast
C05382,2024-11-21,Referral,West
C05383,2024-11-21,Organic Search,West
C05384,2024-11-21,Referral,West
C05385,2024-11-21,Social Media,Midwest
C05386,2024-11-21,Paid Search,Northeast
C05387,2024-11-21,Organic Search,South
C05388,2024-11-21,Organic Search,Midwest
C05389,2024-11-21,Paid Search,South
C05390,2024-11-21,Paid Search,South
C05391,2024-11-21,Email,Midwest
C05392,2024-11-21,Social Media,South
C05393,2024-11-22,Paid Search,South
C05394,2024-11-22,Organic Search,West
C05395,2024-11-22,Paid Search,Midwest
C05396,2024-11-22,Organic Search,South
C05397,2024-11-22,Social Media,West
C05398,2024-11-22,Social Media,South
C05399,2024-11-22,Email,West
C05400,2024-11-22,Paid Search,West
C05401,2024-11-22,Organic Search,South
C05402,2024-11-22,Email,Midwest
C05403,2024-11-22,Social Media,Northeast
C05404,2024-11-22,Social Media,Midwest
C05405,2024-11-22,Paid Search,Midwest
C05406,2024-11-23,Referral,Midwest
C05407,2024-11-23,Organic Search,Northeast
C05408,2024-11-23,Paid Search,South
C05409,2024-11-23,Email,Midwest
C05410,2024-11-23,Organic Search,West
C05411,2024-11-23,Email,South
C05412,2024-11-23,Paid Search,West
C05413,2024-11-23,Organic Search,South
C05414,2024-11-23,Organic Search,West
C05415,2024-11-23,Email,Northeast
C05416,2024-11-23,Email,West
C05417,2024-11-23,Organic Search,South
C05418,2024-11-23,Organic Search,South
C05419,2024-11-24,Organic Search,
C05420,2024-11-24,Organic Search,West
C05421,2024-11-24,Social Media,West
C05422,2024-11-24,Organic Search,Northeast
C05423,2024-11-24,Organic Search,Midwest
C05424,2024-11-24,Organic Search,West
C05425,2024-11-24,Social Media,Northeast
C05426,2024-11-24,Social Media,South
C05427,2024-11-25,Social Media,Midwest
C05428,2024-11-25,Social Media,West
C05429,2024-11-25,Referral,Northeast
C05430,2024-11-25,Paid Search,South
C05431,2024-11-25,Referral,Northeast
C05432,2024-11-25,Social Media,West
C05433,2024-11-25,Organic Search,West
C05434,2024-11-25,Email,Northeast
C05435,2024-11-26,Social Media,Northeast
C05436,2024-11-26,Social Media,West
C05437,2024-11-26,Organic Search,Midwest
C05438,2024-11-26,Paid Search,South
C05439,2024-11-26,Referral,West
C05440,2024-11-26,Organic Search,South
C05441,2024-11-26,Organic Search,South
C05442,2024-11-26,Organic Search,Midwest
C05443,2024-11-26,Paid Search,South
C05444,2024-11-27,Email,Midwest
C05445,2024-11-27,Social Media, South 
C05446,2024-11-27,Referral,NORTHEAST
C05447,2024-11-27,Paid Search,South
C05448,2024-11-27,Paid Search,Northeast
C05449,2024-11-27,Organic Search,Midwest
C05450,2024-11-27,Organic Search,West
C05451,2024-11-27,Social Media,West
C05452,2024-11-27,Organic Search,Northeast
C05453,2024-11-27,Organic Search,Northeast
C05454,2024-11-27,Referral,South
C05455,2024-11-27,Social Media,Northeast
C05456,2024-11-27,Organic Search,Northeast
C05457,2024-11-28,Social Media,Northeast
C05458,2024-11-28,Paid Search,South
C05459,2024-11-28,Referral,West
C05460,2024-11-28,Social Media,Midwest
C05461,2024-11-28,Organic Search,West
C05462,2024-11-28,Organic Search,West
C05463,2024-11-28,Organic Search,
C05464,2024-11-28,Social Media,South
C05465,2024-11-28,Paid Search,West
C05466,2024-11-28,Social Media,Northeast
C05467,2024-11-28,Paid Search,Northeast
C05468,2024-11-28,Paid Search,Midwest
C05469,2024-11-28,Organic Search,Northeast
C05470,2024-11-29,Organic Search,South
C05471,2024-11-29,Paid Search,West
C05472,2024-11-29,Social Media,South
C05473,2024-11-29,Referral,Midwest
C05474,2024-11-29,Organic Search,South
C05475,2024-11-29,Social Media,West
C05476,2024-11-29,Organic Search,West
C05477,2024-11-29,Social Media,South
C05478,2024-11-29,Organic Search,South
C05479,2024-11-29,Social Media,Northeast
C05480,2024-11-29,Organic Search,South
C05481,2024-11-29,Organic Search,Midwest
C05482,2024-11-29,Social Media,Midwest
C05483,2024-11-29,Paid Search,South
C05484,2024-11-29,Paid Search,Midwest
C05485,2024-11-29,Paid Search,South
C05486,2024-11-29,Referral,South
C05487,2024-11-29,Organic Search,South
C05488,2024-11-29,Paid Search,Northeast
C05489,2024-11-30,Referral,Northeast
C05490,2024-11-30,Social Media,South
C05491,2024-11-30,Paid Search,Northeast
C05492,2024-11-30,Social Media,Northeast
C05493,2024-11-30,Organic Search,Northeast
C05494,2024-11-30,Paid Search,West
C05495,2024-11-30,Paid Search,Northeast
C05496,2024-11-30,Email,Northeast
C05497,2024-11-30,Email,
C05498,2024-11-30,Organic Search,Northeast
C05499,2024-11-30,Organic Search,South
C05500,2024-11-30,Paid Search,Northeast
C05501,2024-11-30,Paid Search,Northeast
C05502,2024-11-30,Paid Search,West
C05503,2024-12-01,Social Media,South
C05504,2024-12-01,Paid Search,Northeast
C05505,2024-12-01,Referral,Midwest
C05506,2024-12-01,Paid Search,Midwest
C05507,2024-12-01,Organic Search,Northeast
C05508,2024-12-01,Paid Search,South
C05509,2024-12-01,Social Media,South
C05510,2024-12-01,Organic Search,Northeast
C05511,2024-12-01,Organic Search,West
C05512,2024-12-01,Paid Search,Northeast
C05513,2024-12-01,Social Media,South
C05514,2024-12-01,Referral,South
C05515,2024-12-01,Paid Search,Northeast
C05516,2024-12-01,Organic Search,Northeast
C05517,2024-12-01,Paid Search,Northeast
C05518,2024-12-01,Paid Search,South
C05519,2024-12-01,Referral,Northeast
C05520,2024-12-02,Paid Search,West
C05521,2024-12-02,Social Media,Northeast
C05522,2024-12-02,Referral,Northeast
C05523,2024-12-02,Social Media,West
C05524,2024-12-02,Organic Search,Northeast
C05525,2024-12-02,Social Media,West
C05526,2024-12-02,Paid Search,WEST
C05527,2024-12-02,Paid Search,northeast
C05528,2024-12-02,Referral,South
C05529,2024-12-02,Organic Search,Midwest
C05530,2024-12-02,Paid Search,West
C05531,2024-12-02,Organic Search,South
C05532,2024-12-02,Organic Search,Northeast
C05533,2024-12-02,Social Media,South
C05534,2024-12-02,Email,Midwest
C05535,2024-12-02,Social Media,West
C05536,2024-12-02,Paid Search,South
C05537,2024-12-03,Organic Search,
C05538,2024-12-03,Paid Search,South
C05539,2024-12-03,Paid Search,South
C05540,2024-12-03,Email,South
C05541,2024-12-03,Social Media,South
C05542,2024-12-03,Referral,South
C05543,2024-12-03,Email,West
C05544,2024-12-03,Paid Search,South
C05545,2024-12-03,Social Media,South
C05546,2024-12-03,Social Media,South
C05547,2024-12-03,Referral,South
C05548,2024-12-03,Paid Search,South
C05549,2024-12-03,Social Media,South
C05550,2024-12-04,Paid Search,West
C05551,2024-12-04,Social Media,Midwest
C05552,2024-12-04,Referral,South
C05553,2024-12-04,Referral,South
C05554,2024-12-04,Organic Search,Northeast
C05555,2024-12-04,Organic Search,West
C05556,2024-12-04,Email,South
C05557,2024-12-04,Social Media,Northeast
C05558,2024-12-04,Referral,Northeast
C05559,2024-12-04,Paid Search,Midwest
C05560,2024-12-04,Email,Midwest
C05561,2024-12-04,Social Media,West
C05562,2024-12-04,Organic Search,Northeast
C05563,2024-12-04,Organic Search,West
C05564,2024-12-04,Social Media,Midwest
C05565,2024-12-04,Organic Search,West
C05566,2024-12-04,Email,South
C05567,2024-12-04,Social Media,South
C05568,2024-12-04,Paid Search,West
C05569,2024-12-04,Organic Search,West
C05570,2024-12-04,Referral,Northeast
C05571,2024-12-05,Social Media,South
C05572,2024-12-05,Email,Northeast
C05573,2024-12-05,Email,South
C05574,2024-12-05,Social Media,West
C05575,2024-12-05,Referral,West
C05576,2024-12-05,Social Media,West
C05577,2024-12-05,Paid Search,West
C05578,2024-12-05,Organic Search,South
C05579,2024-12-05,Organic Search,South
C05580,2024-12-05,Social Media,Northeast
C05581,2024-12-05,Paid Search,South
C05582,2024-12-05,Social Media,Northeast
C05583,2024-12-05,Referral,Northeast
C05584,2024-12-06,Paid Search,South
C05585,2024-12-06,Organic Search,Midwest
C05586,2024-12-06,Social Media,Northeast
C05587,2024-12-06,Organic Search,Northeast
C05588,2024-12-06,Email, Northeast 
C05589,2024-12-06,Paid Search,West
C05590,2024-12-06,Paid Search,Midwest
C05591,2024-12-06,Social Media,South
C05592,2024-12-06,Paid Search,South
C05593,2024-12-06,Paid Search,Northeast
C05594,2024-12-06,Organic Search,South
C05595,2024-12-06,Paid Search,Northeast
C05596,2024-12-06,Referral,West
C05597,2024-12-06,Organic Search,West
C05598,2024-12-06,Paid Search,Midwest
C05599,2024-12-06,Organic Search,South
C05600,2024-12-06,Paid Search,South
C05601,2024-12-06,Organic Search,Northeast
C05602,2024-12-06,Email,Northeast
C05603,2024-12-06,Organic Search,Midwest
C05604,2024-12-06,Social Media,South
C05605,2024-12-07,Organic Search,Midwest
C05606,2024-12-07,Paid Search,Northeast
C05607,2024-12-07,Organic Search,Midwest
C05608,2024-12-07,Social Media,South
C05609,2024-12-07,Referral,West
C05610,2024-12-07,Organic Search,West
C05611,2024-12-07,Referral,West
C05612,2024-12-07,Paid Search,South
C05613,2024-12-07,Social Media,West
C05614,2024-12-07,Social Media,Northeast
C05615,2024-12-07,Organic Search,West
C05616,2024-12-07,Paid Search,West
C05617,2024-12-07,Organic Search,South
C05618,2024-12-07,Social Media,Midwest
C05619,2024-12-07,Paid Search,West
C05620,2024-12-07,Referral,West
C05621,2024-12-07,Organic Search,Midwest
C05622,2024-12-08,Referral,Northeast
C05623,2024-12-08,Organic Search,South
C05624,2024-12-08,Social Media,Northeast
C05625,2024-12-08,Paid Search,Midwest
C05626,2024-12-08,Organic Search,South
C05627,2024-12-08,Organic Search,Northeast
C05628,2024-12-08,Social Media,South
C05629,2024-12-08,Organic Search,NORTHEAST
C05630,2024-12-08,Social Media,Northeast
C05631,2024-12-08,Referral,Midwest
C05632,2024-12-09,Paid Search,Northeast
C05633,2024-12-09,Organic Search,South
C05634,2024-12-09,Organic Search,West
C05635,2024-12-09,Organic Search,Midwest
C05636,2024-12-09,Paid Search,South
C05637,2024-12-09,Social Media,South
C05638,2024-12-09,Organic Search, Northeast 
C05639,2024-12-09,Organic Search,West
C05640,2024-12-09,Social Media,
C05641,2024-12-09,Paid Search,South
C05642,2024-12-09,Social Media,South
C05643,2024-12-09,Referral,Northeast
C05644,2024-12-09,Organic Search,West
C05645,2024-12-09,Paid Search,West
C05646,2024-12-09,Email,Northeast
C05647,2024-12-09,Social Media,South
C05648,2024-12-09,Email,Northeast
C05649,2024-12-09,Email,West
C05650,2024-12-09,Paid Search,West
C05651,2024-12-09,Paid Search,West
C05652,2024-12-09,Social Media,Northeast
C05653,2024-12-10,Social Media,Midwest
C05654,2024-12-10,Social Media,South
C05655,2024-12-10,Paid Search,South
C05656,2024-12-10,Email,West
C05657,2024-12-10,Organic Search,
C05658,2024-12-10,Organic Search,South
C05659,2024-12-10,Paid Search,Midwest
C05660,2024-12-10,Organic Search,Northeast
C05661,2024-12-10,Social Media,West
C05662,2024-12-10,Organic Search,West
C05663,2024-12-10,Social Media,South
C05664,2024-12-11,Paid Search,West
C05665,2024-12-11,Organic Search,West
C05666,2024-12-11,Organic Search,Midwest
C05667,2024-12-11,Paid Search,West
C05668,2024-12-11,Social Media,South
C05669,2024-12-11,Paid Search,South
C05670,2024-12-11,Organic Search,South
C05671,2024-12-11,Organic Search,Midwest
C05672,2024-12-11,Organic Search,Northeast
C05673,2024-12-11,Organic Search,Midwest
C05674,2024-12-11,Referral,Midwest
C05675,2024-12-11,Organic Search,
C05676,2024-12-12,Organic Search,Northeast
C05677,2024-12-12,Referral,Northeast
C05678,2024-12-12,Social Media,South
C05679,2024-12-12,Paid Search,West
C05680,2024-12-12,Social Media,Northeast
C05681,2024-12-12,Referral,Midwest
C05682,2024-12-12,Organic Search,South
C05683,2024-12-12,Organic Search,Midwest
C05684,2024-12-12,Referral,Midwest
C05685,2024-12-12,Email,Midwest
C05686,2024-12-12,Referral,South
C05687,2024-12-12,Paid Search,South
C05688,2024-12-12,Referral, Northeast 
C05689,2024-12-12,Paid Search,South
C05690,2024-12-13,Social Media,South
C05691,2024-12-13,Referral,Northeast
C05692,2024-12-13,Organic Search,South
C05693,2024-12-13,Organic Search,West
C05694,2024-12-13,Social Media,Midwest
C05695,2024-12-13,Email,West
C05696,2024-12-13,Organic Search,Midwest
C05697,2024-12-13,Referral,
C05698,2024-12-13,Paid Search,West
C05699,2024-12-13,Paid Search,South
C05700,2024-12-13,Paid Search,West
C05701,2024-12-13,Referral,West
C05702,2024-12-13,Organic Search,Midwest
C05703,2024-12-13,Social Media,Midwest
C05704,2024-12-14,Organic Search,South
C05705,2024-12-14,Referral,South
C05706,2024-12-14,Email,Northeast
C05707,2024-12-14,Organic Search,West
C05708,2024-12-14,Organic Search,South
C05709,2024-12-14,Paid Search,South
C05710,2024-12-14,Paid Search,South
C05711,2024-12-14,Email,West
C05712,2024-12-14,Social Media,South
C05713,2024-12-14,Paid Search,Northeast
C05714,2024-12-14,Social Media,South
C05715,2024-12-14,Paid Search,West
C05716,2024-12-14,Organic Search,West
C05717,2024-12-14,Organic Search,South
C05718,2024-12-14,Paid Search,Midwest
C05719,2024-12-14,Social Media,Northeast
C05720,2024-12-14,Organic Search,Midwest
C05721,2024-12-14,Social Media,West
C05722,2024-12-14,Organic Search,West
C05723,2024-12-14,Social Media,South
C05724,2024-12-15,Organic Search,West
C05725,2024-12-15,Paid Search,West
C05726,2024-12-15,Organic Search,West
C05727,2024-12-15,Paid Search,South
C05728,2024-12-15,Organic Search,South
C05729,2024-12-15,Paid Search,South
C05730,2024-12-15,Email,South
C05731,2024-12-15,Organic Search,West
C05732,2024-12-15,Social Media,Midwest
C05733,2024-12-15,Social Media,South
C05734,2024-12-15,Paid Search,South
C05735,2024-12-15,Social Media,South
C05736,2024-12-15,Paid Search,South
C05737,2024-12-15,Social Media,Northeast
C05738,2024-12-15,Email,South
C05739,2024-12-15,Email,Midwest
C05740,2024-12-16,Organic Search,Midwest
C05741,2024-12-16,Social Media,West
C05742,2024-12-16,Organic Search,Midwest
C05743,2024-12-16,Paid Search,Northeast
C05744,2024-12-16,Organic Search, Midwest 
C05745,2024-12-16,Organic Search,South
C05746,2024-12-16,Social Media,Midwest
C05747,2024-12-16,Referral,South
C05748,2024-12-16,Organic Search,West
C05749,2024-12-16,Social Media,Midwest
C05750,2024-12-16,Social Media,West
C05751,2024-12-17,Referral,South
C05752,2024-12-17,Social Media,South
C05753,2024-12-17,Organic Search,South
C05754,2024-12-17,Organic Search,West
C05755,2024-12-17,Social Media,West
C05756,2024-12-17,Organic Search,West
C05757,2024-12-17,Referral,Northeast
C05758,2024-12-17,Referral, South 
C05759,2024-12-17,Referral,Midwest
C05760,2024-12-17,Organic Search,West
C05761,2024-12-17,Social Media,Northeast
C05762,2024-12-17,Social Media,Northeast
C05763,2024-12-17,Organic Search,Midwest
C05764,2024-12-17,Organic Search,South
C05765,2024-12-17,Organic Search,West
C05766,2024-12-17,Paid Search,Midwest
C05767,2024-12-17,Referral,Northeast
C05768,2024-12-17,Email,South
C05769,2024-12-17,Organic Search,Northeast
C05770,2024-12-18,Paid Search,Northeast
C05771,2024-12-18,Organic Search,South
C05772,2024-12-18,Organic Search,Northeast
C05773,2024-12-18,Organic Search,Midwest
C05774,2024-12-18,Social Media,West
C05775,2024-12-18,Social Media,South
C05776,2024-12-18,Email,West
C05777,2024-12-18,Referral,West
C05778,2024-12-18,Organic Search,West
C05779,2024-12-18,Social Media, Northeast 
C05780,2024-12-18,Organic Search,West
C05781,2024-12-18,Paid Search,Midwest
C05782,2024-12-19,Paid Search,Northeast
C05783,2024-12-19,Organic Search,Northeast
C05784,2024-12-19,Organic Search,West
C05785,2024-12-19,Organic Search,South
C05786,2024-12-19,Organic Search,Northeast
C05787,2024-12-19,Referral,South
C05788,2024-12-19,Organic Search,West
C05789,2024-12-19,Paid Search,SOUTH
C05790,2024-12-19,Referral,West
C05791,2024-12-19,Social Media,Northeast
C05792,2024-12-19,Paid Search,West
C05793,2024-12-19,Referral,West
C05794,2024-12-19,Organic Search,South
C05795,2024-12-19,Organic Search,South
C05796,2024-12-20,Paid Search,West
C05797,2024-12-20,Paid Search,Midwest
C05798,2024-12-20,Email,Midwest
C05799,2024-12-20,Organic Search,Midwest
C05800,2024-12-20,Social Media,South
C05801,2024-12-20,Social Media,South
C05802,2024-12-20,Referral,West
C05803,2024-12-20,Organic Search,Northeast
C05804,2024-12-20,Organic Search,Northeast
C05805,2024-12-20,Referral,Northeast
C05806,2024-12-20,Social Media,West
C05807,2024-12-20,Organic Search,West
C05808,2024-12-20,Organic Search,Midwest
C05809,2024-12-20,Email,South
C05810,2024-12-20,Social Media,Northeast
C05811,2024-12-20,Social Media,Northeast
C05812,2024-12-20,Referral,South
C05813,2024-12-20,Organic Search,Midwest
C05814,2024-12-20,Organic Search,Midwest
C05815,2024-12-21,Social Media,Northeast
C05816,2024-12-21,Referral,South
C05817,2024-12-21,Organic Search,South
C05818,2024-12-21,Social Media,Northeast
C05819,2024-12-21,Organic Search,South
C05820,2024-12-21,Organic Search,South
C05821,2024-12-21,Referral,West
C05822,2024-12-21,Organic Search,South
C05823,2024-12-21,Organic Search,Northeast
C05824,2024-12-21,Email,West
C05825,2024-12-21,Paid Search,South
C05826,2024-12-21,Paid Search,West
C05827,2024-12-21,Email,South
C05828,2024-12-21,Organic Search,South
C05829,2024-12-21,Social Media,West
C05830,2024-12-22,Paid Search,West
C05831,2024-12-22,Organic Search,West
C05832,2024-12-22,Social Media,Northeast
C05833,2024-12-22,Paid Search,West
C05834,2024-12-22,Referral,West
C05835,2024-12-22,Referral,West
C05836,2024-12-22,Email,NORTHEAST
C05837,2024-12-22,Paid Search,West
C05838,2024-12-22,Organic Search,South
C05839,2024-12-22,Referral,Northeast
C05840,2024-12-22,Paid Search,Northeast
C05841,2024-12-22,Social Media,South
C05842,2024-12-22,Email,Northeast
C05843,2024-12-22,Organic Search,Northeast
C05844,2024-12-22,Organic Search,South
C05845,2024-12-22,Social Media,Midwest
C05846,2024-12-23,Social Media,West
C05847,2024-12-23,Organic Search,Northeast
C05848,2024-12-23,Social Media,Midwest
C05849,2024-12-23,Email,Midwest
C05850,2024-12-23,Paid Search,West
C05851,2024-12-23,Organic Search,Northeast
C05852,2024-12-23,Social Media,South
C05853,2024-12-23,Email,South
C05854,2024-12-23,Referral,Midwest
C05855,2024-12-23,Organic Search,West
C05856,2024-12-23,Referral,Midwest
C05857,2024-12-23,Email,SOUTH
C05858,2024-12-23,Social Media,South
C05859,2024-12-23,Paid Search,South
C05860,2024-12-23,Organic Search,West
C05861,2024-12-23,Paid Search,south
C05862,2024-12-23,Organic Search,West
C05863,2024-12-24,Organic Search,Midwest
C05864,2024-12-24,Referral,Northeast
C05865,2024-12-24,Organic Search,Northeast
C05866,2024-12-24,Referral,South
C05867,2024-12-24,Paid Search,West
C05868,2024-12-24,Email,Northeast
C05869,2024-12-24,Organic Search,South
C05870,2024-12-24,Social Media,West
C05871,2024-12-24,Social Media,Midwest
C05872,2024-12-24,Referral,South
C05873,2024-12-24,Organic Search,Midwest
C05874,2024-12-24,Organic Search,South
C05875,2024-12-24,Referral,South
C05876,2024-12-24,Organic Search,South
C05877,2024-12-24,Social Media,Midwest
C05878,2024-12-24,Organic Search,Northeast
C05879,2024-12-25,Organic Search,Northeast
C05880,2024-12-25,Social Media,West
C05881,2024-12-25,Social Media,MIDWEST
C05882,2024-12-25,Social Media,West
C05883,2024-12-25,Paid Search,West
C05884,2024-12-25,Social Media,Northeast
C05885,2024-12-25,Referral,Northeast
C05886,2024-12-25,Organic Search,Northeast
C05887,2024-12-25,Paid Search,South
C05888,2024-12-25,Paid Search,
C05889,2024-12-25,Email,South
C05890,2024-12-25,Paid Search,Midwest
C05891,2024-12-25,Social Media,West
C05892,2024-12-25,Paid Search,South
C05893,2024-12-26,Social Media,South
C05894,2024-12-26,Email,West
C05895,2024-12-26,Paid Search,West
C05896,2024-12-26,Paid Search,Midwest
C05897,2024-12-26,Organic Search,Northeast
C05898,2024-12-26,Paid Search,South
C05899,2024-12-26,Organic Search,West
C05900,2024-12-26,Email,Northeast
C05901,2024-12-26,Paid Search,Midwest
C05902,2024-12-26,Organic Search,West
C05903,2024-12-26,Organic Search,Midwest
C05904,2024-12-27,Paid Search,South
C05905,2024-12-27,Referral,Northeast
C05906,2024-12-27,Paid Search,Northeast
C05907,2024-12-27,Organic Search,West
C05908,2024-12-27,Paid Search,South
C05909,2024-12-27,Referral,Northeast
C05910,2024-12-27,Email,West
C05911,2024-12-27,Organic Search,South
C05912,2024-12-27,Social Media,South
C05913,2024-12-27,Email,Northeast
C05914,2024-12-27,Email,South
C05915,2024-12-27,Paid Search,West
C05916,2024-12-27,Social Media,Midwest
C05917,2024-12-27,Social Media,Northeast
C05918,2024-12-27,Organic Search,West
C05919,2024-12-27,Organic Search,West
C05920,2024-12-27,Paid Search,South
C05921,2024-12-27,Organic Search,West
C05922,2024-12-28,Paid Search,South
C05923,2024-12-28,Email,South
C05924,2024-12-28,Email,South
C05925,2024-12-28,Organic Search,Northeast
C05926,2024-12-28,Organic Search,South
C05927,2024-12-28,Social Media,South
C05928,2024-12-28,Paid Search,Midwest
C05929,2024-12-28,Organic Search,South
C05930,2024-12-28,Email,Northeast
C05931,2024-12-28,Organic Search,West
C05932,2024-12-28,Organic Search,
C05933,2024-12-28,Social Media,South
C05934,2024-12-28,Social Media,South
C05935,2024-12-28,Paid Search,Northeast
C05936,2024-12-28,Social Media,West
C05937,2024-12-28,Referral,South
C05938,2024-12-28,Organic Search,West
C05939,2024-12-28,Social Media,West
C05940,2024-12-28,Organic Search,South
C05941,2024-12-28,Paid Search,West
C05942,2024-12-28,Paid Search,West
C05943,2024-12-28,Paid Search,Northeast
C05944,2024-12-29,Organic Search,Northeast
C05945,2024-12-29,Email,West
C05946,2024-12-29,Paid Search,Midwest
C05947,2024-12-29,Referral,West
C05948,2024-12-29,Paid Search,West
C05949,2024-12-29,Email,Northeast
C05950,2024-12-29,Paid Search,Northeast
C05951,2024-12-29,Paid Search,South
C05952,2024-12-29,Social Media,Midwest
C05953,2024-12-29,Email,Midwest
C05954,2024-12-29,Paid Search,South
C05955,2024-12-29,Paid Search,West
C05956,2024-12-29,Social Media,Northeast
C05957,2024-12-29,Social Media,Midwest
C05958,2024-12-29,Paid Search,West
C05959,2024-12-30,Email,South
C05960,2024-12-30,Paid Search,Northeast
C05961,2024-12-30,Paid Search,South
C05962,2024-12-30,Social Media,Northeast
C05963,2024-12-30,Referral,West
C05964,2024-12-30,Organic Search,Northeast
C05965,2024-12-30,Organic Search,South
C05966,2024-12-30,Organic Search,West
C05967,2024-12-30,Social Media,Northeast
C05968,2024-12-30,Paid Search,South
C05969,2024-12-30,Paid Search,south
C05970,2024-12-30,Organic Search,South
C05971,2024-12-30,Referral,Midwest
C05972,2024-12-30,Paid Search,West
C05973,2024-12-30,Social Media,Northeast
C05974,2024-12-30,Organic Search,West
C05975,2024-12-30,Organic Search,Midwest
C05976,2024-12-30,Organic Search,West
C05977,2024-12-30,Paid Search,South
C05978,2024-12-30,Paid Search,South
C05979,2024-12-30,Organic Search,South
C05980,2024-12-31,Paid Search,Midwest
C05981,2024-12-31,Organic Search,Northeast
C05982,2024-12-31,Paid Search,Northeast
C05983,2024-12-31,Organic Search,Northeast
C05984,2024-12-31,Organic Search,Midwest
C05985,2024-12-31,Organic Search,Midwest
C05986,2024-12-31,Social Media,Northeast
C05987,2024-12-31,Referral,South
C05988,2024-12-31,Social Media,South
C05989,2024-12-31,Organic Search,West
C05990,2024-12-31,Referral,northeast
C05991,2024-12-31,Referral,West
C05992,2024-12-31,Paid Search,South
C05993,2024-12-31,Organic Search,Northeast
C05994,2024-12-31,Social Media,West
C05995,2024-12-31,Referral,South
C05996,2024-12-31,Email,Midwest
C05997,2024-12-31,Social Media,West
C05998,2024-12-31,Social Media,South
C05999,2024-12-31,Referral,South
C06000,2024-12-31,Organic Search,West
