order_id,customer_id,order_date,status,discount_pct
O000001,C00001,2023-01-01,Completed,0
O000002,C00002,2023-01-01,Cancelled,0
O000003,C00003,2023-01-01,Completed,0
O000004,C00003,2023-04-05,Completed,0
O000005,C00004,2023-01-01,Completed,0
O000006,C00004,2023-01-04,Completed,0
O000007,C00004,2023-02-20,Completed,0
O000008,C00005,2023-01-03,Completed,10
O000009,C00006,2023-01-02,Completed,10
O000010,C00006,2023-01-30,Completed,0
O000011,C00006,2023-04-03,Completed,20
O000012,C00006,2023-05-13,Completed,10
O000013,C00007,2023-01-03,Completed,0
O000014,C00007,2023-02-02,Cancelled,0
O000015,C00008,2023-01-03,Completed,0
O000016,C00009,2023-01-04,Completed,0
O000017,C00010,2023-01-03,Completed,15
O000018,C00011,2023-01-02,Completed,0
O000019,C00012,2023-01-03,Completed,0
O000020,C00013,2023-01-03,Completed,10
O000021,C00014,2023-01-05,Completed,0
O000022,C00014,2023-01-10,Completed,10
O000023,C00014,2023-01-14,Completed,0
O000024,C00014,2023-01-19,Completed,0
O000025,C00015,2023-01-03,Completed,15
O000026,C00015,2023-01-21,Completed,0
O000027,C00015,2023-02-28,Completed,15
O000028,C00016,2023-01-05,Completed,0
O000029,C00017,2023-01-04,Completed,15
O000030,C00018,2023-01-05,Completed,0
O000031,C00019,2023-01-06,Completed,15
O000032,C00019,2023-02-12,Completed,10
O000033,C00020,2023-01-04,Completed,0
O000034,C00021,2023-01-06,Completed,0
O000035,C00021,2023-08-16,Completed,0
O000036,C00022,2023-01-06,Cancelled,10
O000037,C00022,2023-01-11,Completed,0
O000038,C00023,2023-01-05,Completed,0
O000039,C00024,2023-01-06,Completed,15
O000040,C00024,2023-12-27,Completed,20
O000041,C00024,2024-02-01,Completed,15
O000042,C00025,2023-01-05,Completed,0
O000043,C00025,2023-02-21,Completed,0
O000044,C00026,2023-01-05,Completed,0
O000045,C00027,2023-01-08,Completed,0
O000046,C00028,2023-01-06,Completed,0
O000047,C00028,2023-01-07,Completed,0
O000048,C00028,2023-01-13,Completed,0
O000049,C00029,2023-01-06,Completed,0
O000050,C00030,2023-01-08,Completed,0
O000051,C00030,2023-01-18,Completed,0
O000052,C00031,2023-01-06,Completed,0
O000053,C00031,2023-02-15,Completed,0
O000054,C00031,2023-03-06,Completed,0
O000055,C00031,2023-04-16,Completed,0
O000056,C00031,2023-08-21,Completed,0
O000057,C00031,2023-09-14,Completed,0
O000058,C00031,2023-11-05,Completed,0
O000059,C00032,2023-01-06,Completed,10
O000060,C00032,2023-01-09,Completed,0
O000061,C00033,2023-01-07,Completed,0
O000062,C00034,2023-01-06,Completed,0
O000063,C00035,2023-01-07,Completed,0
O000064,C00035,2023-04-24,Completed,0
O000065,C00036,2023-01-09,Completed,0
O000066,C00036,2023-04-24,Completed,15
O000067,C00036,2023-05-16,Completed,15
O000068,C00036,2023-07-03,Completed,10
O000069,C00036,2023-08-20,Completed,0
O000070,C00036,2023-10-16,Completed,15
O000071,C00036,2023-11-02,Completed,15
O000072,C00036,2024-02-23,Completed,0
O000073,C00036,2024-08-18,Completed,10
O000074,C00037,2023-01-07,Completed,20
O000075,C00038,2023-01-08,Completed,10
O000076,C00038,2023-03-15,Completed,10
O000077,C00039,2023-01-07,Completed,20
O000078,C00039,2023-03-23,Completed,10
O000079,C00039,2023-04-02,Completed,10
O000080,C00040,2023-01-09,Completed,0
O000081,C00040,2023-02-02,Completed,20
O000082,C00040,2023-04-13,Completed,10
O000083,C00041,2023-01-08,Completed,20
O000084,C00041,2023-01-31,Completed,0
O000085,C00042,2023-01-08,Completed,0
O000086,C00043,2023-01-10,Completed,10
O000087,C00044,2023-01-10,Completed,20
O000088,C00044,2023-09-04,Completed,0
O000089,C00044,2023-09-10,Completed,0
O000090,C00044,2023-12-10,Completed,0
O000091,C00045,2023-01-11,Completed,15
O000092,C00046,2023-01-10,Completed,15
O000093,C00046,2023-02-28,Completed,0
O000094,C00046,2023-04-13,Cancelled,0
O000095,C00047,2023-01-11,Completed,0
O000096,C00047,2023-03-17,Completed,15
O000097,C00047,2023-04-24,Completed,0
O000098,C00047,2023-06-07,Completed,10
O000099,C00048,2023-01-11,Completed,20
O000100,C00048,2024-03-10,Completed,20
O000101,C00048,2024-06-17,Completed,0
O000102,C00048,2024-07-13,Completed,10
O000103,C00049,2023-01-10,Completed,0
O000104,C00050,2023-01-12,Completed,0
O000105,C00051,2023-01-10,Completed,10
O000106,C00052,2023-01-10,Completed,0
O000107,C00053,2023-01-11,Completed,0
O000108,C00053,28-Feb-2023,Completed,0
O000109,C00053,2023-09-06,Completed,0
O000110,C00054,2023-01-11,Cancelled,30
O000111,C00054,2023-03-14,Completed,0
O000112,C00054,2023-04-08,Completed,0
O000113,C00054,2023-08-03,Completed,0
O000114,C00054,2023-10-08,Completed,15
O000115,C00055,2023-01-14,Completed,0
O000116,C00055,2023-03-20,Completed,0
O000117,C00056,2023-01-14,Completed,15
O000118,C00057,2023-01-12,Completed,0
O000119,C00058,2023-01-15,Completed,0
O000120,C00058,2023-04-14,Completed,0
O000121,C00058,2023-07-06,Completed,20
O000122,C00059,2023-01-14,Completed,15
O000123,C00059,2023-02-18,Completed,15
O000124,C00060,2023-01-15,Completed,10
O000125,C00061,2023-01-15,Completed,10
O000126,C00061,2023-01-21,Completed,30
O000127,C00062,2023-01-16,Completed,0
O000128,C00062,2023-02-27,Completed,0
O000129,C00062,2023-03-24,Completed,0
O000130,C00062,2023-04-24,Completed,0
O000131,C00063,2023-01-16,Completed,20
O000132,C00063,2023-02-10,Completed,0
O000133,C00063,2023-04-26,Completed,0
O000134,C00063,2023-12-12,Completed,20
O000135,C00064,2023-01-14,Completed,10
O000136,C00064,2023-05-01,Completed,10
O000137,C00065,2023-01-17,Completed,0
O000138,C00065,2023-05-02,Completed,0
O000139,C00066,2023-01-16,Completed,20
O000140,C00067,2023-01-17,Completed,0
O000141,C00067,2023-08-16,Completed,30
O000142,C00068,2023-01-18,Completed,0
O000143,C00068,2023-02-22,Completed,0
O000144,C00068,2023-06-02,Completed,20
O000145,C00068,2023-06-15,Completed,30
O000146,C00068,2023-08-02,Completed,0
O000147,C00069,2023-01-18,Completed,10
O000148,C00069,2023-03-24,Completed,10
O000149,C00069,2023-05-29,Completed,10
O000150,C00070,2023-01-16,Completed,0
O000151,C00071,2023-01-16,Completed,20
O000152,C00071,2023-06-03,Completed,15
O000153,C00071,2023-06-15,Completed,0
O000154,C00071,2023-07-08,Completed,0
O000155,C00071,2023-07-17,Completed,0
O000156,C00071,2023-08-01,Completed,15
O000157,C00071,2023-10-12,Completed,0
O000158,C00072,2023-01-17,Completed,0
O000159,C00072,2023-03-30,Completed,0
O000160,C00072,2023-05-06,Completed,0
O000161,C00072,21-May-2023,Completed,15
O000162,C00073,2023-01-18,Completed,10
O000163,C00074,2023-01-17,Completed,0
O000164,C00074,2023-02-07,Completed,0
O000165,C00074,2023-03-22,Completed,0
O000166,C00075,2023-01-17,Completed,0
O000167,C00076,2023-01-19,Completed,0
O000168,C00076,2023-10-22,Completed,10
O000169,C00077,2023-01-19,Completed,0
O000170,C00078,2023-01-18,Completed,0
O000171,C00079,2023-01-20,Completed,0
O000172,C00079,2023-05-10,Completed,0
O000173,C00079,2023-07-01,Completed,0
O000174,C00079,2023-08-21,Completed,0
O000175,C00080,2023-01-20,Completed,0
O000176,C00080,2023-09-07,Completed,0
O000177,C00080,2024-09-03,Completed,0
O000178,C00080,2024-10-17,Completed,0
O000179,C00081,2023-01-20,Completed,0
O000180,C00082,2023-01-20,Completed,0
O000181,C00083,2023-01-21,Completed,15
O000182,C00084,2023-01-21,Completed,0
O000183,C00085,2023-01-19,Completed,0
O000184,C00086,2023-01-22,Completed,0
O000185,C00087,2023-01-21,Completed,10
O000186,C00088,2023-01-22,Completed,0
O000187,C00088,2023-02-10,Completed,10
O000188,C00088,2023-05-18,Completed,15
O000189,C00089,2023-01-21,Completed,0
O000190,C00089,2023-04-20,Completed,0
O000191,C00089,2023-06-17,Completed,0
O000192,C00090,2023-01-20,Completed,10
O000193,C00091,2023-01-21,Completed,0
O000194,C00092,2023-01-23,Completed,20
O000195,C00092,2023-02-13,Completed,0
O000196,C00093,2023-01-23,Completed,10
O000197,C00094,2023-01-22,Completed,10
O000198,C00095,2023-01-21,Completed,0
O000199,C00095,2023-02-08,Completed,15
O000200,C00095,2023-04-06,Completed,15
O000201,C00095,2023-07-14,Completed,0
O000202,C00095,2023-10-02,Completed,20
O000203,C00095,2023-10-09,Completed,0
O000204,C00095,2024-07-12,Completed,0
O000205,C00095,2024-10-12,Completed,0
O000206,C00096,2023-01-24,Completed,0
O000207,C00097,2023-01-24,Completed,0
O000208,C00098,2023-01-24,Completed,20
O000209,C00099,2023-01-23,Completed,0
O000210,C00100,2023-01-23,Completed,15
O000211,C00101,2023-01-24,Completed,0
O000212,C00101,2023-02-17,Completed,30
O000213,C00102,2023-01-24,Completed,0
O000214,C00102,2023-06-30,Completed,15
O000215,C00102,2024-04-11,Completed,20
O000216,C00102,2024-04-28,Completed,10
O000217,C00102,2024-07-07,Completed,0
O000218,C00102,2024-08-09,Completed,20
O000219,C00103,2023-01-25,Completed,0
O000220,C00104,2023-01-24,Completed,10
O000221,C00104,2023-05-31,Completed,0
O000222,C00104,2023-07-08,Completed,0
O000223,C00105,2023-01-25,Completed,0
O000224,C00105,09-Feb-2023,Completed,20
O000225,C00106,2023-01-27,Completed,0
O000226,C00107,2023-01-27,Completed,15
O000227,C00107,2023-05-05,Completed,0
O000228,C00107,2023-08-25,Completed,0
O000229,C00107,2023-10-02,Completed,20
O000230,C00107,2023-11-12,Completed,10
O000231,C00108,2023-01-28,Completed,0
O000232,C00109,2023-01-27,Completed,0
O000233,C00109,2023-03-25,Completed,0
O000234,C00109,2023-04-18,Completed,10
O000235,C00110,2023-01-26,Completed,0
O000236,C00111,2023-01-28,Completed,0
O000237,C00112,2023-01-27,Completed,0
O000238,C00113,2023-01-26,Completed,0
O000239,C00113,2023-05-25,Completed,0
O000240,C00114,2023-01-28,Completed,10
O000241,C00114,2023-08-16,Completed,0
O000242,C00115,2023-01-27,Completed,0
O000243,C00115,2023-02-06,Completed,0
O000244,C00116,2023-01-28,Completed,10
O000245,C00117,2023-01-29,Completed,0
O000246,C00117,2023-02-23,Completed,0
O000247,C00117,2023-03-06,Completed,0
O000248,C00118,2023-01-28,Completed,0
O000249,C00118,2023-06-19,Completed,10
O000250,C00119,2023-01-28,Completed,0
O000251,C00120,28-Jan-2023,Completed,0
O000252,C00121,2023-01-29,Completed,0
O000253,C00121,2023-02-13,Completed,0
O000254,C00121,2023-05-18,Completed,0
O000255,C00121,2023-08-07,Completed,0
O000256,C00121,2024-04-18,Completed,10
O000257,C00122,2023-01-30,Completed,0
O000258,C00122,05-Feb-2023,Completed,0
O000259,C00122,2023-07-04,Completed,0
O000260,C00122,2023-12-02,Completed,10
O000261,C00122,2024-04-13,Completed,0
O000262,C00123,2023-01-30,Completed,20
O000263,C00124,2023-01-31,Completed,0
O000264,C00125,2023-01-31,Completed,0
O000265,C00126,2023-01-31,Completed,0
O000266,C00126,2023-03-25,Completed,10
O000267,C00127,2023-02-01,Completed,0
O000268,C00128,2023-02-01,Completed,0
O000269,C00129,2023-01-31,Completed,15
O000270,C00130,2023-01-30,Completed,0
O000271,C00130,2023-04-23,Completed,0
O000272,C00130,2023-06-10,Completed,15
O000273,C00130,2023-06-17,Completed,0
O000274,C00131,2023-02-01,Completed,20
O000275,C00132,2023-01-31,Completed,20
O000276,C00133,2023-01-31,Completed,0
O000277,C00134,2023-01-31,Completed,0
O000278,C00135,2023-02-03,Completed,20
O000279,C00136,2023-02-01,Completed,10
O000280,C00136,2023-07-26,Completed,15
O000281,C00136,2023-10-13,Completed,0
O000282,C00137,2023-02-03,Completed,0
O000283,C00137,2023-05-05,Completed,10
O000284,C00137,2023-06-05,Completed,15
O000285,C00137,2023-06-08,Completed,0
O000286,C00137,2023-07-23,Completed,0
O000287,C00138,2023-02-01,Completed,0
O000288,C00139,2023-02-02,Completed,0
O000289,C00140,2023-02-04,Completed,0
O000290,C00141,2023-02-04,Completed,20
O000291,C00141,2023-02-10,Completed,20
O000292,C00142,2023-02-03,Completed,15
O000293,C00142,2023-11-14,Completed,0
O000294,C00142,2024-04-18,Completed,10
O000295,C00143,2023-02-03,Completed,0
O000296,C00144,2023-02-04,Completed,0
O000297,C00145,2023-02-03,Completed,0
O000298,C00145,2023-02-21,Cancelled,10
O000299,C00146,02-Feb-2023,Completed,0
O000300,C00146,2023-11-22,Completed,0
O000301,C00146,2024-04-28,Cancelled,10
O000302,C00146,2024-05-28,Completed,0
O000303,C00146,29-Jun-2024,Completed,10
O000304,C00146,2024-11-06,Completed,0
O000305,C00147,2023-02-04,Completed,0
O000306,C00147,2023-09-08,Completed,0
O000307,C00147,2024-01-08,Completed,0
O000308,C00147,2024-05-08,Completed,0
O000309,C00148,2023-02-03,Completed,0
O000310,C00148,2023-07-20,Completed,10
O000311,C00149,2023-02-04,Completed,0
O000312,C00150,2023-02-05,Completed,0
O000313,C00150,2023-07-27,Completed,20
O000314,C00150,2024-05-26,Completed,0
O000315,C00150,2024-08-02,Completed,30
O000316,C00151,2023-02-04,Completed,0
O000317,C00152,2023-02-04,Completed,10
O000318,C00152,2023-03-07,Completed,0
O000319,C00153,2023-02-05,Completed,0
O000320,C00153,2023-02-11,Completed,0
O000321,C00154,2023-02-05,Completed,10
O000322,C00155,2023-02-05,Completed,0
O000323,C00156,2023-02-05,Completed,0
O000324,C00157,2023-02-05,Completed,10
O000325,C00158,2023-02-04,Completed,0
O000326,C00159,2023-02-06,Completed,0
O000327,C00159,2023-05-17,Completed,0
O000328,C00159,2023-09-01,Completed,15
O000329,C00159,2023-09-05,Completed,0
O000330,C00159,2024-04-14,Cancelled,0
O000331,C00159,2024-06-18,Completed,10
O000332,C00160,2023-02-06,Cancelled,0
O000333,C00161,2023-02-06,Completed,0
O000334,C00162,2023-02-06,Completed,0
O000335,C00162,2023-06-12,Completed,0
O000336,C00162,2023-11-28,Completed,10
O000337,C00163,2023-02-05,Completed,0
O000338,C00164,2023-02-07,Completed,30
O000339,C00165,2023-02-08,Completed,0
O000340,C00165,2023-06-05,Completed,10
O000341,C00166,2023-02-07,Completed,0
O000342,C00167,2023-02-08,Completed,0
O000343,C00167,2023-03-24,Completed,0
O000344,C00168,2023-02-08,Completed,20
O000345,C00169,2023-02-10,Completed,30
O000346,C00169,2023-03-26,Completed,0
O000347,C00169,2023-04-17,Completed,0
O000348,C00169,2023-07-31,Completed,0
O000349,C00169,2023-08-27,Completed,30
O000350,C00169,2023-10-22,Completed,0
O000351,C00169,2023-10-29,Completed,0
O000352,C00169,2023-11-10,Completed,20
O000353,C00169,2023-12-07,Completed,15
O000354,C00169,2024-01-29,Completed,20
O000355,C00170,2023-02-09,Completed,0
O000356,C00171,11-Feb-2023,Completed,0
O000357,C00171,2023-02-17,Completed,0
O000358,C00171,2023-03-08,Completed,10
O000359,C00172,2023-02-09,Completed,0
O000360,C00172,2023-02-27,Completed,0
O000361,C00173,2023-02-11,Completed,0
O000362,C00174,2023-02-11,Completed,10
O000363,C00175,2023-02-11,Completed,0
O000364,C00176,2023-02-09,Completed,0
O000365,C00176,2023-02-12,Completed,0
O000366,C00176,2023-05-13,Completed,0
O000367,C00177,2023-02-09,Completed,15
O000368,C00178,2023-02-10,Completed,0
O000369,C00178,2023-09-03,Completed,0
O000370,C00179,2023-02-09,Completed,20
O000371,C00180,2023-02-10,Completed,0
O000372,C00180,2023-03-01,Completed,10
O000373,C00181,2023-02-10,Cancelled,0
O000373,C00181,2023-02-10,Cancelled,0
O000374,C00182,2023-02-10,Completed,0
O000375,C00183,2023-02-11,Completed,20
O000376,C00183,2024-02-10,Completed,0
O000377,C00183,2024-03-01,Completed,20
O000378,C00183,2024-03-16,Completed,15
O000378,C00183,2024-03-16,Completed,15
O000379,C00184,13-Feb-2023,Completed,0
O000380,C00184,2024-01-11,Completed,0
O000381,C00184,2024-01-27,Completed,0
O000382,C00184,2024-05-13,Completed,10
O000383,C00184,2024-10-20,Completed,0
O000384,C00185,2023-02-12,Completed,0
O000385,C00186,2023-02-11,Completed,20
O000386,C00187,2023-02-13,Completed,0
O000387,C00188,2023-02-12,Completed,0
O000388,C00189,2023-02-13,Completed,0
O000389,C00190,2023-02-13,Completed,0
O000390,C00191,2023-02-13,Completed,0
O000391,C00192,2023-02-13,Completed,0
O000392,C00193,2023-02-14,Completed,0
O000393,C00193,2023-11-05,Completed,10
O000394,C00193,2024-04-13,Completed,10
O000395,C00194,2023-02-14,Completed,0
O000396,C00195,2023-02-15,Completed,15
O000397,C00196,2023-02-15,Completed,0
O000398,C00197,2023-02-16,Completed,0
O000399,C00198,2023-02-14,Completed,0
O000400,C00199,2023-02-14,Completed,0
O000401,C00200,2023-02-16,Completed,0
O000402,C00201,2023-02-16,Completed,0
O000403,C00201,2023-03-05,Completed,0
O000404,C00202,2023-02-14,Cancelled,10
O000405,C00203,2023-02-16,Completed,0
O000406,C00203,2023-10-19,Completed,0
O000407,C00203,2024-05-15,Completed,10
O000408,C00204,2023-02-16,Completed,0
O000409,C00204,2023-03-05,Completed,0
O000410,C00204,2023-03-17,Cancelled,10
O000411,C00204,2023-08-12,Completed,10
O000412,C00204,2023-09-01,Completed,0
O000413,C00205,2023-02-16,Completed,0
O000414,C00205,2023-03-29,Completed,0
O000415,C00206,2023-02-16,Completed,20
O000416,C00206,2023-02-24,Completed,0
O000417,C00206,2023-03-05,Completed,0
O000418,C00207,2023-02-17,Completed,0
O000419,C00208,2023-02-16,Completed,30
O000420,C00209,2023-02-16,Completed,0
O000421,C00209,2023-02-18,Completed,0
O000422,C00210,2023-02-17,Completed,20
O000423,C00211,2023-02-16,Completed,0
O000424,C00211,2023-03-05,Completed,0
O000425,C00211,2023-08-31,Completed,10
O000426,C00211,2024-01-22,Completed,0
O000427,C00211,2024-02-26,Completed,0
O000428,C00212,2023-02-17,Completed,0
O000429,C00212,2023-10-15,Completed,0
O000430,C00212,2024-02-18,Completed,10
O000431,C00212,2024-02-24,Completed,20
O000432,C00212,2024-02-27,Completed,0
O000433,C00212,2024-03-06,Completed,0
O000434,C00212,2024-05-22,Completed,20
O000435,C00212,2024-06-27,Completed,15
O000436,C00213,2023-02-17,Completed,0
O000437,C00214,2023-02-17,Completed,0
O000438,C00214,2023-03-11,Completed,0
O000439,C00214,2023-09-08,Completed,0
O000440,C00215,2023-02-17,Completed,10
O000441,C00216,2023-02-17,Completed,0
O000442,C00216,2023-04-16,Completed,0
O000443,C00216,2023-04-20,Completed,0
O000444,C00217,2023-02-17,Completed,20
O000445,C00217,2023-03-07,Completed,10
O000446,C00217,2023-05-04,Completed,0
O000447,C00218,2023-02-19,Completed,10
O000448,C00218,2024-05-12,Completed,0
O000449,C00219,2023-02-18,Completed,0
O000450,C00220,2023-02-19,Completed,0
O000451,C00221,2023-02-20,Completed,10
O000452,C00222,2023-02-19,Completed,0
O000453,C00222,2023-02-20,Completed,0
O000454,C00222,2023-09-13,Completed,0
O000455,C00222,2024-06-23,Completed,0
O000456,C00222,2024-08-10,Completed,10
O000457,C00223,2023-02-19,Completed,0
O000458,C00224,2023-02-19,Completed,0
O000459,C00224,2023-06-16,Completed,0
O000460,C00224,2023-07-09,Completed,15
O000461,C00225,2023-02-20,Completed,0
O000462,C00226,2023-02-20,Completed,0
O000463,C00226,2023-06-06,Completed,15
O000464,C00226,2024-01-29,Completed,10
O000465,C00227,2023-02-21,Completed,0
O000466,C00227,2023-02-24,Completed,10
O000467,C00228,2023-02-19,Completed,0
O000468,C00229,2023-02-21,Completed,0
O000469,C00229,2023-07-18,Completed,10
O000470,C00229,2023-08-24,Completed,15
O000471,C00229,2023-09-10,Completed,10
O000472,C00230,2023-02-20,Completed,15
O000473,C00230,2023-09-12,Completed,0
O000474,C00231,2023-02-21,Completed,10
O000475,C00232,2023-02-22,Completed,0
O000476,C00232,2023-08-03,Completed,0
O000477,C00233,21-Feb-2023,Completed,30
O000478,C00234,2023-02-21,Completed,0
O000479,C00234,2023-04-12,Completed,0
O000480,C00235,2023-02-20,Completed,20
O000481,C00235,2023-03-01,Completed,0
O000482,C00235,2023-03-13,Cancelled,0
O000483,C00235,2023-05-07,Completed,0
O000484,C00235,2023-08-06,Completed,0
O000485,C00235,2024-01-24,Cancelled,0
O000486,C00235,2024-02-02,Completed,0
O000487,C00236,2023-02-21,Completed,20
O000488,C00237,2023-02-23,Completed,0
O000489,C00237,2023-03-25,Completed,0
O000490,C00237,13-Dec-2023,Completed,15
O000491,C00237,2024-03-27,Completed,0
O000492,C00238,2023-02-23,Completed,0
O000493,C00238,2023-04-05,Completed,10
O000494,C00239,2023-02-22,Completed,0
O000495,C00239,2023-12-19,Completed,0
O000496,C00239,2023-12-20,Completed,0
O000497,C00239,2024-02-09,Completed,0
O000498,C00240,2023-02-23,Completed,0
O000499,C00241,2023-02-23,Completed,15
O000500,C00241,2023-11-11,Completed,10
O000501,C00242,2023-02-22,Completed,0
O000502,C00242,2023-06-30,Completed,0
O000503,C00243,2023-02-23,Completed,0
O000504,C00243,2023-02-26,Completed,10
O000505,C00243,2023-03-10,Completed,15
O000506,C00244,2023-02-24,Completed,0
O000507,C00245,2023-02-25,Completed,0
O000508,C00246,2023-02-25,Completed,10
O000509,C00247,2023-02-23,Completed,0
O000510,C00248,2023-02-25,Completed,0
O000511,C00249,2023-02-23,Completed,0
O000512,C00250,2023-02-24,Completed,0
O000513,C00251,2023-02-25,Completed,0
O000514,C00251,2023-06-14,Completed,20
O000515,C00251,2023-10-09,Completed,0
O000516,C00251,2023-12-18,Completed,15
O000517,C00251,2024-11-11,Completed,30
O000518,C00252,2023-02-25,Completed,0
O000519,C00252,2023-06-08,Completed,0
O000520,C00253,2023-02-25,Completed,0
O000521,C00254,2023-02-25,Cancelled,0
O000522,C00255,2023-02-26,Completed,15
O000523,C00255,2023-03-05,Completed,10
O000524,C00255,2024-05-15,Completed,0
O000525,C00255,2024-09-10,Completed,10
O000526,C00256,2023-02-25,Completed,15
O000527,C00257,2023-02-26,Completed,0
O000528,C00258,2023-02-27,Completed,15
O000529,C00258,2023-04-16,Completed,10
O000530,C00259,2023-02-26,Completed,0
O000531,C00259,2023-05-13,Completed,0
O000532,C00259,2023-06-04,Completed,0
O000533,C00260,2023-02-26,Completed,15
O000534,C00261,2023-02-26,Completed,10
O000535,C00261,2023-06-13,Completed,0
O000536,C00262,2023-02-27,Completed,0
O000537,C00262,2023-04-12,Completed,0
O000538,C00263,2023-02-26,Completed,0
O000539,C00263,2023-05-31,Completed,0
O000540,C00263,2023-11-25,Completed,0
O000541,C00263,2024-08-15,Completed,0
O000542,C00264,2023-02-26,Cancelled,0
O000543,C00264,2023-03-24,Completed,0
O000544,C00265,2023-02-27,Completed,10
O000545,C00266,2023-03-01,Completed,0
O000546,C00266,2023-07-13,Completed,10
O000547,C00266,2023-07-30,Completed,10
O000548,C00267,2023-03-01,Completed,10
O000549,C00267,2023-06-24,Completed,0
O000550,C00267,2023-07-20,Completed,15
O000551,C00267,2023-07-25,Completed,10
O000552,C00267,2023-07-30,Completed,0
O000553,C00268,2023-02-27,Completed,0
O000554,C00268,2023-04-28,Completed,30
O000555,C00268,2023-10-19,Completed,0
O000556,C00269,2023-03-01,Completed,0
O000557,C00269,2023-04-04,Completed,10
O000558,C00269,2023-09-01,Completed,20
O000559,C00269,2023-10-28,Completed,10
O000560,C00270,2023-03-01,Completed,20
O000561,C00270,2023-06-01,Completed,0
O000562,C00271,2023-03-01,Completed,0
O000563,C00271,2023-05-19,Completed,0
O000564,C00271,2023-06-10,Completed,0
O000565,C00272,2023-03-01,Completed,0
O000566,C00272,2023-04-29,Completed,10
O000567,C00272,2023-05-26,Completed,10
O000568,C00272,2023-05-30,Completed,0
O000569,C00272,2023-08-16,Completed,0
O000570,C00272,2023-11-16,Cancelled,10
O000571,C00272,2024-10-22,Completed,0
O000572,C00273,2023-03-01,Completed,10
O000573,C00273,2023-07-06,Completed,0
O000574,C00273,2023-10-11,Completed,0
O000575,C00274,2023-03-01,Completed,0
O000576,C00275,2023-03-02,Completed,10
O000577,C00276,2023-03-01,Completed,0
O000578,C00276,2023-04-02,Completed,20
O000579,C00276,2023-07-24,Completed,10
O000580,C00277,2023-03-03,Completed,10
O000581,C00277,2023-03-19,Completed,15
O000582,C00277,2023-07-09,Completed,30
O000583,C00277,2023-10-31,Completed,0
O000584,C00277,2023-11-24,Completed,0
O000585,C00277,2024-11-10,Completed,0
O000586,C00277,2024-11-18,Completed,10
O000587,C00278,2023-03-01,Completed,0
O000588,C00279,03-Mar-2023,Completed,0
O000588,C00279,03-Mar-2023,Completed,0
O000589,C00279,2023-03-05,Completed,10
O000590,C00280,2023-03-03,Completed,0
O000591,C00280,2023-06-12,Completed,0
O000592,C00281,2023-03-01,Completed,0
O000593,C00281,2023-04-22,Completed,0
O000594,C00282,2023-03-01,Completed,0
O000595,C00283,2023-03-04,Completed,0
O000596,C00284,2023-03-02,Completed,10
O000597,C00284,2023-03-08,Completed,0
O000598,C00284,2023-03-12,Completed,0
O000599,C00285,2023-03-03,Completed,20
O000600,C00285,2023-04-19,Completed,15
O000601,C00285,2023-07-19,Completed,0
O000602,C00286,2023-03-04,Completed,10
O000603,C00287,2023-03-04,Completed,10
O000604,C00288,2023-03-04,Completed,10
O000605,C00288,2023-04-24,Completed,15
O000606,C00288,2023-05-16,Completed,20
O000607,C00288,2023-11-05,Completed,0
O000608,C00288,2024-04-12,Completed,0
O000609,C00289,2023-03-04,Completed,0
O000610,C00290,2023-03-05,Completed,0
O000611,C00290,2023-04-02,Completed,0
O000612,C00291,2023-03-04,Completed,0
O000613,C00291,2023-03-18,Completed,0
O000614,C00291,2023-05-09,Completed,20
O000615,C00291,2023-05-30,Completed,0
O000616,C00291,2023-07-24,Completed,0
O000617,C00292,2023-03-06,Completed,0
O000618,C00292,2023-07-11,Completed,0
O000619,C00293,05-Mar-2023,Completed,0
O000620,C00293,2023-09-27,Completed,0
O000621,C00293,2023-10-06,Completed,0
O000622,C00294,2023-03-04,Completed,0
O000623,C00294,2023-04-04,Completed,15
O000624,C00295,2023-03-06,Completed,0
O000625,C00296,2023-03-06,Completed,10
O000626,C00296,2023-06-02,Completed,10
O000626,C00296,2023-06-02,Completed,10
O000627,C00297,2023-03-06,Completed,0
O000628,C00297,2023-04-06,Cancelled,0
O000629,C00298,2023-03-06,Completed,0
O000630,C00299,2023-03-06,Completed,0
O000631,C00299,2023-10-07,Completed,0
O000632,C00300,2023-03-06,Completed,0
O000633,C00301,2023-03-06,Completed,0
O000634,C00301,2023-08-04,Completed,0
O000635,C00302,2023-03-07,Completed,0
O000636,C00302,2023-03-14,Completed,0
O000637,C00302,2023-04-09,Completed,0
O000638,C00303,2023-03-07,Completed,0
O000639,C00304,2023-03-08,Completed,0
O000640,C00304,2023-05-01,Completed,0
O000641,C00305,2023-03-07,Completed,10
O000642,C00306,2023-03-06,Completed,15
O000643,C00307,2023-03-07,Completed,20
O000644,C00308,2023-03-08,Completed,0
O000645,C00309,2023-03-07,Completed,10
O000645,C00309,2023-03-07,Completed,10
O000646,C00309,2023-06-03,Completed,0
O000647,C00309,2023-07-14,Completed,0
O000648,C00309,2023-10-10,Completed,30
O000649,C00310,2023-03-07,Completed,0
O000650,C00311,2023-03-09,Completed,0
O000651,C00312,2023-03-08,Completed,0
O000652,C00312,2023-11-15,Completed,20
O000653,C00312,12-Dec-2023,Completed,10
O000654,C00313,2023-03-07,Completed,0
O000655,C00313,2023-03-16,Completed,10
O000656,C00314,2023-03-10,Completed,0
O000657,C00314,2023-06-20,Completed,10
O000658,C00315,2023-03-09,Completed,0
O000659,C00315,2023-04-29,Completed,15
O000660,C00316,2023-03-09,Completed,0
O000661,C00316,2023-04-19,Completed,0
O000662,C00317,2023-03-09,Completed,10
O000663,C00317,2023-03-29,Completed,10
O000664,C00317,2023-05-21,Completed,10
O000665,C00318,2023-03-10,Completed,15
O000666,C00318,2023-03-25,Completed,0
O000667,C00318,2023-06-17,Completed,0
O000668,C00319,2023-03-08,Completed,15
O000669,C00319,2023-06-04,Completed,0
O000670,C00319,2023-06-19,Completed,10
O000671,C00319,2023-09-07,Completed,0
O000672,C00320,2023-03-11,Completed,15
O000673,C00320,2023-09-21,Completed,0
O000674,C00320,2023-11-30,Completed,0
O000675,C00321,2023-03-11,Completed,15
O000676,C00322,2023-03-10,Completed,15
O000677,C00322,2023-04-23,Completed,15
O000678,C00322,2023-05-12,Completed,0
O000679,C00323,2023-03-11,Completed,0
O000680,C00323,2023-04-14,Cancelled,0
O000681,C00324,2023-03-10,Completed,0
O000682,C00325,2023-03-09,Completed,15
O000683,C00326,2023-03-11,Completed,20
O000684,C00327,2023-03-11,Completed,0
O000685,C00328,2023-03-11,Completed,0
O000686,C00328,2023-03-21,Completed,10
O000687,C00329,2023-03-11,Cancelled,0
O000688,C00329,2023-05-18,Completed,0
O000689,C00329,2023-06-08,Completed,0
O000690,C00329,2023-09-08,Completed,10
O000691,C00329,2023-10-06,Completed,10
O000692,C00330,2023-03-10,Completed,0
O000693,C00330,2023-09-24,Completed,0
O000694,C00331,2023-03-12,Completed,20
O000695,C00332,10-Mar-2023,Completed,0
O000696,C00333,2023-03-11,Completed,10
O000697,C00333,2023-05-02,Completed,0
O000698,C00333,2023-08-04,Completed,0
O000699,C00333,2023-08-26,Completed,0
O000700,C00334,2023-03-13,Completed,0
O000701,C00335,2023-03-13,Completed,15
O000702,C00335,2023-05-30,Completed,0
O000703,C00336,2023-03-13,Completed,0
O000704,C00336,2023-04-17,Completed,0
O000705,C00336,2023-10-17,Completed,0
O000706,C00337,2023-03-13,Completed,10
O000707,C00338,2023-03-12,Completed,0
O000708,C00339,2023-03-14,Completed,0
O000709,C00340,2023-03-14,Completed,15
O000710,C00341,2023-03-14,Completed,0
O000711,C00341,2023-06-14,Completed,15
O000712,C00341,2023-06-18,Completed,0
O000713,C00341,2023-07-21,Completed,15
O000714,C00342,2023-03-15,Completed,0
O000715,C00342,2023-04-26,Completed,10
O000716,C00342,2023-05-02,Completed,0
O000717,C00342,2023-11-21,Completed,0
O000718,C00343,2023-03-15,Completed,10
O000719,C00343,2023-06-21,Completed,0
O000720,C00344,2023-03-15,Completed,15
O000721,C00345,2023-03-13,Completed,0
O000722,C00346,2023-03-13,Completed,0
O000723,C00346,2024-01-01,Completed,0
O000724,C00347,2023-03-14,Completed,0
O000725,C00347,2023-05-21,Completed,15
O000726,C00348,2023-03-13,Completed,0
O000727,C00348,2024-06-06,Completed,0
O000728,C00349,2023-03-14,Completed,0
O000729,C00349,2023-06-14,Completed,0
O000730,C00350,2023-03-14,Completed,0
O000731,C00350,2023-03-22,Completed,10
O000732,C00350,2023-04-14,Completed,15
O000733,C00350,2023-04-26,Cancelled,15
O000734,C00350,2023-10-16,Completed,15
O000735,C00350,2024-02-29,Completed,0
O000736,C00351,2023-03-14,Completed,0
O000737,C00351,2023-06-27,Completed,10
O000738,C00352,2023-03-16,Completed,0
O000739,C00352,2023-03-30,Completed,10
O000740,C00353,2023-03-15,Completed,0
O000741,C00353,2023-04-26,Completed,0
O000742,C00354,2023-03-15,Completed,0
O000743,C00354,2023-09-29,Completed,10
O000744,C00354,2023-11-10,Completed,10
O000745,C00354,2024-04-15,Completed,0
O000746,C00355,2023-03-15,Completed,15
O000747,C00356,2023-03-17,Completed,0
O000748,C00356,2023-06-02,Completed,0
O000749,C00356,2023-06-12,Completed,20
O000750,C00357,2023-03-15,Completed,15
O000751,C00357,2024-09-12,Completed,0
O000752,C00358,2023-03-17,Cancelled,0
O000753,C00359,18-Mar-2023,Completed,0
O000754,C00359,2023-07-25,Completed,0
O000755,C00360,2023-03-16,Completed,0
O000756,C00361,2023-03-18,Completed,0
O000757,C00361,2023-09-26,Completed,0
O000758,C00362,2023-03-16,Completed,10
O000759,C00363,2023-03-17,Completed,0
O000760,C00363,2023-12-21,Completed,0
O000761,C00363,2024-04-16,Completed,20
O000762,C00364,2023-03-18,Completed,0
O000763,C00364,2023-03-22,Completed,15
O000764,C00364,2023-04-03,Completed,15
O000765,C00365,2023-03-18,Cancelled,15
O000766,C00366,2023-03-18,Cancelled,10
O000767,C00367,2023-03-19,Completed,0
O000768,C00368,2023-03-17,Completed,20
O000769,C00368,2023-03-25,Completed,0
O000770,C00368,2023-05-10,Completed,0
O000771,C00369,2023-03-19,Completed,0
O000772,C00370,2023-03-17,Completed,0
O000773,C00370,2023-05-11,Completed,10
O000774,C00370,2023-05-30,Completed,0
O000775,C00370,2023-10-20,Completed,0
O000776,C00370,2023-10-30,Completed,0
O000777,C00370,2023-11-18,Completed,0
O000778,C00371,2023-03-18,Completed,15
O000779,C00371,2023-04-05,Completed,0
O000780,C00371,2023-06-26,Completed,0
O000781,C00371,2023-11-08,Completed,0
O000782,C00371,2023-12-25,Cancelled,0
O000783,C00371,2024-07-04,Completed,15
O000784,C00372,2023-03-19,Completed,0
O000785,C00373,2023-03-19,Completed,0
O000786,C00373,2023-03-20,Completed,30
O000787,C00374,2023-03-18,Completed,0
O000788,C00375,2023-03-19,Completed,0
O000789,C00376,2023-03-19,Completed,0
O000790,C00376,24-May-2023,Completed,0
O000791,C00377,2023-03-21,Completed,0
O000792,C00378,2023-03-19,Cancelled,10
O000793,C00379,2023-03-21,Completed,10
O000794,C00380,2023-03-20,Completed,0
O000795,C00380,2023-06-20,Completed,0
O000796,C00380,2024-02-04,Completed,20
O000797,C00380,2024-02-08,Completed,0
O000798,C00380,23-May-2024,Completed,0
O000799,C00380,2024-05-27,Completed,0
O000800,C00380,2024-09-12,Completed,15
O000801,C00380,2024-09-14,Completed,15
O000802,C00380,2024-10-22,Completed,0
O000803,C00381,2023-03-21,Completed,0
O000804,C00381,2023-04-07,Completed,0
O000805,C00381,2023-12-19,Completed,0
O000806,C00381,2024-06-13,Completed,0
O000807,C00381,2024-07-26,Completed,0
O000808,C00381,2024-12-10,Completed,0
O000809,C00382,2023-03-20,Completed,0
O000810,C00383,2023-03-20,Completed,0
O000811,C00383,2023-05-23,Completed,0
O000812,C00384,2023-03-22,Completed,0
O000813,C00385,2023-03-20,Completed,0
O000814,C00386,2023-03-20,Completed,0
O000815,C00387,22-Mar-2023,Completed,30
O000816,C00388,2023-03-22,Completed,0
O000817,C00388,2023-06-15,Completed,10
O000818,C00388,2023-08-18,Completed,10
O000819,C00389,2023-03-23,Completed,0
O000820,C00390,2023-03-22,Completed,20
O000821,C00391,22-Mar-2023,Completed,20
O000822,C00392,2023-03-23,Completed,0
O000823,C00392,2023-05-04,Completed,0
O000824,C00392,2023-07-22,Completed,0
O000825,C00393,2023-03-22,Cancelled,0
O000826,C00394,2023-03-23,Completed,0
O000827,C00395,2023-03-22,Completed,0
O000828,C00395,2023-09-26,Completed,10
O000829,C00395,2024-01-17,Completed,10
O000830,C00395,2024-11-09,Completed,10
O000831,C00395,29-Dec-2024,Completed,0
O000832,C00396,2023-03-23,Completed,0
O000833,C00397,2023-03-24,Completed,10
O000834,C00398,2023-03-23,Completed,10
O000835,C00399,2023-03-25,Completed,0
O000836,C00400,2023-03-24,Completed,0
O000837,C00400,2023-04-24,Completed,0
O000838,C00401,2023-03-23,Completed,15
O000839,C00401,2023-05-02,Completed,15
O000840,C00401,2023-05-28,Completed,0
O000841,C00401,2023-09-04,Completed,0
O000842,C00402,23-Mar-2023,Completed,30
O000843,C00402,2023-03-30,Completed,0
O000844,C00402,2023-06-06,Completed,0
O000845,C00402,2023-07-01,Completed,15
O000846,C00402,2023-12-06,Completed,30
O000847,C00402,2024-02-18,Completed,0
O000848,C00402,2024-09-06,Completed,0
O000849,C00403,2023-03-25,Completed,0
O000850,C00403,2024-04-13,Completed,30
O000851,C00404,2023-03-25,Cancelled,30
O000852,C00405,2023-03-25,Completed,0
O000852,C00405,2023-03-25,Completed,0
O000853,C00406,2023-03-24,Completed,0
O000854,C00407,2023-03-24,Completed,30
O000855,C00408,2023-03-26,Completed,20
O000856,C00408,2023-04-11,Completed,10
O000857,C00409,2023-03-25,Completed,20
O000858,C00409,2023-04-27,Completed,20
O000859,C00409,2023-06-20,Completed,0
O000860,C00410,2023-03-25,Completed,0
O000861,C00411,2023-03-24,Completed,0
O000862,C00412,2023-03-27,Completed,0
O000863,C00412,2024-04-01,Completed,0
O000864,C00413,2023-03-26,Completed,0
O000865,C00414,2023-03-27,Completed,20
O000866,C00414,2024-02-02,Completed,10
O000867,C00415,2023-03-26,Completed,0
O000868,C00415,2023-04-24,Completed,0
O000869,C00415,2023-05-04,Completed,10
O000870,C00415,2023-06-03,Completed,15
O000871,C00415,2023-09-11,Completed,10
O000872,C00416,2023-03-26,Completed,0
O000873,C00416,2023-07-14,Completed,0
O000874,C00416,2023-10-30,Completed,0
O000875,C00416,2024-01-06,Completed,20
O000876,C00416,2024-04-15,Completed,20
O000877,C00416,2024-07-26,Completed,20
O000878,C00417,2023-03-28,Completed,0
O000879,C00417,2023-11-25,Completed,0
O000880,C00417,2023-12-09,Completed,20
O000881,C00417,2024-01-29,Completed,0
O000882,C00418,2023-03-28,Completed,0
O000883,C00419,2023-03-27,Completed,0
O000884,C00419,2023-03-29,Completed,30
O000885,C00420,2023-03-28,Completed,0
O000886,C00420,2023-04-11,Completed,0
O000887,C00420,2023-05-24,Completed,0
O000888,C00420,2023-07-07,Completed,0
O000889,C00421,2023-03-26,Completed,0
O000890,C00421,2023-05-09,Completed,0
O000891,C00422,28-Mar-2023,Completed,10
O000892,C00423,2023-03-26,Completed,20
O000893,C00424,2023-03-28,Completed,0
O000894,C00425,2023-03-28,Completed,0
O000895,C00426,2023-03-29,Cancelled,10
O000896,C00427,2023-03-29,Completed,20
O000897,C00428,2023-03-27,Completed,20
O000898,C00429,2023-03-27,Completed,0
O000899,C00430,2023-03-27,Completed,15
O000900,C00430,2023-09-02,Completed,0
O000901,C00430,2023-10-10,Completed,0
O000902,C00430,17-Dec-2023,Completed,0
O000903,C00430,2023-12-22,Completed,30
O000904,C00430,2024-02-26,Completed,0
O000905,C00430,2024-03-26,Completed,0
O000906,C00430,2024-05-21,Completed,0
O000907,C00430,2024-07-24,Completed,10
O000908,C00431,2023-03-29,Completed,0
O000909,C00432,2023-03-29,Completed,20
O000910,C00433,2023-03-29,Completed,15
O000911,C00434,2023-03-28,Completed,0
O000912,C00435,2023-03-29,Completed,0
O000913,C00435,2023-06-09,Completed,30
O000914,C00436,2023-03-30,Completed,0
O000915,C00436,2023-09-17,Completed,0
O000916,C00436,2023-10-11,Completed,0
O000917,C00436,2023-10-25,Completed,30
O000918,C00437,2023-03-30,Completed,20
O000919,C00438,2023-03-29,Completed,0
O000920,C00439,2023-03-31,Completed,0
O000921,C00440,2023-03-29,Completed,15
O000922,C00441,2023-03-29,Completed,10
O000923,C00442,2023-03-30,Completed,0
O000924,C00443,2023-03-29,Completed,0
O000925,C00444,2023-03-29,Completed,15
O000926,C00445,2023-03-30,Completed,0
O000927,C00446,2023-03-31,Completed,10
O000928,C00447,2023-04-01,Completed,10
O000929,C00448,2023-04-01,Completed,0
O000930,C00449,2023-03-31,Completed,15
O000931,C00449,2024-02-17,Completed,0
O000932,C00450,2023-03-30,Completed,0
O000933,C00451,2023-03-31,Completed,0
O000934,C00452,2023-03-31,Completed,15
O000935,C00452,2023-06-23,Completed,0
O000936,C00452,2023-06-25,Completed,0
O000937,C00452,2023-07-26,Completed,15
O000938,C00453,2023-04-01,Completed,0
O000939,C00454,2023-04-01,Completed,0
O000940,C00455,2023-04-02,Completed,0
O000941,C00455,2023-10-16,Completed,0
O000942,C00456,2023-04-01,Completed,20
O000943,C00457,2023-04-02,Completed,0
O000944,C00458,2023-04-03,Completed,10
O000945,C00458,2023-04-19,Completed,10
O000946,C00458,2023-07-07,Completed,0
O000947,C00459,2023-04-01,Completed,0
O000948,C00459,2023-04-20,Completed,0
O000949,C00460,2023-04-01,Completed,0
O000950,C00460,2023-05-14,Completed,15
O000951,C00461,2023-04-03,Completed,0
O000952,C00462,2023-04-03,Completed,0
O000953,C00462,2023-05-06,Completed,0
O000954,C00462,2023-05-24,Completed,10
O000955,C00462,2023-06-23,Completed,0
O000956,C00462,2023-07-20,Completed,10
O000957,C00462,2023-09-08,Completed,0
O000958,C00462,2023-09-17,Cancelled,10
O000959,C00462,2023-10-29,Cancelled,15
O000960,C00462,2023-11-11,Completed,0
O000961,C00463,2023-04-03,Completed,0
O000962,C00463,01-Jun-2023,Completed,10
O000963,C00463,2023-06-20,Completed,15
O000964,C00463,2023-07-02,Completed,0
O000965,C00464,2023-04-02,Completed,0
O000966,C00465,2023-04-02,Completed,0
O000967,C00465,2023-08-05,Completed,0
O000968,C00466,2023-04-04,Completed,10
O000969,C00466,2023-04-07,Completed,0
O000970,C00466,2023-04-23,Completed,0
O000971,C00466,2023-04-24,Completed,20
O000972,C00466,29-Apr-2023,Completed,0
O000973,C00466,2023-05-16,Completed,10
O000974,C00466,2023-06-03,Completed,0
O000975,C00466,2023-06-13,Completed,15
O000976,C00467,2023-04-05,Completed,0
O000977,C00467,2023-05-12,Completed,0
O000978,C00468,2023-04-05,Completed,20
O000979,C00469,2023-04-03,Completed,15
O000980,C00469,2024-01-12,Completed,0
O000981,C00469,2024-09-28,Completed,0
O000982,C00470,2023-04-05,Completed,15
O000983,C00470,2023-06-28,Completed,0
O000984,C00470,2023-06-30,Completed,10
O000985,C00470,2023-11-04,Completed,0
O000986,C00470,2024-02-08,Completed,10
O000987,C00470,2024-06-10,Completed,0
O000988,C00471,2023-04-06,Completed,15
O000989,C00471,2023-05-06,Completed,15
O000990,C00472,2023-04-06,Completed,0
O000991,C00473,05-Apr-2023,Completed,0
O000992,C00474,2023-04-06,Completed,0
O000993,C00474,2023-06-10,Completed,0
O000994,C00474,2023-08-07,Cancelled,15
O000995,C00474,2023-09-12,Completed,10
O000996,C00475,2023-04-05,Completed,0
O000997,C00476,2023-04-07,Completed,0
O000998,C00476,2023-06-21,Completed,0
O000999,C00477,2023-04-05,Completed,0
O001000,C00477,2023-04-11,Completed,0
O001001,C00477,2023-04-13,Cancelled,0
O001002,C00477,2023-05-10,Cancelled,0
O001003,C00477,2023-08-11,Completed,0
O001004,C00477,2023-08-23,Completed,0
O001005,C00477,2023-09-22,Completed,15
O001006,C00477,2023-11-04,Completed,0
O001007,C00477,2023-12-12,Completed,0
O001008,C00477,2024-01-01,Completed,20
O001009,C00478,2023-04-07,Completed,0
O001010,C00478,2023-04-11,Completed,0
O001011,C00479,2023-04-06,Completed,0
O001012,C00479,2023-11-16,Completed,15
O001013,C00480,2023-04-07,Completed,0
O001014,C00480,2024-02-26,Completed,0
O001015,C00480,2024-03-31,Completed,0
O001016,C00480,2024-04-27,Completed,0
O001017,C00480,2024-06-24,Completed,15
O001018,C00481,2023-04-07,Completed,0
O001019,C00482,2023-04-06,Completed,0
O001020,C00483,2023-04-07,Completed,10
O001021,C00483,2023-04-14,Completed,0
O001022,C00483,2023-12-07,Completed,0
O001023,C00484,2023-04-09,Completed,0
O001024,C00484,2023-04-23,Cancelled,10
O001025,C00484,2023-06-06,Completed,10
O001026,C00484,2023-06-22,Completed,0
O001027,C00485,2023-04-09,Completed,0
O001028,C00485,2023-04-27,Completed,10
O001029,C00486,2023-04-08,Completed,15
O001030,C00487,2023-04-07,Completed,0
O001031,C00488,2023-04-08,Completed,15
O001032,C00488,2023-08-27,Completed,0
O001033,C00488,2024-02-21,Completed,10
O001034,C00489,2023-04-08,Completed,0
O001035,C00490,2023-04-08,Completed,0
O001035,C00490,2023-04-08,Completed,0
O001036,C00490,2023-04-18,Completed,0
O001037,C00490,2023-06-08,Completed,0
O001038,C00490,2023-08-17,Completed,0
O001039,C00491,2023-04-08,Completed,0
O001040,C00491,2023-06-14,Completed,15
O001041,C00491,07-Sep-2023,Completed,0
O001042,C00491,2024-07-01,Completed,0
O001043,C00492,2023-04-09,Completed,0
O001044,C00492,2023-04-18,Completed,0
O001045,C00492,2023-05-04,Completed,0
O001046,C00492,2023-07-26,Completed,20
O001047,C00492,2023-08-06,Completed,0
O001048,C00492,2023-09-01,Completed,10
O001049,C00492,2023-09-12,Completed,0
O001050,C00492,2024-02-21,Completed,0
O001051,C00493,2023-04-08,Completed,20
O001052,C00494,2023-04-10,Completed,10
O001053,C00494,2023-05-02,Completed,10
O001054,C00494,2023-06-05,Completed,0
O001055,C00494,2023-07-14,Completed,0
O001056,C00494,2023-08-06,Completed,15
O001057,C00495,2023-04-09,Completed,0
O001058,C00496,2023-04-10,Completed,20
O001059,C00497,2023-04-10,Completed,20
O001060,C00498,11-Apr-2023,Completed,0
O001061,C00498,2023-07-08,Completed,0
O001062,C00498,2023-08-08,Completed,0
O001063,C00499,2023-04-10,Completed,0
O001064,C00500,2023-04-12,Completed,0
O001065,C00500,2023-05-26,Completed,0
O001066,C00501,2023-04-11,Completed,0
O001067,C00501,2023-06-07,Completed,0
O001068,C00502,2023-04-11,Completed,20
O001069,C00502,2023-05-03,Completed,15
O001070,C00502,2023-08-04,Cancelled,0
O001071,C00503,2023-04-12,Completed,20
O001072,C00503,2023-06-02,Completed,0
O001073,C00504,2023-04-12,Completed,0
O001074,C00505,2023-04-11,Completed,30
O001074,C00505,2023-04-11,Completed,30
O001075,C00506,2023-04-11,Completed,10
O001076,C00507,2023-04-14,Completed,20
O001077,C00507,2023-10-02,Completed,30
O001078,C00508,2023-04-14,Completed,0
O001079,C00509,2023-04-13,Completed,0
O001080,C00509,2023-11-06,Completed,20
O001081,C00510,2023-04-13,Completed,15
O001082,C00511,2023-04-14,Completed,15
O001083,C00511,2023-05-10,Completed,10
O001084,C00511,24-Nov-2024,Completed,20
O001085,C00512,2023-04-13,Completed,0
O001086,C00513,2023-04-14,Completed,0
O001087,C00513,2023-04-30,Completed,15
O001088,C00514,2023-04-13,Completed,15
O001089,C00515,2023-04-14,Completed,0
O001090,C00516,2023-04-15,Completed,0
O001091,C00517,2023-04-15,Completed,20
O001092,C00517,2023-11-08,Completed,0
O001093,C00517,2023-12-27,Completed,0
O001094,C00517,2024-07-02,Completed,10
O001095,C00517,2024-09-29,Completed,0
O001096,C00518,2023-04-13,Completed,0
O001097,C00519,2023-04-13,Completed,0
O001098,C00519,2023-05-06,Completed,0
O001099,C00519,17-Aug-2023,Completed,0
O001100,C00520,2023-04-14,Completed,0
O001101,C00520,2023-05-14,Completed,0
O001102,C00520,2023-06-11,Completed,0
O001103,C00520,2023-09-22,Completed,10
O001104,C00520,2023-10-01,Completed,15
O001105,C00521,2023-04-14,Cancelled,0
O001106,C00521,2023-06-25,Completed,20
O001107,C00522,2023-04-16,Completed,0
O001108,C00523,2023-04-15,Completed,0
O001109,C00523,23-Sep-2023,Completed,0
O001110,C00523,2023-11-13,Completed,30
O001111,C00523,2023-12-07,Completed,10
O001112,C00523,2024-09-18,Completed,15
O001113,C00523,2024-11-20,Completed,10
O001114,C00524,2023-04-15,Completed,0
O001115,C00525,2023-04-15,Completed,15
O001116,C00525,2023-04-25,Completed,0
O001117,C00526,2023-04-17,Completed,10
O001118,C00527,15-Apr-2023,Completed,10
O001119,C00528,2023-04-15,Completed,0
O001120,C00528,2023-04-22,Completed,0
O001121,C00529,2023-04-16,Completed,0
O001122,C00529,2023-05-13,Completed,20
O001123,C00529,2023-08-27,Completed,15
O001124,C00530,2023-04-16,Completed,10
O001125,C00531,2023-04-18,Completed,0
O001126,C00531,2023-09-03,Completed,0
O001127,C00532,2023-04-18,Completed,15
O001128,C00532,2023-06-09,Completed,0
O001129,C00532,2023-07-08,Completed,0
O001130,C00532,2023-07-22,Completed,0
O001131,C00532,2023-08-02,Completed,0
O001132,C00532,2023-10-27,Completed,0
O001133,C00532,2023-12-28,Completed,20
O001134,C00533,2023-04-16,Completed,0
O001135,C00533,2023-06-03,Completed,0
O001136,C00533,2023-10-14,Completed,0
O001137,C00534,2023-04-17,Completed,10
O001138,C00535,2023-04-18,Completed,0
O001139,C00536,2023-04-19,Completed,20
O001140,C00537,2023-04-19,Completed,0
O001141,C00538,17-Apr-2023,Completed,0
O001142,C00539,2023-04-19,Completed,0
O001142,C00539,2023-04-19,Completed,0
O001143,C00540,2023-04-18,Completed,0
O001144,C00540,2023-06-02,Completed,0
O001145,C00540,2023-09-01,Completed,30
O001146,C00541,2023-04-18,Completed,0
O001147,C00542,2023-04-18,Completed,0
O001148,C00542,2023-07-01,Completed,20
O001149,C00542,2023-08-08,Completed,0
O001150,C00543,2023-04-18,Completed,15
O001151,C00544,2023-04-19,Completed,0
O001152,C00545,2023-04-19,Cancelled,0
O001153,C00545,2024-03-06,Completed,10
O001154,C00546,2023-04-18,Completed,0
O001155,C00547,2023-04-21,Completed,0
O001156,C00547,2023-05-25,Completed,0
O001157,C00548,2023-04-19,Completed,0
O001158,C00548,2024-02-28,Completed,20
O001159,C00549,2023-04-21,Completed,0
O001160,C00549,2023-05-19,Completed,0
O001161,C00549,2023-09-04,Completed,10
O001162,C00549,2024-03-15,Completed,0
O001163,C00550,2023-04-22,Completed,10
O001164,C00551,2023-04-20,Completed,0
O001165,C00551,2023-10-18,Completed,0
O001166,C00551,2023-12-06,Completed,0
O001167,C00551,2023-12-07,Completed,0
O001168,C00551,2024-04-04,Completed,0
O001169,C00551,2024-04-29,Completed,0
O001170,C00552,2023-04-20,Completed,0
O001171,C00553,2023-04-22,Completed,0
O001172,C00554,2023-04-22,Completed,0
O001173,C00555,2023-04-21,Completed,15
O001174,C00555,2023-10-05,Completed,15
O001175,C00556,2023-04-20,Completed,0
O001176,C00557,2023-04-20,Completed,0
O001177,C00558,2023-04-23,Completed,0
O001178,C00558,2023-06-06,Completed,15
O001179,C00558,2023-11-11,Completed,30
O001180,C00559,2023-04-23,Completed,20
O001181,C00560,2023-04-21,Completed,0
O001182,C00561,2023-04-22,Completed,15
O001183,C00562,2023-04-23,Completed,10
O001184,C00563,2023-04-21,Completed,0
O001185,C00564,2023-04-23,Completed,10
O001186,C00564,2023-05-11,Completed,0
O001187,C00565,2023-04-22,Cancelled,0
O001188,C00566,2023-04-24,Completed,0
O001189,C00566,2023-05-30,Completed,0
O001190,C00567,2023-04-22,Completed,0
O001191,C00567,02-Dec-2023,Completed,0
O001192,C00567,2024-02-03,Completed,0
O001193,C00567,2024-03-01,Completed,0
O001194,C00567,2024-04-23,Completed,15
O001195,C00568,2023-04-23,Completed,0
O001196,C00569,2023-04-24,Completed,0
O001197,C00569,2023-08-24,Completed,30
O001198,C00569,2023-09-11,Completed,0
O001199,C00570,2023-04-22,Completed,15
O001200,C00570,2023-06-25,Completed,10
O001201,C00570,2024-03-27,Completed,0
O001202,C00571,2023-04-24,Completed,15
O001203,C00572,2023-04-25,Completed,0
O001204,C00573,2023-04-23,Completed,0
O001205,C00573,2023-07-04,Completed,0
O001206,C00574,2023-04-25,Completed,0
O001207,C00574,2023-07-16,Completed,0
O001208,C00575,2023-04-23,Completed,0
O001209,C00575,2023-08-14,Completed,15
O001210,C00575,2023-09-26,Completed,0
O001211,C00575,2024-08-07,Completed,0
O001212,C00576,2023-04-25,Completed,15
O001213,C00576,2023-05-13,Completed,0
O001214,C00577,2023-04-23,Completed,0
O001215,C00578,2023-04-25,Completed,20
O001216,C00578,2023-07-31,Completed,15
O001217,C00578,2023-08-27,Completed,0
O001218,C00578,2023-10-10,Completed,0
O001219,C00579,2023-04-24,Completed,10
O001220,C00580,2023-04-26,Completed,0
O001221,C00581,2023-04-26,Completed,0
O001222,C00581,2023-10-09,Completed,20
O001223,C00582,2023-04-24,Completed,0
O001224,C00583,2023-04-24,Completed,0
O001225,C00583,2023-10-15,Completed,0
O001226,C00584,2023-04-26,Completed,20
O001227,C00584,2023-10-08,Completed,0
O001228,C00584,2024-01-29,Completed,10
O001229,C00585,2023-04-25,Completed,10
O001230,C00586,2023-04-27,Completed,0
O001231,C00587,25-Apr-2023,Completed,0
O001232,C00587,2023-05-02,Completed,0
O001233,C00588,2023-04-25,Completed,20
O001234,C00588,2023-06-16,Completed,0
O001235,C00588,2023-11-27,Completed,0
O001236,C00588,2023-12-31,Completed,0
O001237,C00589,2023-04-27,Completed,0
O001238,C00590,2023-04-27,Completed,0
O001239,C00591,2023-04-26,Completed,0
O001240,C00591,2023-08-22,Completed,0
O001241,C00591,2024-03-11,Completed,0
O001242,C00591,2024-04-12,Cancelled,10
O001243,C00592,2023-04-27,Completed,0
O001244,C00593,2023-04-27,Completed,0
O001245,C00593,2023-09-23,Completed,10
O001246,C00594,2023-04-26,Completed,0
O001247,C00594,2024-10-24,Completed,0
O001248,C00595,2023-04-26,Completed,0
O001249,C00596,2023-04-28,Completed,10
O001250,C00597,2023-04-29,Completed,0
O001251,C00597,2023-08-04,Completed,0
O001252,C00597,2024-01-10,Completed,20
O001253,C00597,2024-01-20,Completed,0
O001254,C00598,2023-04-28,Completed,0
O001254,C00598,2023-04-28,Completed,0
O001255,C00599,2023-04-27,Completed,0
O001256,C00600,2023-04-27,Completed,0
O001257,C00601,2023-04-29,Completed,0
O001258,C00602,2023-04-27,Completed,0
O001259,C00602,2023-07-24,Completed,10
O001260,C00603,2023-04-29,Completed,15
O001261,C00603,2023-05-26,Completed,15
O001262,C00604,2023-04-27,Completed,0
O001263,C00604,2023-05-28,Completed,0
O001264,C00604,2023-07-15,Completed,0
O001265,C00604,2023-07-20,Completed,0
O001266,C00605,2023-04-30,Cancelled,15
O001267,C00605,2023-06-26,Completed,0
O001268,C00605,2024-08-31,Completed,0
O001269,C00606,2023-04-29,Completed,0
O001270,C00606,2023-09-01,Completed,20
O001271,C00606,2023-10-07,Completed,15
O001272,C00606,2023-12-04,Completed,30
O001273,C00607,2023-04-28,Completed,10
O001274,C00607,2023-06-28,Completed,0
O001275,C00608,2023-04-30,Completed,0
O001276,C00608,2023-08-08,Completed,0
O001277,C00608,2023-10-17,Completed,0
O001278,C00608,2024-05-26,Completed,10
O001279,C00608,27-Sep-2024,Completed,0
O001280,C00609,2023-04-30,Completed,0
O001281,C00609,2023-09-13,Completed,10
O001282,C00609,2024-11-28,Completed,30
O001283,C00609,2024-12-16,Completed,10
O001284,C00610,2023-04-28,Completed,0
O001285,C00611,2023-04-30,Completed,0
O001286,C00611,2023-10-17,Completed,0
O001287,C00611,2024-05-30,Completed,10
O001288,C00612,2023-04-29,Completed,10
O001289,C00612,2023-09-16,Completed,0
O001289,C00612,2023-09-16,Completed,0
O001290,C00612,2023-09-19,Completed,15
O001291,C00613,2023-05-01,Completed,0
O001292,C00614,2023-05-01,Completed,10
O001293,C00614,2023-07-04,Completed,0
O001294,C00615,2023-04-29,Completed,0
O001295,C00615,2023-06-25,Completed,0
O001296,C00616,2023-05-01,Completed,0
O001297,C00617,2023-05-02,Completed,20
O001298,C00617,2023-07-17,Completed,20
O001299,C00618,2023-05-01,Completed,10
O001300,C00619,2023-05-01,Completed,20
O001301,C00619,2023-06-15,Completed,15
O001302,C00620,2023-05-02,Completed,20
O001303,C00620,2023-05-05,Completed,0
O001304,C00621,2023-05-01,Cancelled,0
O001305,C00622,2023-05-02,Completed,0
O001306,C00623,2023-05-01,Completed,0
O001307,C00624,2023-05-01,Completed,20
O001308,C00625,2023-05-02,Completed,0
O001309,C00625,2024-01-16,Completed,0
O001310,C00626,2023-05-02,Cancelled,15
O001311,C00626,2023-07-10,Completed,15
O001312,C00626,2023-07-14,Completed,30
O001313,C00627,2023-05-03,Completed,10
O001314,C00628,2023-05-03,Completed,0
O001315,C00628,2023-05-21,Completed,10
O001316,C00628,2023-06-23,Completed,0
O001317,C00628,2023-07-13,Completed,15
O001318,C00629,2023-05-04,Completed,10
O001319,C00629,2023-11-29,Completed,0
O001320,C00630,2023-05-04,Completed,0
O001321,C00631,2023-05-03,Completed,0
O001322,C00632,2023-05-02,Completed,0
O001323,C00633,2023-05-05,Completed,0
O001324,C00634,2023-05-05,Completed,0
O001325,C00635,2023-05-03,Completed,0
O001326,C00636,2023-05-05,Completed,0
O001327,C00636,2023-08-20,Completed,0
O001328,C00636,2023-10-14,Completed,0
O001329,C00636,2024-03-27,Completed,10
O001330,C00636,2024-04-11,Completed,20
O001331,C00636,2024-05-30,Completed,0
O001332,C00636,2024-12-02,Completed,30
O001333,C00637,2023-05-05,Completed,0
O001334,C00637,2023-12-21,Completed,20
O001335,C00637,2023-12-30,Completed,10
O001336,C00638,2023-05-03,Completed,15
O001337,C00639,2023-05-04,Completed,10
O001338,C00639,2023-05-23,Completed,0
O001339,C00639,2024-01-16,Completed,10
O001340,C00640,2023-05-04,Completed,0
O001341,C00640,2023-05-26,Completed,0
O001342,C00640,2023-05-28,Completed,0
O001343,C00640,2023-06-24,Completed,0
O001344,C00640,2023-06-27,Completed,15
O001345,C00640,2023-07-07,Completed,0
O001346,C00640,2023-07-09,Completed,0
O001347,C00641,2023-05-04,Completed,10
O001348,C00642,2023-05-06,Completed,0
O001349,C00642,2023-07-12,Completed,0
O001350,C00643,2023-05-06,Cancelled,0
O001351,C00644,2023-05-06,Completed,10
O001352,C00644,2023-05-20,Completed,0
O001353,C00644,26-May-2023,Completed,0
O001354,C00645,2023-05-04,Completed,0
O001355,C00645,2023-07-02,Completed,0
O001356,C00646,2023-05-04,Completed,0
O001357,C00646,2023-05-21,Completed,0
O001357,C00646,2023-05-21,Completed,0
O001358,C00646,2023-06-06,Completed,0
O001359,C00646,2023-06-27,Completed,0
O001360,C00647,07-May-2023,Completed,0
O001361,C00648,2023-05-06,Completed,0
O001362,C00648,2023-05-25,Completed,0
O001363,C00648,2023-10-24,Completed,0
O001364,C00648,2024-07-17,Completed,15
O001365,C00648,2024-09-05,Completed,15
O001366,C00648,2024-12-31,Completed,30
O001367,C00649,2023-05-06,Completed,0
O001368,C00650,2023-05-05,Completed,0
O001369,C00651,2023-05-07,Cancelled,0
O001370,C00651,2023-06-25,Completed,10
O001371,C00651,2023-08-26,Completed,20
O001372,C00651,2023-11-05,Completed,0
O001373,C00651,2023-12-29,Completed,15
O001374,C00651,2024-12-11,Completed,0
O001375,C00652,2023-05-06,Completed,0
O001376,C00653,2023-05-07,Completed,0
O001377,C00654,2023-05-06,Completed,0
O001378,C00655,2023-05-06,Completed,0
O001379,C00655,21-Jun-2023,Completed,30
O001380,C00655,2023-07-01,Completed,15
O001381,C00656,2023-05-08,Completed,15
O001382,C00656,2023-05-17,Completed,30
O001383,C00656,2023-10-23,Completed,0
O001384,C00656,2023-12-26,Completed,30
O001385,C00657,08-May-2023,Completed,0
O001386,C00658,2023-05-07,Completed,10
O001387,C00659,2023-05-07,Completed,0
O001388,C00659,2023-09-01,Completed,15
O001389,C00659,2023-09-30,Completed,15
O001390,C00659,04-Mar-2024,Completed,0
O001391,C00660,2023-05-08,Completed,0
O001392,C00661,2023-05-07,Completed,10
O001393,C00661,2023-08-17,Completed,0
O001394,C00661,2023-09-27,Completed,20
O001395,C00661,2023-12-18,Completed,15
O001396,C00662,2023-05-08,Completed,0
O001397,C00662,2023-05-09,Completed,0
O001398,C00662,2023-07-11,Completed,0
O001399,C00663,2023-05-07,Completed,0
O001400,C00663,2023-06-22,Completed,10
O001401,C00663,2023-07-21,Completed,0
O001402,C00664,08-May-2023,Completed,0
O001403,C00665,2023-05-09,Completed,15
O001404,C00666,2023-05-08,Completed,20
O001405,C00666,2023-05-21,Completed,20
O001406,C00666,2023-06-13,Completed,10
O001407,C00666,2023-07-26,Completed,0
O001408,C00666,2023-07-30,Cancelled,10
O001409,C00666,2023-08-14,Completed,10
O001410,C00667,2023-05-09,Completed,0
O001411,C00667,2023-05-13,Completed,0
O001412,C00667,2023-06-12,Completed,10
O001413,C00668,2023-05-08,Completed,0
O001414,C00669,2023-05-07,Completed,15
O001415,C00670,2023-05-08,Completed,0
O001416,C00670,2023-05-10,Completed,0
O001417,C00670,2023-05-28,Completed,20
O001418,C00671,2023-05-10,Completed,0
O001419,C00672,2023-05-10,Completed,0
O001420,C00672,2023-08-16,Completed,0
O001421,C00673,2023-05-10,Completed,0
O001422,C00674,2023-05-11,Completed,0
O001423,C00675,2023-05-10,Completed,0
O001424,C00676,2023-05-09,Completed,0
O001425,C00677,2023-05-10,Completed,0
O001426,C00677,2023-06-28,Completed,0
O001427,C00678,2023-05-09,Completed,15
O001428,C00679,2023-05-12,Completed,0
O001429,C00679,2023-08-17,Completed,0
O001430,C00680,2023-05-11,Completed,10
O001431,C00681,2023-05-12,Completed,15
O001432,C00681,2023-05-16,Completed,15
O001433,C00681,2024-03-15,Completed,0
O001434,C00682,2023-05-11,Completed,10
O001435,C00683,2023-05-11,Completed,0
O001436,C00684,2023-05-12,Completed,15
O001437,C00685,2023-05-12,Completed,30
O001438,C00685,2023-05-30,Completed,20
O001439,C00685,2023-06-08,Completed,20
O001440,C00685,2023-11-20,Completed,20
O001441,C00685,2023-11-27,Completed,0
O001442,C00685,2023-12-20,Completed,30
O001443,C00686,2023-05-13,Completed,15
O001444,C00686,2023-11-06,Completed,0
O001445,C00686,2024-06-06,Completed,0
O001446,C00686,2024-07-01,Completed,10
O001447,C00687,12-May-2023,Completed,20
O001448,C00688,2023-05-13,Completed,10
O001449,C00688,2023-05-20,Completed,10
O001450,C00689,2023-05-13,Completed,0
O001451,C00690,2023-05-11,Completed,0
O001452,C00691,2023-05-12,Completed,0
O001453,C00692,2023-05-13,Completed,0
O001454,C00693,2023-05-13,Completed,0
O001455,C00694,2023-05-14,Completed,10
O001456,C00694,2023-05-25,Completed,15
O001457,C00694,2023-10-03,Completed,0
O001458,C00695,2023-05-14,Completed,0
O001459,C00696,2023-05-14,Completed,0
O001460,C00696,2023-08-02,Completed,0
O001461,C00696,2023-08-19,Completed,0
O001462,C00697,2023-05-13,Completed,0
O001463,C00697,2023-08-30,Completed,0
O001464,C00697,13-Sep-2023,Completed,0
O001465,C00697,2023-10-23,Completed,0
O001466,C00697,2024-05-09,Completed,0
O001467,C00698,2023-05-14,Completed,0
O001468,C00698,2023-08-28,Completed,0
O001469,C00698,2023-10-13,Completed,0
O001470,C00699,2023-05-15,Completed,15
O001471,C00699,2023-05-25,Completed,0
O001472,C00699,2023-05-29,Completed,15
O001473,C00700,2023-05-14,Completed,0
O001474,C00700,2023-07-02,Completed,10
O001475,C00701,2023-05-15,Completed,10
O001476,C00702,2023-05-13,Completed,0
O001477,C00702,2023-06-26,Cancelled,10
O001478,C00703,2023-05-14,Completed,0
O001479,C00703,2023-12-10,Completed,0
O001480,C00703,2024-02-01,Completed,20
O001481,C00704,2023-05-14,Completed,10
O001482,C00704,2023-05-19,Completed,15
O001483,C00705,2023-05-16,Completed,10
O001484,C00706,2023-05-16,Completed,0
O001485,C00707,2023-05-15,Completed,15
O001486,C00707,2023-07-08,Completed,10
O001487,C00708,2023-05-15,Completed,0
O001488,C00708,2023-10-26,Completed,0
O001489,C00708,2023-11-03,Completed,0
O001490,C00709,2023-05-17,Completed,0
O001491,C00709,2023-08-10,Completed,0
O001492,C00709,2023-09-16,Cancelled,0
O001493,C00710,2023-05-17,Completed,10
O001494,C00711,2023-05-15,Completed,0
O001495,C00712,2023-05-15,Completed,0
O001496,C00713,2023-05-17,Completed,10
O001497,C00714,2023-05-15,Completed,15
O001498,C00714,2023-06-16,Completed,0
O001499,C00714,2023-07-19,Completed,0
O001500,C00715,2023-05-15,Completed,0
O001501,C00715,2023-08-23,Completed,10
O001502,C00716,2023-05-16,Completed,0
O001503,C00717,2023-05-16,Completed,20
O001504,C00717,2023-05-19,Completed,0
O001505,C00718,2023-05-18,Completed,10
O001506,C00718,2023-07-01,Cancelled,10
O001507,C00718,2023-09-13,Completed,10
O001508,C00719,2023-05-16,Completed,0
O001509,C00720,2023-05-16,Completed,15
O001510,C00720,2023-09-05,Completed,0
O001511,C00721,2023-05-16,Completed,20
O001511,C00721,2023-05-16,Completed,20
O001512,C00721,2023-07-27,Completed,0
O001513,C00721,2023-09-15,Completed,0
O001514,C00722,2023-05-17,Completed,15
O001515,C00722,2023-08-27,Completed,0
O001516,C00723,2023-05-19,Completed,0
O001517,C00723,2023-11-24,Completed,15
O001518,C00723,2024-01-03,Completed,20
O001519,C00724,2023-05-18,Completed,0
O001520,C00725,2023-05-19,Completed,0
O001521,C00725,2024-01-10,Cancelled,0
O001522,C00726,2023-05-20,Completed,10
O001523,C00727,2023-05-18,Completed,0
O001524,C00727,2024-03-31,Completed,15
O001525,C00728,2023-05-20,Completed,15
O001526,C00728,2023-11-29,Completed,30
O001527,C00729,2023-05-18,Completed,0
O001528,C00729,2023-10-05,Completed,0
O001529,C00729,2023-12-07,Completed,0
O001530,C00729,2023-12-15,Completed,0
O001531,C00730,2023-05-19,Completed,0
O001532,C00731,2023-05-20,Completed,30
O001533,C00732,2023-05-21,Completed,15
O001534,C00733,2023-05-20,Completed,0
O001535,C00734,2023-05-20,Completed,0
O001536,C00735,2023-05-21,Completed,0
O001537,C00736,2023-05-22,Completed,0
O001538,C00737,2023-05-21,Completed,0
O001539,C00738,2023-05-22,Completed,0
O001540,C00738,2023-05-24,Completed,0
O001541,C00738,2023-05-31,Completed,0
O001542,C00738,2023-08-11,Completed,10
O001543,C00739,2023-05-22,Cancelled,0
O001544,C00739,2023-07-30,Completed,0
O001545,C00740,2023-05-20,Completed,0
O001546,C00740,2023-05-22,Completed,10
O001547,C00741,2023-05-20,Completed,15
O001548,C00742,2023-05-22,Completed,0
O001549,C00742,2023-07-18,Completed,0
O001550,C00743,2023-05-21,Completed,0
O001551,C00743,2023-08-23,Completed,0
O001552,C00744,2023-05-20,Completed,0
O001553,C00745,2023-05-22,Completed,20
O001554,C00746,2023-05-20,Completed,0
O001555,C00746,2023-08-10,Completed,0
O001556,C00746,2023-09-01,Completed,0
O001557,C00747,2023-05-20,Completed,20
O001558,C00748,2023-05-20,Completed,15
O001559,C00748,2023-06-27,Completed,10
O001560,C00748,2024-05-28,Completed,0
O001561,C00748,2024-09-30,Completed,15
O001562,C00749,2023-05-21,Completed,0
O001563,C00749,17-Jul-2023,Completed,15
O001564,C00749,2023-10-06,Completed,0
O001565,C00749,2023-12-05,Completed,20
O001566,C00750,2023-05-23,Completed,0
O001567,C00751,2023-05-21,Completed,0
O001568,C00751,2023-08-02,Completed,0
O001569,C00752,2023-05-23,Completed,10
O001570,C00752,2023-06-04,Completed,0
O001571,C00752,2023-12-31,Completed,20
O001572,C00752,2024-12-25,Completed,0
O001573,C00753,2023-05-21,Completed,0
O001574,C00754,2023-05-23,Completed,15
O001575,C00754,2023-11-23,Completed,0
O001576,C00755,2023-05-23,Completed,0
O001577,C00756,2023-05-25,Completed,0
O001578,C00757,2023-05-24,Completed,0
O001579,C00758,2023-05-25,Completed,0
O001580,C00758,2023-07-25,Completed,30
O001581,C00758,2023-09-19,Completed,0
O001582,C00758,2023-12-11,Completed,15
O001583,C00758,2024-02-10,Completed,0
O001584,C00758,2024-03-25,Completed,20
O001585,C00759,2023-05-25,Completed,0
O001586,C00760,2023-05-25,Completed,0
O001587,C00760,2023-06-20,Completed,0
O001588,C00761,2023-05-25,Completed,0
O001589,C00762,2023-05-25,Completed,0
O001590,C00763,2023-05-25,Completed,0
O001590,C00763,2023-05-25,Completed,0
O001591,C00764,2023-05-26,Completed,0
O001592,C00765,2023-05-26,Completed,0
O001593,C00765,2023-09-18,Completed,20
O001594,C00765,2023-10-07,Completed,15
O001595,C00766,2023-05-26,Completed,0
O001596,C00766,2023-06-02,Completed,15
O001597,C00766,2023-07-19,Completed,20
O001598,C00766,2023-07-28,Completed,0
O001599,C00767,24-May-2023,Completed,10
O001600,C00768,2023-05-24,Completed,10
O001601,C00768,2023-10-20,Completed,20
O001602,C00769,2023-05-25,Completed,0
O001603,C00770,2023-05-24,Completed,0
O001604,C00770,2024-02-10,Completed,0
O001605,C00771,2023-05-26,Completed,20
O001606,C00772,2023-05-25,Completed,0
O001607,C00772,2023-06-06,Completed,0
O001608,C00772,2024-05-10,Completed,0
O001609,C00773,2023-05-27,Completed,20
O001610,C00774,2023-05-26,Completed,0
O001611,C00775,2023-05-27,Completed,0
O001612,C00776,2023-05-26,Completed,0
O001613,C00776,2024-01-21,Completed,20
O001614,C00777,2023-05-27,Completed,0
O001615,C00777,2023-08-04,Completed,15
O001616,C00778,2023-05-27,Completed,0
O001617,C00779,2023-05-27,Completed,0
O001618,C00779,2023-09-12,Completed,0
O001619,C00780,2023-05-25,Completed,10
O001620,C00781,2023-05-26,Completed,20
O001621,C00782,2023-05-26,Completed,0
O001622,C00782,2023-09-03,Completed,15
O001623,C00783,2023-05-27,Completed,0
O001624,C00784,2023-05-27,Completed,0
O001625,C00785,2023-05-28,Completed,0
O001626,C00785,2023-06-06,Completed,10
O001627,C00786,2023-05-28,Completed,0
O001628,C00787,2023-05-27,Completed,20
O001629,C00787,2023-11-18,Completed,20
O001630,C00788,2023-05-27,Completed,0
O001631,C00789,2023-05-27,Completed,15
O001632,C00789,2023-05-29,Completed,0
O001633,C00789,2023-06-06,Completed,0
O001634,C00789,2023-06-07,Completed,0
O001635,C00789,2023-07-04,Completed,0
O001636,C00789,2023-08-12,Completed,0
O001637,C00789,2023-10-05,Completed,15
O001638,C00790,2023-05-29,Completed,20
O001639,C00790,2023-09-24,Completed,10
O001640,C00790,2023-11-19,Completed,0
O001641,C00790,2024-04-10,Completed,0
O001642,C00791,28-May-2023,Completed,0
O001643,C00792,2023-05-30,Completed,0
O001644,C00792,2023-08-10,Completed,10
O001645,C00792,2023-12-11,Completed,10
O001646,C00792,2024-12-19,Completed,20
O001647,C00793,2023-05-28,Cancelled,0
O001648,C00793,2023-06-21,Completed,0
O001649,C00794,2023-05-30,Completed,0
O001650,C00794,2023-07-20,Completed,0
O001651,C00795,2023-05-29,Completed,0
O001652,C00795,2023-06-06,Completed,0
O001653,C00795,2023-06-23,Completed,20
O001654,C00796,2023-05-29,Completed,0
O001655,C00796,2023-06-16,Completed,20
O001656,C00796,2024-03-19,Completed,0
O001657,C00796,2024-04-08,Completed,0
O001658,C00797,2023-05-29,Completed,0
O001659,C00797,2023-08-17,Completed,10
O001660,C00797,2023-09-19,Completed,0
O001661,C00798,2023-05-30,Completed,20
O001662,C00799,2023-05-30,Completed,0
O001663,C00800,2023-05-31,Completed,0
O001664,C00800,2023-07-28,Completed,0
O001665,C00801,2023-05-30,Completed,0
O001666,C00801,2023-07-16,Completed,0
O001667,C00802,2023-05-29,Completed,0
O001668,C00802,2023-10-29,Completed,0
O001669,C00803,2023-05-31,Completed,15
O001670,C00804,2023-05-31,Completed,0
O001671,C00805,2023-06-01,Completed,0
O001672,C00805,2023-07-10,Completed,0
O001673,C00805,2023-07-26,Completed,0
O001674,C00805,2023-08-23,Completed,10
O001675,C00806,2023-06-01,Completed,0
O001676,C00806,2023-06-14,Completed,0
O001677,C00806,2024-05-19,Completed,0
O001678,C00806,2024-11-13,Completed,10
O001679,C00807,2023-05-30,Completed,10
O001680,C00808,2023-05-31,Completed,0
O001681,C00808,2023-11-04,Completed,0
O001682,C00809,2023-05-30,Completed,0
O001683,C00810,2023-06-01,Completed,0
O001684,C00811,2023-06-02,Completed,0
O001685,C00811,2023-06-22,Completed,0
O001686,C00812,2023-05-31,Completed,10
O001687,C00812,2023-06-07,Completed,0
O001688,C00812,2023-06-08,Completed,0
O001689,C00812,2023-11-24,Completed,10
O001690,C00813,2023-05-31,Completed,0
O001691,C00813,2023-07-12,Completed,0
O001692,C00814,2023-06-03,Completed,0
O001693,C00815,2023-06-02,Completed,0
O001694,C00816,2023-06-03,Completed,0
O001695,C00817,2023-06-03,Cancelled,0
O001696,C00818,2023-06-02,Completed,0
O001697,C00818,2024-01-28,Completed,0
O001698,C00818,2024-03-28,Completed,0
O001699,C00818,2024-09-03,Completed,0
O001700,C00819,2023-06-03,Completed,0
O001701,C00820,2023-06-02,Completed,0
O001702,C00821,2023-06-02,Completed,0
O001703,C00822,2023-06-03,Completed,15
O001704,C00822,2023-11-04,Completed,15
O001705,C00823,2023-06-02,Completed,15
O001706,C00824,2023-06-04,Completed,0
O001707,C00824,2023-11-07,Completed,0
O001708,C00825,2023-06-03,Completed,0
O001709,C00826,2023-06-03,Completed,0
O001710,C00827,2023-06-03,Completed,0
O001711,C00827,2024-01-08,Completed,20
O001712,C00828,2023-06-04,Completed,0
O001713,C00828,2023-08-01,Completed,0
O001714,C00829,2023-06-02,Completed,0
O001715,C00829,2023-07-18,Completed,0
O001716,C00829,2023-08-16,Completed,0
O001717,C00830,03-Jun-2023,Completed,0
O001718,C00831,2023-06-03,Completed,0
O001719,C00832,2023-06-04,Completed,0
O001720,C00833,2023-06-04,Completed,0
O001721,C00834,2023-06-03,Completed,0
O001722,C00835,2023-06-04,Completed,20
O001723,C00835,2023-12-13,Completed,20
O001724,C00836,03-Jun-2023,Completed,0
O001725,C00837,2023-06-04,Completed,0
O001726,C00837,2023-07-03,Completed,0
O001727,C00837,2023-08-06,Completed,0
O001728,C00837,2023-10-03,Completed,10
O001729,C00837,2023-10-21,Completed,0
O001730,C00837,2023-11-17,Completed,0
O001730,C00837,2023-11-17,Completed,0
O001731,C00837,2024-05-06,Completed,0
O001732,C00837,2024-07-11,Completed,0
O001733,C00837,2024-09-27,Completed,15
O001734,C00837,2024-10-07,Completed,0
O001735,C00838,2023-06-04,Cancelled,0
O001736,C00839,2023-06-05,Completed,10
O001737,C00840,2023-06-06,Completed,0
O001738,C00840,06-Aug-2023,Completed,0
O001739,C00841,2023-06-05,Completed,20
O001740,C00842,2023-06-05,Completed,0
O001741,C00843,2023-06-04,Completed,0
O001742,C00844,2023-06-04,Completed,0
O001743,C00845,2023-06-05,Completed,0
O001744,C00846,2023-06-07,Completed,0
O001745,C00847,2023-06-07,Completed,20
O001746,C00847,2023-07-29,Completed,10
O001747,C00847,2023-08-07,Completed,10
O001748,C00848,2023-06-07,Completed,10
O001749,C00848,2023-12-21,Completed,30
O001750,C00849,2023-06-05,Completed,0
O001751,C00850,2023-06-08,Completed,0
O001752,C00850,2023-06-10,Completed,30
O001753,C00851,2023-06-07,Completed,10
O001754,C00852,2023-06-08,Completed,20
O001755,C00852,2023-12-09,Completed,30
O001756,C00853,2023-06-07,Completed,0
O001757,C00854,08-Jun-2023,Completed,0
O001758,C00855,2023-06-08,Completed,10
O001759,C00855,2023-10-17,Completed,20
O001760,C00855,2023-10-22,Completed,20
O001761,C00856,2023-06-09,Completed,10
O001762,C00856,2023-06-15,Completed,20
O001763,C00856,2023-07-22,Completed,0
O001764,C00857,2023-06-07,Completed,0
O001765,C00858,2023-06-08,Completed,0
O001766,C00858,2023-08-31,Completed,0
O001767,C00858,2023-10-24,Completed,10
O001768,C00859,2023-06-09,Completed,0
O001769,C00860,2023-06-09,Completed,0
O001770,C00860,2023-06-10,Completed,10
O001771,C00861,2023-06-07,Completed,0
O001772,C00861,2023-12-10,Completed,20
O001773,C00861,2023-12-22,Completed,0
O001774,C00861,2023-12-31,Completed,10
O001775,C00862,2023-06-08,Completed,15
O001776,C00863,2023-06-09,Completed,10
O001777,C00863,2023-07-28,Completed,0
O001778,C00864,2023-06-09,Completed,0
O001779,C00864,2023-09-27,Cancelled,0
O001780,C00865,2023-06-10,Completed,0
O001781,C00866,2023-06-10,Completed,0
O001782,C00866,2023-12-25,Completed,10
O001783,C00866,2024-01-07,Completed,10
O001784,C00867,2023-06-09,Completed,0
O001785,C00868,2023-06-11,Completed,0
O001786,C00868,2023-06-22,Completed,10
O001787,C00868,30-Jun-2023,Completed,0
O001788,C00868,2023-10-13,Completed,0
O001789,C00869,2023-06-11,Completed,0
O001790,C00869,2023-06-23,Completed,0
O001791,C00869,2023-11-22,Completed,10
O001792,C00870,2023-06-09,Completed,0
O001793,C00871,2023-06-12,Completed,0
O001794,C00872,2023-06-11,Completed,10
O001795,C00873,2023-06-12,Completed,0
O001796,C00873,2023-07-23,Completed,30
O001797,C00874,2023-06-10,Completed,0
O001798,C00874,2023-07-24,Completed,20
O001799,C00874,2023-07-26,Completed,0
O001800,C00874,2023-08-16,Completed,0
O001801,C00874,2023-08-20,Completed,0
O001802,C00874,2023-10-16,Completed,20
O001803,C00875,2023-06-10,Completed,0
O001804,C00875,2023-07-12,Completed,0
O001805,C00875,2023-08-03,Completed,0
O001806,C00875,2023-08-27,Completed,10
O001807,C00875,2023-09-28,Completed,0
O001808,C00875,2023-11-15,Completed,20
O001809,C00875,2024-01-08,Completed,0
O001810,C00875,2024-05-08,Completed,0
O001811,C00875,2024-06-05,Completed,0
O001812,C00876,2023-06-12,Completed,0
O001813,C00876,2023-07-29,Completed,0
O001814,C00877,2023-06-10,Completed,0
O001815,C00877,2023-08-20,Completed,0
O001816,C00878,2023-06-13,Completed,10
O001817,C00878,2024-01-19,Completed,0
O001818,C00879,2023-06-11,Completed,0
O001819,C00880,2023-06-13,Completed,0
O001820,C00880,2023-08-01,Completed,10
O001821,C00881,2023-06-12,Completed,0
O001822,C00882,2023-06-14,Completed,0
O001823,C00883,2023-06-14,Completed,0
O001824,C00883,2023-07-23,Completed,0
O001825,C00884,2023-06-12,Completed,0
O001826,C00884,2023-08-02,Completed,0
O001827,C00884,2023-08-03,Completed,0
O001828,C00884,05-Aug-2024,Completed,20
O001829,C00885,2023-06-13,Completed,20
O001830,C00885,28-Jun-2023,Completed,0
O001831,C00886,2023-06-13,Completed,0
O001832,C00887,13-Jun-2023,Completed,0
O001833,C00887,2023-09-04,Completed,0
O001834,C00887,02-Nov-2023,Completed,0
O001835,C00888,2023-06-13,Cancelled,20
O001836,C00889,2023-06-13,Completed,30
O001837,C00889,2023-11-12,Completed,10
O001838,C00890,2023-06-14,Completed,0
O001839,C00890,2023-07-19,Completed,15
O001840,C00891,2023-06-13,Completed,0
O001841,C00892,2023-06-14,Completed,0
O001842,C00892,2023-07-11,Completed,10
O001843,C00893,2023-06-13,Completed,15
O001844,C00894,2023-06-13,Completed,20
O001845,C00894,2023-10-17,Completed,0
O001846,C00895,2023-06-15,Completed,0
O001847,C00896,2023-06-15,Completed,0
O001848,C00897,2023-06-14,Completed,0
O001849,C00897,2023-06-18,Completed,0
O001850,C00897,2023-07-01,Completed,0
O001851,C00897,2023-09-28,Completed,10
O001852,C00897,2023-11-22,Completed,30
O001853,C00897,2024-01-08,Completed,10
O001854,C00897,2024-03-15,Completed,0
O001855,C00897,2024-04-29,Completed,10
O001856,C00897,2024-06-03,Completed,10
O001857,C00898,2023-06-16,Completed,0
O001858,C00898,2023-08-01,Completed,10
O001859,C00898,2023-10-15,Completed,10
O001860,C00899,2023-06-16,Completed,0
O001861,C00899,2023-12-07,Completed,15
O001862,C00899,2023-12-13,Completed,10
O001863,C00899,2023-12-14,Completed,0
O001864,C00899,2024-05-16,Completed,0
O001865,C00899,2024-11-19,Completed,20
O001866,C00899,2024-11-22,Completed,15
O001867,C00900,2023-06-16,Completed,0
O001868,C00900,03-Aug-2023,Completed,0
O001869,C00900,2024-02-17,Completed,20
O001870,C00900,2024-06-25,Completed,0
O001871,C00900,2024-10-26,Completed,10
O001872,C00900,2024-11-14,Completed,0
O001873,C00900,2024-11-29,Completed,0
O001874,C00901,2023-06-15,Completed,10
O001875,C00901,2023-09-20,Completed,15
O001876,C00901,2024-02-21,Completed,0
O001877,C00902,2023-06-14,Completed,0
O001878,C00903,16-Jun-2023,Completed,30
O001879,C00903,2023-11-16,Completed,0
O001880,C00904,2023-06-16,Completed,0
O001881,C00904,2023-08-21,Completed,0
O001882,C00905,2023-06-16,Completed,0
O001883,C00905,2023-09-07,Completed,0
O001884,C00905,2023-10-25,Completed,15
O001885,C00905,2024-02-05,Completed,0
O001886,C00905,2024-02-10,Completed,0
O001887,C00905,2024-04-10,Completed,10
O001888,C00906,2023-06-17,Completed,15
O001889,C00907,2023-06-16,Completed,0
O001890,C00907,2023-10-16,Completed,0
O001891,C00907,2024-07-29,Completed,0
O001892,C00908,2023-06-17,Completed,0
O001893,C00908,2023-06-26,Completed,0
O001894,C00908,2023-09-27,Completed,0
O001895,C00909,2023-06-16,Completed,0
O001896,C00909,2023-08-04,Completed,15
O001897,C00909,2024-03-07,Completed,10
O001898,C00910,2023-06-16,Completed,10
O001899,C00910,2023-08-16,Completed,0
O001900,C00911,2023-06-18,Completed,0
O001901,C00911,2023-07-06,Completed,0
O001902,C00911,2023-07-29,Completed,15
O001903,C00911,08-Sep-2023,Completed,0
O001904,C00911,2023-12-07,Completed,0
O001905,C00911,2024-01-11,Completed,0
O001906,C00911,2024-02-03,Completed,0
O001907,C00911,2024-03-07,Completed,10
O001908,C00911,2024-05-01,Completed,0
O001909,C00911,2024-07-04,Completed,0
O001910,C00912,2023-06-17,Completed,0
O001911,C00913,2023-06-16,Completed,20
O001912,C00913,2023-06-21,Completed,0
O001913,C00914,2023-06-18,Completed,0
O001914,C00915,2023-06-17,Completed,0
O001915,C00915,2023-10-30,Completed,0
O001916,C00915,2023-11-02,Completed,0
O001917,C00916,2023-06-17,Completed,10
O001918,C00916,2023-08-16,Completed,20
O001919,C00916,2023-09-11,Completed,0
O001920,C00916,20-Nov-2023,Completed,10
O001921,C00917,19-Jun-2023,Completed,15
O001922,C00918,2023-06-19,Completed,10
O001923,C00918,2023-09-05,Completed,0
O001924,C00918,2023-10-17,Completed,10
O001925,C00919,2023-06-19,Completed,15
O001926,C00919,2023-08-23,Completed,0
O001927,C00919,2023-08-25,Completed,10
O001928,C00920,2023-06-19,Completed,0
O001929,C00921,2023-06-18,Completed,0
O001930,C00922,2023-06-17,Completed,20
O001931,C00923,2023-06-19,Completed,10
O001932,C00924,2023-06-18,Completed,0
O001933,C00925,2023-06-17,Completed,0
O001934,C00925,2023-11-19,Completed,0
O001935,C00925,08-Dec-2023,Completed,10
O001936,C00925,2023-12-19,Cancelled,0
O001937,C00925,2024-08-01,Completed,10
O001938,C00926,2023-06-19,Completed,0
O001939,C00926,2023-08-14,Completed,0
O001940,C00927,2023-06-20,Completed,10
O001941,C00927,2023-07-04,Completed,15
O001942,C00927,2023-09-29,Completed,0
O001942,C00927,2023-09-29,Completed,0
O001943,C00927,2023-10-06,Completed,20
O001944,C00928,2023-06-20,Completed,0
O001945,C00929,2023-06-20,Completed,0
O001946,C00930,2023-06-18,Completed,15
O001947,C00930,2023-06-26,Completed,0
O001948,C00931,2023-06-19,Completed,0
O001949,C00932,2023-06-18,Completed,10
O001950,C00933,2023-06-18,Completed,0
O001951,C00933,05-Aug-2023,Completed,10
O001952,C00933,2023-08-20,Completed,0
O001953,C00933,2023-11-01,Completed,10
O001954,C00933,2023-11-14,Completed,30
O001955,C00934,2023-06-20,Completed,0
O001956,C00935,2023-06-19,Completed,0
O001957,C00936,2023-06-18,Completed,0
O001958,C00936,10-Jul-2023,Completed,20
O001959,C00936,2023-11-09,Completed,0
O001960,C00937,2023-06-19,Completed,10
O001961,C00937,2023-12-06,Completed,30
O001962,C00938,2023-06-20,Completed,0
O001963,C00939,2023-06-19,Completed,0
O001964,C00939,2023-11-10,Completed,0
O001965,C00940,2023-06-19,Completed,15
O001966,C00940,2023-09-20,Completed,0
O001967,C00940,2024-01-11,Completed,10
O001968,C00941,2023-06-19,Completed,0
O001969,C00942,2023-06-19,Completed,0
O001970,C00942,2023-06-21,Completed,0
O001971,C00942,2023-08-28,Completed,0
O001972,C00942,2023-10-05,Completed,0
O001973,C00942,2024-04-30,Completed,20
O001974,C00943,2023-06-19,Completed,0
O001975,C00944,2023-06-19,Completed,0
O001976,C00945,2023-06-20,Cancelled,20
O001977,C00945,2023-09-15,Completed,0
O001978,C00945,2024-06-07,Completed,0
O001979,C00946,2023-06-20,Cancelled,0
O001980,C00946,2023-06-21,Completed,0
O001981,C00946,2023-07-14,Completed,10
O001982,C00946,2023-10-07,Completed,10
O001983,C00947,2023-06-22,Completed,15
O001984,C00947,2024-01-04,Completed,30
O001985,C00947,2024-01-07,Completed,0
O001986,C00948,2023-06-22,Completed,20
O001987,C00949,2023-06-21,Completed,20
O001988,C00950,2023-06-22,Completed,0
O001988,C00950,2023-06-22,Completed,0
O001989,C00950,2023-12-12,Completed,20
O001990,C00950,2024-02-07,Completed,0
O001990,C00950,2024-02-07,Completed,0
O001991,C00950,2024-03-10,Completed,0
O001992,C00950,2024-03-31,Completed,10
O001993,C00950,2024-04-06,Completed,20
O001994,C00950,2024-11-16,Completed,30
O001995,C00951,2023-06-21,Completed,15
O001996,C00952,2023-06-22,Completed,0
O001997,C00953,2023-06-21,Completed,0
O001998,C00953,2023-09-30,Completed,0
O001999,C00953,2023-11-12,Completed,20
O002000,C00954,2023-06-21,Cancelled,0
O002001,C00955,2023-06-20,Completed,0
O002002,C00955,2023-07-27,Completed,20
O002003,C00955,2023-08-02,Completed,10
O002004,C00955,2023-09-07,Completed,0
O002005,C00955,2023-11-21,Completed,10
O002006,C00955,2024-05-06,Completed,20
O002007,C00955,2024-06-30,Completed,0
O002008,C00955,2024-08-31,Completed,0
O002009,C00955,2024-11-16,Completed,10
O002010,C00955,2024-12-23,Completed,10
O002011,C00955,2024-12-26,Completed,30
O002012,C00956,2023-06-20,Completed,15
O002013,C00957,2023-06-21,Completed,10
O002014,C00958,2023-06-23,Completed,15
O002015,C00958,2023-07-13,Completed,15
O002016,C00959,2023-06-21,Completed,0
O002017,C00960,2023-06-22,Completed,0
O002018,C00961,2023-06-22,Completed,0
O002019,C00961,2023-07-03,Cancelled,0
O002020,C00961,2023-08-23,Completed,0
O002021,C00961,2023-11-16,Completed,30
O002022,C00961,2024-05-22,Completed,0
O002023,C00962,2023-06-21,Completed,0
O002024,C00962,2023-09-05,Completed,15
O002025,C00962,2023-12-12,Completed,15
O002026,C00963,2023-06-21,Completed,0
O002027,C00964,2023-06-23,Completed,10
O002028,C00965,2023-06-23,Completed,20
O002029,C00965,2023-10-11,Completed,0
O002030,C00965,2023-10-18,Completed,0
O002031,C00965,2024-02-09,Completed,0
O002032,C00965,2024-08-19,Completed,30
O002033,C00965,2024-09-06,Completed,0
O002034,C00966,2023-06-24,Completed,0
O002035,C00967,23-Jun-2023,Completed,0
O002036,C00967,2023-10-13,Completed,0
O002037,C00967,2023-12-19,Completed,20
O002038,C00967,2024-01-03,Completed,20
O002039,C00967,2024-04-30,Completed,0
O002040,C00967,2024-07-05,Completed,0
O002041,C00967,2024-08-29,Completed,0
O002042,C00968,2023-06-23,Completed,0
O002043,C00969,2023-06-22,Completed,0
O002044,C00970,2023-06-24,Completed,0
O002045,C00971,2023-06-24,Completed,30
O002046,C00972,2023-06-25,Cancelled,0
O002047,C00972,2023-09-09,Completed,20
O002048,C00972,2023-12-28,Completed,15
O002049,C00972,2024-02-25,Completed,20
O002050,C00973,2023-06-24,Completed,0
O002051,C00973,2023-12-09,Completed,0
O002052,C00974,2023-06-25,Completed,0
O002053,C00975,2023-06-24,Cancelled,0
O002054,C00976,2023-06-25,Completed,0
O002055,C00976,2023-07-11,Completed,15
O002056,C00976,2023-08-23,Completed,20
O002057,C00976,2023-08-27,Completed,0
O002058,C00976,2023-09-05,Completed,0
O002059,C00977,25-Jun-2023,Completed,0
O002060,C00978,2023-06-26,Completed,0
O002061,C00978,2023-08-01,Completed,15
O002062,C00979,2023-06-26,Completed,0
O002063,C00980,2023-06-24,Completed,0
O002064,C00981,2023-06-26,Completed,0
O002065,C00982,2023-06-25,Completed,10
O002066,C00982,2023-07-22,Completed,0
O002067,C00983,2023-06-26,Completed,0
O002068,C00983,2023-07-06,Completed,0
O002069,C00984,2023-06-25,Completed,20
O002070,C00984,2023-07-22,Completed,0
O002071,C00984,2024-01-25,Completed,0
O002072,C00985,2023-06-26,Completed,0
O002073,C00986,2023-06-24,Completed,0
O002074,C00986,2023-10-03,Completed,0
O002075,C00986,2023-11-22,Completed,30
O002076,C00986,2024-04-06,Completed,0
O002077,C00986,2024-04-17,Completed,0
O002078,C00986,2024-04-24,Completed,0
O002079,C00986,2024-06-16,Completed,10
O002080,C00987,2023-06-24,Completed,15
O002081,C00987,2023-09-04,Completed,0
O002082,C00988,27-Jun-2023,Completed,0
O002083,C00989,2023-06-25,Completed,15
O002084,C00990,2023-06-26,Completed,0
O002085,C00990,2023-08-13,Completed,0
O002086,C00991,2023-06-26,Completed,0
O002087,C00992,2023-06-27,Completed,10
O002088,C00993,2023-06-27,Completed,0
O002089,C00993,2023-07-01,Completed,0
O002090,C00994,2023-06-25,Completed,0
O002091,C00995,2023-06-28,Completed,0
O002092,C00996,2023-06-28,Completed,15
O002093,C00997,2023-06-28,Completed,0
O002094,C00998,2023-06-26,Completed,0
O002095,C00999,2023-06-28,Completed,0
O002096,C01000,2023-06-27,Completed,30
O002097,C01001,2023-06-28,Completed,0
O002098,C01002,2023-06-27,Completed,0
O002099,C01003,2023-06-29,Completed,0
O002100,C01004,2023-06-30,Completed,10
O002101,C01004,2023-08-02,Completed,20
O002102,C01004,2023-10-08,Completed,0
O002103,C01004,2023-11-08,Completed,0
O002104,C01005,2023-06-30,Completed,10
O002105,C01006,2023-06-30,Completed,10
O002106,C01006,2023-07-04,Completed,0
O002107,C01006,2023-11-16,Completed,0
O002108,C01007,2023-06-30,Completed,0
O002109,C01008,2023-06-29,Completed,0
O002110,C01009,2023-06-30,Completed,10
O002111,C01009,2023-07-08,Completed,0
O002112,C01010,01-Jul-2023,Completed,0
O002113,C01011,2023-06-29,Completed,0
O002114,C01011,2023-07-01,Completed,20
O002115,C01011,2023-11-04,Completed,15
O002116,C01011,2024-03-15,Completed,20
O002117,C01012,2023-06-29,Completed,0
O002118,C01012,2023-07-26,Completed,20
O002119,C01013,2023-07-01,Completed,0
O002120,C01013,2023-08-20,Completed,20
O002121,C01013,2023-11-16,Completed,0
O002122,C01014,2023-06-30,Completed,30
O002123,C01014,2023-08-27,Completed,0
O002124,C01015,2023-07-01,Completed,0
O002125,C01015,2024-06-20,Completed,15
O002126,C01015,2024-08-08,Completed,10
O002127,C01015,2024-12-07,Completed,0
O002128,C01016,2023-07-02,Completed,0
O002129,C01017,2023-07-01,Completed,0
O002130,C01017,2023-07-28,Completed,0
O002131,C01018,2023-07-01,Completed,15
O002132,C01019,2023-06-30,Completed,0
O002133,C01019,2023-10-17,Completed,10
O002134,C01020,2023-07-01,Completed,0
O002135,C01021,2023-07-01,Completed,0
O002136,C01021,2023-11-14,Completed,20
O002137,C01022,2023-07-01,Completed,0
O002138,C01022,2023-08-08,Completed,0
O002139,C01022,20-Oct-2023,Completed,10
O002140,C01022,2024-01-14,Completed,0
O002141,C01023,2023-07-02,Completed,20
O002142,C01023,2024-01-03,Completed,0
O002143,C01024,2023-07-03,Completed,0
O002144,C01024,2023-12-04,Completed,10
O002145,C01024,2024-04-13,Completed,0
O002146,C01024,2024-10-14,Completed,15
O002147,C01025,03-Jul-2023,Completed,0
O002148,C01025,2024-01-09,Completed,10
O002149,C01026,2023-07-01,Completed,0
O002150,C01027,2023-07-02,Completed,0
O002151,C01028,2023-07-04,Completed,0
O002152,C01028,2023-07-09,Cancelled,0
O002153,C01029,2023-07-04,Completed,0
O002154,C01030,2023-07-04,Completed,0
O002155,C01030,2023-07-16,Completed,0
O002156,C01030,2024-09-30,Completed,0
O002157,C01030,2024-11-01,Completed,30
O002158,C01031,2023-07-02,Completed,10
O002159,C01031,2023-11-19,Completed,10
O002160,C01032,2023-07-03,Completed,10
O002161,C01033,2023-07-03,Completed,0
O002162,C01034,2023-07-03,Completed,15
O002163,C01035,2023-07-04,Completed,20
O002164,C01035,2023-07-10,Completed,20
O002165,C01036,2023-07-04,Completed,0
O002165,C01036,2023-07-04,Completed,0
O002166,C01036,2023-10-24,Completed,0
O002167,C01036,2024-02-18,Completed,0
O002168,C01036,2024-03-08,Completed,0
O002169,C01037,2023-07-03,Completed,0
O002170,C01037,2023-10-04,Completed,10
O002171,C01037,2024-01-14,Completed,10
O002172,C01038,2023-07-04,Completed,10
O002173,C01038,2023-10-19,Completed,10
O002174,C01038,2023-12-07,Cancelled,0
O002175,C01039,2023-07-04,Completed,0
O002176,C01039,2023-10-28,Completed,15
O002177,C01040,2023-07-03,Completed,0
O002178,C01040,2023-11-09,Completed,0
O002179,C01041,2023-07-05,Completed,0
O002180,C01042,2023-07-04,Completed,0
O002181,C01042,2023-09-13,Completed,0
O002182,C01042,2023-10-27,Completed,0
O002183,C01042,2023-11-13,Completed,0
O002183,C01042,2023-11-13,Completed,0
O002184,C01042,2024-02-27,Completed,0
O002185,C01042,2024-03-20,Completed,0
O002186,C01042,2024-04-12,Completed,0
O002187,C01042,2024-04-29,Completed,0
O002188,C01042,2024-06-05,Completed,0
O002189,C01043,2023-07-05,Completed,20
O002190,C01044,2023-07-05,Completed,0
O002191,C01044,2023-07-15,Completed,0
O002192,C01044,2023-07-22,Completed,10
O002193,C01044,2023-07-31,Completed,0
O002194,C01045,2023-07-04,Completed,0
O002195,C01045,2023-09-12,Completed,15
O002196,C01046,2023-07-07,Completed,0
O002197,C01046,2023-11-11,Completed,0
O002198,C01046,2023-12-26,Completed,30
O002199,C01047,2023-07-06,Completed,0
O002200,C01047,2023-08-31,Completed,0
O002201,C01047,2024-01-27,Completed,10
O002202,C01047,2024-02-25,Completed,0
O002203,C01047,2024-05-17,Completed,0
O002204,C01047,2024-06-10,Completed,0
O002205,C01048,2023-07-07,Completed,0
O002206,C01048,2023-08-13,Completed,0
O002207,C01048,2023-10-26,Completed,0
O002208,C01049,2023-07-05,Completed,0
O002209,C01049,2023-07-18,Cancelled,0
O002210,C01050,2023-07-06,Completed,0
O002211,C01051,2023-07-07,Completed,0
O002212,C01052,2023-07-07,Completed,0
O002213,C01053,2023-07-08,Completed,20
O002214,C01054,2023-07-06,Completed,0
O002215,C01054,2023-10-15,Completed,0
O002216,C01054,2023-11-20,Completed,0
O002217,C01055,2023-07-08,Completed,0
O002218,C01055,2023-09-29,Completed,10
O002219,C01056,2023-07-08,Completed,0
O002220,C01057,2023-07-08,Completed,0
O002221,C01057,2023-11-27,Completed,30
O002222,C01057,2024-02-25,Completed,0
O002223,C01058,2023-07-07,Completed,0
O002224,C01058,2023-08-05,Cancelled,0
O002225,C01059,2023-07-07,Cancelled,0
O002226,C01060,2023-07-07,Completed,0
O002227,C01061,2023-07-08,Completed,0
O002228,C01062,2023-07-09,Completed,15
O002229,C01062,2023-08-16,Completed,10
O002230,C01062,2023-08-25,Completed,0
O002231,C01062,2023-09-28,Completed,0
O002232,C01062,2024-03-16,Completed,15
O002233,C01063,2023-07-09,Completed,0
O002234,C01064,2023-07-10,Completed,0
O002235,C01065,09-Jul-2023,Cancelled,0
O002236,C01065,2023-09-26,Completed,10
O002237,C01066,2023-07-10,Completed,0
O002238,C01067,2023-07-09,Completed,0
O002239,C01068,2023-07-09,Completed,0
O002240,C01069,2023-07-08,Completed,0
O002241,C01070,2023-07-09,Completed,0
O002242,C01071,2023-07-10,Completed,15
O002243,C01071,2023-09-10,Completed,0
O002244,C01072,2023-07-09,Completed,20
O002245,C01072,2023-07-14,Completed,0
O002246,C01072,2023-08-19,Completed,0
O002246,C01072,2023-08-19,Completed,0
O002247,C01072,2023-09-05,Completed,15
O002248,C01072,2023-09-26,Completed,0
O002249,C01073,2023-07-08,Completed,15
O002250,C01074,2023-07-08,Completed,0
O002251,C01074,2024-05-29,Completed,0
O002252,C01075,2023-07-11,Completed,0
O002253,C01075,2024-01-16,Completed,0
O002254,C01075,2024-02-26,Completed,0
O002255,C01075,2024-07-07,Completed,0
O002256,C01076,2023-07-10,Completed,20
O002257,C01077,2023-07-10,Completed,20
O002258,C01077,2023-11-07,Completed,15
O002259,C01078,2023-07-10,Completed,0
O002260,C01079,2023-07-10,Completed,0
O002261,C01080,2023-07-10,Completed,20
O002262,C01081,2023-07-11,Completed,10
O002263,C01082,2023-07-11,Completed,0
O002264,C01083,2023-07-11,Completed,15
O002265,C01084,2023-07-09,Completed,0
O002266,C01084,2023-08-13,Completed,0
O002267,C01085,2023-07-10,Completed,0
O002268,C01085,2023-07-27,Completed,15
O002269,C01085,2023-09-22,Completed,0
O002270,C01086,2023-07-12,Completed,20
O002271,C01086,2023-10-28,Completed,0
O002272,C01086,2023-11-02,Completed,15
O002273,C01087,2023-07-12,Completed,0
O002274,C01088,2023-07-11,Completed,10
O002275,C01089,2023-07-11,Completed,0
O002276,C01090,2023-07-11,Completed,20
O002277,C01090,2023-08-04,Completed,0
O002278,C01091,2023-07-13,Completed,0
O002279,C01092,2023-07-13,Completed,0
O002280,C01093,2023-07-12,Completed,0
O002281,C01094,2023-07-11,Completed,0
O002282,C01095,2023-07-13,Completed,0
O002283,C01095,2023-07-16,Completed,15
O002284,C01095,2023-07-24,Completed,0
O002285,C01096,2023-07-13,Completed,0
O002286,C01096,2024-01-27,Completed,0
O002287,C01096,2024-04-11,Completed,0
O002288,C01096,2024-05-04,Completed,15
O002289,C01097,2023-07-12,Completed,0
O002290,C01097,2023-07-22,Completed,0
O002291,C01097,2023-10-03,Completed,0
O002292,C01098,2023-07-12,Completed,15
O002293,C01098,2024-03-25,Completed,0
O002294,C01098,2024-06-13,Completed,15
O002295,C01099,2023-07-15,Completed,0
O002296,C01099,2023-10-28,Completed,15
O002297,C01099,2023-12-05,Completed,0
O002298,C01100,2023-07-14,Completed,0
O002299,C01100,2023-10-08,Completed,0
O002300,C01101,2023-07-15,Completed,0
O002301,C01102,2023-07-13,Completed,0
O002302,C01103,2023-07-13,Completed,0
O002303,C01104,2023-07-15,Completed,0
O002304,C01104,2023-08-07,Completed,20
O002305,C01104,2024-01-10,Completed,0
O002306,C01104,2024-08-08,Completed,0
O002307,C01105,2023-07-14,Completed,0
O002308,C01106,2023-07-14,Completed,10
O002309,C01106,2023-10-12,Completed,0
O002310,C01106,2023-12-17,Completed,30
O002311,C01106,2024-04-22,Completed,0
O002312,C01106,2024-07-15,Completed,0
O002313,C01107,2023-07-14,Completed,0
O002314,C01108,2023-07-14,Completed,0
O002315,C01108,2023-08-10,Completed,0
O002316,C01108,2023-11-09,Completed,20
O002317,C01108,2023-12-02,Completed,20
O002318,C01109,2023-07-17,Completed,0
O002319,C01110,2023-07-17,Completed,0
O002320,C01110,2023-07-18,Completed,0
O002321,C01111,2023-07-16,Completed,0
O002322,C01111,2023-08-06,Completed,0
O002323,C01111,2023-12-12,Completed,0
O002324,C01111,2024-01-30,Completed,0
O002325,C01112,2023-07-17,Completed,0
O002326,C01112,2023-08-01,Completed,10
O002327,C01113,2023-07-16,Completed,0
O002328,C01113,2023-09-08,Completed,10
O002329,C01113,2023-10-30,Completed,15
O002330,C01114,2023-07-17,Completed,0
O002331,C01114,2023-07-20,Completed,0
O002332,C01114,2023-10-08,Completed,0
O002333,C01114,2024-01-02,Completed,0
O002334,C01115,2023-07-18,Completed,0
O002335,C01116,2023-07-16,Completed,15
O002336,C01117,2023-07-16,Completed,0
O002337,C01118,2023-07-17,Completed,10
O002338,C01119,2023-07-17,Completed,15
O002339,C01120,2023-07-19,Completed,15
O002340,C01120,2024-01-21,Completed,10
O002341,C01121,2023-07-18,Cancelled,15
O002342,C01122,2023-07-17,Completed,0
O002343,C01123,2023-07-18,Completed,0
O002344,C01124,2023-07-18,Completed,0
O002345,C01124,2023-12-17,Completed,0
O002346,C01125,2023-07-18,Completed,0
O002347,C01125,2023-07-28,Completed,20
O002348,C01126,2023-07-19,Completed,20
O002349,C01127,2023-07-17,Completed,0
O002350,C01128,2023-07-19,Completed,0
O002351,C01129,2023-07-19,Completed,0
O002352,C01129,2023-09-02,Completed,15
O002353,C01129,2024-04-01,Completed,20
O002354,C01130,2023-07-18,Completed,20
O002355,C01131,2023-07-19,Completed,0
O002356,C01131,2023-10-19,Completed,10
O002357,C01132,2023-07-19,Completed,0
O002358,C01133,2023-07-20,Completed,0
O002359,C01134,2023-07-21,Completed,0
O002360,C01135,2023-07-19,Completed,15
O002361,C01136,2023-07-19,Completed,10
O002362,C01137,2023-07-22,Completed,20
O002363,C01138,2023-07-22,Completed,20
O002364,C01139,2023-07-21,Completed,0
O002365,C01140,2023-07-22,Completed,20
O002366,C01140,2023-08-08,Completed,20
O002367,C01140,2023-10-07,Completed,0
O002368,C01140,2024-01-03,Completed,0
O002369,C01140,2024-01-13,Completed,15
O002370,C01140,2024-02-04,Completed,0
O002371,C01140,2024-10-19,Completed,0
O002371,C01140,2024-10-19,Completed,0
O002372,C01140,2024-10-25,Completed,0
O002373,C01141,2023-07-20,Completed,0
O002374,C01141,2023-07-31,Completed,10
O002375,C01142,2023-07-22,Cancelled,0
O002376,C01142,2023-12-22,Completed,0
O002377,C01142,2024-01-12,Completed,10
O002378,C01143,2023-07-21,Completed,0
O002379,C01143,2023-08-11,Cancelled,0
O002380,C01143,2023-09-21,Completed,0
O002381,C01143,2023-09-30,Completed,15
O002382,C01144,2023-07-23,Completed,0
O002383,C01145,2023-07-21,Completed,0
O002384,C01145,2023-09-13,Completed,0
O002385,C01145,2024-04-09,Completed,0
O002386,C01146,23-Jul-2023,Completed,0
O002387,C01147,2023-07-21,Completed,0
O002388,C01148,2023-07-23,Completed,0
O002389,C01149,2023-07-21,Completed,0
O002390,C01150,2023-07-22,Completed,0
O002391,C01151,2023-07-22,Completed,0
O002392,C01151,2023-08-17,Completed,15
O002393,C01151,2023-09-03,Completed,0
O002394,C01152,2023-07-24,Completed,10
O002395,C01152,2024-03-01,Completed,0
O002396,C01152,2024-04-21,Completed,0
O002397,C01152,2024-05-22,Completed,0
O002398,C01152,2024-09-05,Completed,0
O002399,C01153,2023-07-23,Completed,0
O002400,C01154,2023-07-23,Completed,0
O002401,C01155,2023-07-24,Cancelled,0
O002402,C01155,2023-10-08,Completed,30
O002403,C01156,2023-07-24,Completed,10
O002404,C01157,2023-07-23,Completed,0
O002405,C01157,2023-10-31,Completed,0
O002406,C01158,2023-07-23,Completed,0
O002407,C01158,2023-11-28,Completed,0
O002408,C01158,2024-01-15,Completed,0
O002409,C01158,2024-01-23,Completed,0
O002410,C01159,2023-07-24,Completed,0
O002411,C01159,2023-08-23,Completed,0
O002412,C01159,2023-09-03,Completed,0
O002413,C01160,2023-07-24,Completed,10
O002414,C01160,2023-10-14,Completed,0
O002415,C01160,2023-11-05,Completed,20
O002416,C01161,2023-07-24,Completed,0
O002417,C01162,2023-07-23,Completed,0
O002418,C01162,2023-09-08,Completed,15
O002419,C01162,2024-09-24,Completed,0
O002420,C01163,2023-07-25,Completed,0
O002421,C01164,2023-07-23,Completed,15
O002422,C01165,2023-07-23,Completed,15
O002423,C01166,2023-07-24,Completed,0
O002424,C01166,2023-11-14,Completed,20
O002425,C01167,2023-07-25,Completed,30
O002426,C01167,2023-08-09,Completed,0
O002427,C01167,2023-08-10,Completed,0
O002428,C01167,2023-09-03,Completed,10
O002429,C01167,2023-10-23,Completed,15
O002430,C01167,2024-02-09,Completed,0
O002431,C01168,2023-07-25,Completed,0
O002432,C01168,2023-07-26,Completed,10
O002433,C01168,2024-01-01,Completed,0
O002434,C01168,2024-05-23,Completed,15
O002435,C01169,2023-07-25,Completed,15
O002436,C01170,2023-07-24,Completed,10
O002437,C01170,2023-07-28,Completed,0
O002438,C01171,2023-07-24,Completed,0
O002439,C01172,2023-07-25,Completed,10
O002439,C01172,2023-07-25,Completed,10
O002440,C01172,2023-08-13,Completed,10
O002441,C01172,2023-09-08,Completed,0
O002442,C01173,2023-07-27,Completed,0
O002443,C01173,2023-08-05,Completed,15
O002444,C01174,2023-07-27,Completed,10
O002445,C01174,2023-09-22,Completed,0
O002446,C01175,2023-07-26,Completed,0
O002447,C01175,2023-07-31,Completed,20
O002448,C01175,2023-11-25,Completed,15
O002449,C01176,2023-07-27,Completed,0
O002450,C01177,2023-07-26,Completed,20
O002451,C01178,2023-07-26,Completed,0
O002452,C01178,03-Aug-2023,Completed,0
O002453,C01178,2023-09-18,Completed,20
O002454,C01179,2023-07-26,Completed,0
O002455,C01179,2023-12-06,Completed,20
O002456,C01180,2023-07-27,Completed,0
O002457,C01181,26-Jul-2023,Completed,0
O002458,C01181,2023-09-28,Completed,0
O002459,C01182,2023-07-26,Completed,0
O002460,C01182,2023-09-11,Completed,20
O002461,C01182,2023-11-16,Completed,20
O002462,C01182,2023-12-27,Completed,10
O002463,C01183,2023-07-27,Completed,0
O002464,C01184,2023-07-26,Completed,0
O002465,C01185,2023-07-27,Completed,0
O002466,C01185,2023-09-29,Completed,30
O002467,C01185,2023-10-21,Completed,0
O002468,C01186,2023-07-26,Completed,0
O002469,C01186,2023-08-26,Completed,20
O002470,C01187,2023-07-26,Completed,15
O002471,C01187,2023-10-14,Completed,0
O002472,C01188,2023-07-28,Completed,0
O002473,C01189,2023-07-28,Completed,0
O002474,C01189,2023-08-06,Completed,0
O002475,C01190,2023-07-27,Completed,0
O002476,C01190,2023-09-12,Completed,0
O002477,C01190,2023-10-08,Completed,0
O002478,C01191,2023-07-28,Completed,0
O002479,C01191,24-Sep-2023,Completed,0
O002480,C01192,2023-07-29,Completed,20
O002481,C01192,2024-09-15,Cancelled,20
O002482,C01192,2024-11-30,Completed,0
O002483,C01193,2023-07-28,Completed,0
O002484,C01193,2023-12-16,Completed,0
O002485,C01193,2024-02-04,Completed,10
O002486,C01193,2024-03-30,Completed,0
O002487,C01193,2024-07-26,Completed,15
O002488,C01193,2024-09-30,Completed,0
O002489,C01193,2024-10-03,Completed,20
O002490,C01193,2024-10-28,Completed,20
O002491,C01194,2023-07-28,Completed,20
O002492,C01194,2023-08-09,Completed,0
O002493,C01195,2023-07-30,Completed,0
O002494,C01195,2023-09-29,Completed,20
O002495,C01195,2023-12-25,Completed,15
O002496,C01195,2024-04-21,Completed,10
O002497,C01196,2023-07-28,Completed,0
O002498,C01196,2023-07-30,Completed,10
O002499,C01197,2023-07-29,Completed,20
O002500,C01197,2023-09-16,Completed,15
O002501,C01197,2023-10-09,Cancelled,15
O002502,C01197,2023-10-22,Completed,0
O002503,C01197,2024-02-01,Completed,30
O002504,C01197,2024-03-08,Completed,0
O002505,C01197,2024-04-07,Completed,0
O002506,C01198,2023-07-28,Completed,20
O002507,C01199,2023-07-28,Completed,20
O002508,C01199,2023-08-19,Completed,0
O002509,C01200,30-Jul-2023,Completed,0
O002510,C01201,2023-07-28,Completed,0
O002511,C01202,2023-07-28,Completed,0
O002512,C01202,2023-10-29,Completed,0
O002513,C01203,2023-07-30,Completed,0
O002514,C01203,2023-08-12,Completed,0
O002515,C01203,2023-08-22,Completed,0
O002516,C01203,2023-11-19,Completed,30
O002517,C01203,2023-11-23,Completed,0
O002518,C01203,2024-01-15,Completed,15
O002519,C01203,2024-02-27,Completed,0
O002520,C01204,2023-07-29,Completed,15
O002521,C01204,2023-09-07,Completed,20
O002522,C01204,2023-10-13,Completed,0
O002523,C01205,2023-07-28,Completed,0
O002524,C01206,2023-07-29,Completed,0
O002525,C01206,2023-10-03,Completed,0
O002526,C01206,2023-10-13,Completed,10
O002527,C01206,2023-11-21,Completed,0
O002528,C01207,2023-07-31,Completed,0
O002529,C01207,2023-08-05,Completed,0
O002530,C01207,2023-12-05,Completed,20
O002531,C01207,2024-01-30,Completed,0
O002532,C01207,2024-07-06,Completed,20
O002533,C01207,2024-11-29,Completed,0
O002534,C01208,2023-07-29,Completed,0
O002535,C01209,2023-07-30,Cancelled,0
O002536,C01209,2023-08-31,Completed,0
O002537,C01209,2023-11-23,Completed,30
O002538,C01209,2024-02-26,Completed,20
O002539,C01209,2024-03-20,Completed,0
O002540,C01209,2024-11-11,Completed,0
O002541,C01209,2024-11-18,Completed,15
O002542,C01210,2023-08-01,Completed,0
O002543,C01211,2023-07-31,Completed,0
O002544,C01211,2023-08-23,Completed,0
O002545,C01211,2023-08-26,Completed,0
O002546,C01212,2023-07-30,Completed,10
O002547,C01212,2023-08-24,Completed,0
O002548,C01212,2023-12-03,Completed,15
O002549,C01213,2023-08-01,Completed,0
O002550,C01214,2023-08-01,Completed,10
O002551,C01215,2023-08-01,Completed,0
O002552,C01215,2023-11-24,Completed,0
O002553,C01215,2023-12-25,Completed,30
O002554,C01216,2023-07-31,Completed,0
O002555,C01216,2024-02-20,Completed,0
O002556,C01217,2023-08-02,Completed,30
O002557,C01218,2023-07-31,Completed,0
O002557,C01218,2023-07-31,Completed,0
O002558,C01218,2024-06-12,Completed,10
O002559,C01218,2024-07-21,Completed,0
O002560,C01219,2023-08-02,Completed,0
O002561,C01219,2023-10-19,Completed,0
O002562,C01220,2023-07-31,Completed,10
O002563,C01220,2023-10-15,Completed,30
O002564,C01221,2023-08-01,Completed,0
O002565,C01221,2023-10-05,Completed,0
O002566,C01222,2023-07-31,Completed,0
O002567,C01223,2023-08-01,Completed,15
O002568,C01223,2023-08-11,Completed,10
O002569,C01223,2023-09-04,Completed,0
O002570,C01223,2023-09-16,Completed,0
O002571,C01223,2023-11-15,Completed,15
O002572,C01223,2023-12-25,Completed,20
O002573,C01223,2024-01-19,Completed,0
O002574,C01224,2023-08-01,Completed,0
O002575,C01225,2023-08-02,Completed,20
O002576,C01225,2023-08-20,Completed,15
O002577,C01226,2023-08-03,Completed,20
O002578,C01226,2023-08-06,Completed,0
O002579,C01227,2023-08-03,Completed,0
O002580,C01227,2024-02-27,Completed,0
O002581,C01227,2024-04-29,Completed,0
O002582,C01227,2024-05-17,Completed,10
O002583,C01227,2024-12-08,Completed,0
O002584,C01228,2023-08-03,Completed,10
O002585,C01229,2023-08-04,Completed,0
O002586,C01229,2023-08-18,Completed,15
O002587,C01229,2023-08-21,Completed,0
O002588,C01229,07-Sep-2023,Completed,0
O002589,C01230,2023-08-03,Completed,0
O002590,C01231,2023-08-02,Completed,10
O002591,C01231,2023-12-20,Completed,0
O002591,C01231,2023-12-20,Completed,0
O002592,C01232,2023-08-04,Completed,0
O002593,C01233,2023-08-04,Completed,15
O002594,C01234,2023-08-05,Completed,0
O002595,C01234,2023-09-10,Completed,0
O002596,C01235,2023-08-04,Completed,15
O002597,C01236,2023-08-05,Completed,0
O002598,C01236,2023-08-10,Completed,10
O002599,C01236,2024-05-25,Cancelled,0
O002600,C01236,2024-09-05,Completed,0
O002601,C01236,2024-09-06,Completed,0
O002602,C01236,2024-10-22,Completed,0
O002603,C01236,2024-11-05,Completed,15
O002604,C01237,2023-08-05,Completed,0
O002605,C01237,2023-09-26,Completed,0
O002606,C01237,2023-10-31,Completed,0
O002607,C01238,2023-08-04,Completed,0
O002608,C01239,03-Aug-2023,Completed,0
O002609,C01240,2023-08-03,Completed,0
O002610,C01240,2023-09-08,Completed,0
O002611,C01240,2023-12-28,Completed,30
O002612,C01240,2024-01-05,Completed,0
O002613,C01241,2023-08-03,Completed,0
O002614,C01242,2023-08-04,Completed,0
O002615,C01243,2023-08-03,Completed,0
O002616,C01244,2023-08-03,Completed,0
O002617,C01245,2023-08-06,Cancelled,0
O002618,C01245,15-Oct-2023,Completed,10
O002619,C01246,2023-08-05,Completed,0
O002620,C01246,2023-09-09,Completed,15
O002621,C01246,2023-10-25,Completed,20
O002622,C01246,2023-11-15,Completed,10
O002623,C01246,2024-01-15,Completed,0
O002624,C01247,2023-08-04,Completed,0
O002625,C01248,2023-08-06,Completed,0
O002626,C01249,2023-08-05,Completed,0
O002627,C01250,2023-08-06,Completed,0
O002628,C01251,2023-08-05,Completed,20
O002629,C01252,2023-08-04,Completed,0
O002630,C01252,2023-08-21,Completed,10
O002631,C01252,2023-09-05,Completed,0
O002632,C01252,2023-10-03,Completed,20
O002633,C01253,2023-08-04,Completed,0
O002634,C01254,2023-08-05,Completed,15
O002635,C01254,2023-08-12,Completed,10
O002636,C01255,2023-08-07,Completed,20
O002637,C01255,2023-10-22,Completed,15
O002638,C01256,2023-08-07,Completed,0
O002639,C01256,2023-10-03,Completed,30
O002640,C01257,2023-08-06,Completed,15
O002641,C01258,2023-08-07,Completed,20
O002642,C01258,2023-10-26,Completed,30
O002643,C01259,2023-08-06,Completed,10
O002644,C01260,2023-08-07,Completed,15
O002645,C01261,2023-08-06,Completed,0
O002646,C01261,2023-10-25,Completed,0
O002647,C01261,2023-12-15,Completed,0
O002648,C01262,2023-08-06,Completed,15
O002649,C01263,2023-08-07,Completed,20
O002650,C01263,2023-12-01,Completed,0
O002651,C01264,2023-08-06,Completed,0
O002652,C01264,2023-09-25,Completed,20
O002653,C01265,2023-08-08,Completed,15
O002654,C01266,2023-08-08,Completed,10
O002655,C01266,2024-01-03,Completed,0
O002656,C01266,15-Jan-2024,Completed,15
O002657,C01266,2024-06-14,Completed,0
O002658,C01266,2024-11-14,Completed,0
O002659,C01267,2023-08-07,Completed,0
O002660,C01267,2023-08-16,Completed,0
O002661,C01267,2023-08-25,Completed,0
O002662,C01267,2023-12-21,Completed,30
O002663,C01267,2023-12-31,Completed,15
O002664,C01267,2024-01-01,Completed,0
O002664,C01267,2024-01-01,Completed,0
O002665,C01268,2023-08-08,Completed,10
O002666,C01268,2024-07-16,Completed,0
O002667,C01268,2024-08-01,Completed,0
O002668,C01268,2024-08-17,Completed,0
O002669,C01268,2024-10-02,Completed,20
O002670,C01268,2024-10-08,Completed,0
O002671,C01269,2023-08-09,Completed,0
O002672,C01269,2023-09-02,Completed,0
O002673,C01270,2023-08-09,Completed,0
O002674,C01270,2023-11-15,Completed,0
O002675,C01270,2023-12-17,Completed,0
O002676,C01271,2023-08-07,Completed,0
O002677,C01272,2023-08-09,Completed,0
O002678,C01272,2023-08-15,Completed,0
O002679,C01272,2023-10-23,Completed,10
O002680,C01273,2023-08-08,Completed,0
O002681,C01273,2023-08-27,Completed,15
O002682,C01274,2023-08-09,Completed,15
O002683,C01275,2023-08-10,Completed,0
O002684,C01276,2023-08-08,Completed,15
O002685,C01276,2023-08-20,Completed,10
O002686,C01276,2024-03-27,Completed,0
O002687,C01277,2023-08-10,Completed,0
O002688,C01277,2023-09-14,Completed,0
O002689,C01277,2023-09-24,Completed,0
O002690,C01277,2024-02-07,Completed,15
O002691,C01278,2023-08-10,Completed,0
O002692,C01278,2023-08-12,Completed,0
O002693,C01278,2023-09-23,Completed,0
O002694,C01279,2023-08-09,Completed,0
O002695,C01279,2023-10-17,Completed,15
O002696,C01279,2023-11-04,Completed,0
O002697,C01279,2023-11-10,Completed,10
O002698,C01279,2024-01-12,Completed,10
O002699,C01279,2024-03-05,Completed,0
O002700,C01279,2024-04-04,Completed,15
O002701,C01279,2024-06-01,Completed,0
O002702,C01279,13-Jul-2024,Completed,0
O002703,C01279,2024-08-31,Completed,15
O002704,C01279,2024-09-30,Completed,0
O002705,C01280,2023-08-10,Completed,0
O002706,C01281,2023-08-10,Completed,0
O002707,C01281,2024-02-06,Completed,0
O002708,C01282,2023-08-11,Completed,0
O002709,C01283,2023-08-10,Completed,15
O002710,C01284,2023-08-10,Completed,15
O002711,C01284,2023-08-15,Completed,0
O002712,C01284,2023-08-19,Completed,20
O002713,C01284,2023-10-17,Completed,20
O002713,C01284,2023-10-17,Completed,20
O002714,C01284,2023-11-07,Completed,10
O002715,C01284,2024-01-27,Completed,0
O002716,C01285,2023-08-10,Completed,10
O002717,C01286,2023-08-10,Completed,15
O002718,C01287,2023-08-11,Completed,15
O002719,C01287,2024-04-29,Completed,20
O002720,C01287,2024-07-14,Completed,10
O002721,C01287,2024-07-20,Completed,0
O002722,C01287,2024-08-08,Completed,0
O002723,C01288,2023-08-11,Completed,0
O002724,C01289,2023-08-12,Completed,20
O002725,C01289,2024-02-18,Completed,10
O002726,C01289,2024-03-30,Completed,0
O002727,C01289,2024-04-28,Completed,0
O002728,C01289,2024-07-12,Completed,20
O002729,C01289,2024-08-08,Completed,0
O002730,C01289,2024-08-10,Completed,30
O002731,C01289,2024-08-13,Completed,0
O002732,C01290,2023-08-10,Completed,0
O002733,C01291,2023-08-13,Completed,0
O002734,C01291,2023-11-07,Completed,0
O002735,C01292,2023-08-12,Completed,0
O002736,C01292,2023-08-26,Completed,10
O002737,C01293,2023-08-12,Completed,0
O002738,C01293,2023-11-15,Completed,0
O002739,C01293,2024-05-31,Completed,0
O002740,C01294,2023-08-13,Completed,0
O002741,C01295,2023-08-13,Completed,0
O002742,C01295,2023-08-29,Completed,0
O002743,C01295,2023-09-22,Cancelled,0
O002744,C01295,2024-02-20,Completed,0
O002745,C01296,2023-08-12,Completed,0
O002746,C01296,2023-10-09,Completed,0
O002747,C01296,2023-11-04,Completed,0
O002748,C01296,2023-11-17,Completed,15
O002749,C01296,2023-11-18,Completed,30
O002750,C01296,2023-12-26,Completed,0
O002751,C01297,2023-08-11,Completed,15
O002752,C01297,2023-09-17,Completed,0
O002753,C01297,2023-12-25,Completed,20
O002754,C01298,2023-08-12,Completed,0
O002755,C01299,2023-08-14,Completed,0
O002756,C01299,24-Sep-2023,Completed,0
O002757,C01299,2023-11-02,Completed,15
O002758,C01299,05-Nov-2023,Completed,10
O002759,C01300,2023-08-14,Completed,10
O002760,C01301,2023-08-14,Completed,0
O002761,C01302,2023-08-14,Completed,0
O002762,C01303,2023-08-13,Cancelled,0
O002763,C01303,2023-09-27,Completed,0
O002764,C01303,2024-10-18,Completed,0
O002765,C01303,2024-11-01,Completed,0
O002766,C01304,2023-08-14,Completed,0
O002767,C01305,2023-08-14,Completed,0
O002768,C01306,2023-08-13,Completed,0
O002769,C01307,2023-08-14,Completed,0
O002770,C01308,2023-08-13,Cancelled,0
O002770,C01308,2023-08-13,Cancelled,0
O002771,C01308,2023-09-05,Completed,0
O002772,C01308,2024-04-25,Completed,15
O002773,C01308,2024-07-11,Completed,0
O002774,C01308,2024-08-15,Completed,15
O002775,C01309,2023-08-14,Completed,0
O002776,C01309,2023-08-24,Completed,20
O002777,C01309,2023-10-07,Completed,0
O002778,C01309,2023-10-29,Completed,10
O002779,C01309,2023-12-21,Completed,20
O002780,C01309,2023-12-24,Completed,0
O002781,C01309,2024-02-01,Completed,0
O002782,C01309,2024-05-11,Completed,0
O002783,C01309,17-Jul-2024,Completed,0
O002784,C01309,2024-08-28,Completed,10
O002785,C01309,2024-09-29,Completed,15
O002786,C01309,2024-10-23,Completed,20
O002787,C01310,2023-08-16,Completed,0
O002788,C01310,2023-11-11,Completed,20
O002789,C01311,2023-08-15,Completed,0
O002790,C01312,2023-08-15,Completed,0
O002791,C01312,2023-10-29,Completed,20
O002792,C01312,2024-02-24,Cancelled,10
O002793,C01312,2024-06-15,Completed,0
O002794,C01312,2024-10-14,Completed,0
O002795,C01312,2024-12-03,Completed,0
O002796,C01313,2023-08-16,Completed,0
O002797,C01314,2023-08-15,Completed,0
O002798,C01314,2023-08-21,Completed,0
O002799,C01314,2023-08-28,Completed,20
O002800,C01315,2023-08-17,Completed,0
O002801,C01316,2023-08-15,Completed,0
O002802,C01316,2023-08-24,Completed,0
O002803,C01317,2023-08-18,Completed,0
O002804,C01317,2023-09-26,Completed,10
O002805,C01318,2023-08-18,Completed,10
O002806,C01318,2023-12-29,Completed,20
O002807,C01318,2024-03-03,Completed,10
O002808,C01318,2024-06-15,Completed,0
O002809,C01318,2024-06-18,Completed,20
O002810,C01319,17-Aug-2023,Completed,30
O002811,C01319,2023-12-17,Completed,15
O002812,C01319,2024-06-02,Completed,15
O002813,C01319,2024-08-08,Completed,0
O002814,C01320,2023-08-18,Completed,0
O002815,C01321,2023-08-18,Completed,20
O002816,C01322,2023-08-17,Completed,30
O002817,C01322,2023-08-29,Completed,10
O002818,C01323,2023-08-17,Completed,20
O002819,C01323,2023-10-19,Completed,10
O002820,C01324,2023-08-18,Completed,0
O002821,C01325,2023-08-16,Completed,0
O002822,C01326,2023-08-16,Completed,0
O002823,C01327,2023-08-17,Completed,10
O002824,C01327,2023-10-25,Completed,30
O002825,C01328,2023-08-19,Completed,15
O002826,C01329,2023-08-19,Completed,0
O002827,C01330,2023-08-19,Completed,0
O002828,C01330,2024-04-17,Completed,0
O002829,C01331,2023-08-17,Completed,0
O002830,C01332,2023-08-19,Completed,0
O002831,C01332,2023-11-08,Completed,0
O002832,C01333,2023-08-19,Completed,0
O002833,C01333,2024-03-13,Completed,0
O002834,C01334,2023-08-17,Completed,0
O002835,C01335,2023-08-19,Completed,0
O002836,C01335,2024-08-26,Completed,0
O002837,C01336,2023-08-19,Completed,0
O002838,C01336,2023-12-14,Completed,10
O002839,C01336,2024-03-02,Completed,15
O002840,C01337,2023-08-20,Completed,15
O002841,C01337,2023-08-23,Completed,0
O002842,C01337,2023-11-05,Completed,30
O002843,C01337,2023-12-13,Completed,30
O002844,C01338,2023-08-20,Completed,0
O002845,C01338,2023-09-24,Completed,20
O002846,C01339,2023-08-18,Completed,0
O002847,C01340,2023-08-19,Completed,0
O002848,C01341,2023-08-20,Completed,0
O002849,C01342,2023-08-19,Completed,0
O002850,C01342,2024-01-21,Completed,20
O002851,C01343,2023-08-20,Completed,30
O002852,C01344,2023-08-20,Completed,0
O002853,C01345,2023-08-20,Cancelled,0
O002854,C01345,2023-10-05,Completed,0
O002855,C01345,2023-12-24,Completed,0
O002856,C01345,2024-02-24,Completed,0
O002857,C01346,2023-08-21,Completed,15
O002858,C01347,2023-08-21,Completed,10
O002859,C01347,2023-10-11,Completed,10
O002860,C01348,2023-08-20,Completed,0
O002861,C01348,2023-09-12,Completed,0
O002862,C01349,2023-08-22,Completed,20
O002863,C01350,2023-08-20,Completed,15
O002864,C01351,2023-08-20,Completed,0
O002865,C01352,21-Aug-2023,Completed,0
O002866,C01352,2023-10-07,Completed,20
O002867,C01353,2023-08-21,Completed,0
O002868,C01353,2023-12-22,Completed,10
O002869,C01354,2023-08-22,Completed,15
O002870,C01355,2023-08-22,Completed,0
O002871,C01356,2023-08-22,Completed,30
O002872,C01356,2023-10-03,Completed,10
O002873,C01356,2024-04-16,Completed,0
O002874,C01356,2024-07-09,Completed,0
O002875,C01356,22-Oct-2024,Completed,10
O002876,C01356,2024-12-13,Completed,0
O002877,C01356,2024-12-26,Completed,20
O002878,C01357,2023-08-22,Completed,0
O002879,C01357,2024-05-01,Completed,0
O002880,C01358,22-Aug-2023,Completed,0
O002881,C01359,2023-08-22,Completed,0
O002882,C01359,2023-09-21,Completed,0
O002883,C01359,01-Feb-2024,Completed,0
O002884,C01359,2024-02-22,Completed,15
O002885,C01359,2024-06-17,Completed,15
O002886,C01359,2024-07-07,Completed,0
O002887,C01359,2024-08-22,Completed,10
O002888,C01360,2023-08-21,Completed,0
O002889,C01361,2023-08-21,Completed,10
O002890,C01362,2023-08-23,Completed,30
O002891,C01362,2023-12-22,Completed,0
O002892,C01362,2024-01-27,Completed,0
O002893,C01362,2024-02-28,Completed,0
O002894,C01363,2023-08-22,Completed,0
O002895,C01364,2023-08-22,Completed,0
O002896,C01364,06-Oct-2023,Completed,0
O002897,C01364,2023-11-25,Completed,10
O002898,C01364,2023-12-11,Completed,0
O002899,C01364,2024-01-10,Completed,30
O002900,C01364,2024-07-20,Completed,15
O002901,C01364,2024-10-27,Completed,0
O002902,C01365,2023-08-24,Completed,20
O002903,C01365,2023-09-05,Completed,0
O002904,C01366,2023-08-24,Completed,0
O002905,C01366,2023-11-19,Completed,20
O002906,C01367,2023-08-23,Completed,20
O002907,C01368,2023-08-22,Completed,30
O002908,C01368,2023-08-26,Completed,0
O002909,C01368,2023-09-05,Completed,10
O002910,C01368,2023-09-13,Completed,0
O002911,C01368,2023-09-17,Completed,15
O002912,C01368,2023-11-23,Completed,15
O002913,C01369,2023-08-23,Completed,20
O002914,C01369,2023-10-19,Completed,10
O002915,C01370,2023-08-23,Completed,0
O002916,C01371,2023-08-23,Completed,0
O002917,C01372,2023-08-24,Completed,30
O002918,C01372,2023-11-05,Completed,20
O002919,C01372,2023-11-08,Completed,0
O002920,C01373,2023-08-24,Completed,15
O002921,C01373,2024-08-27,Completed,0
O002922,C01374,2023-08-23,Completed,0
O002923,C01375,2023-08-23,Completed,15
O002924,C01376,2023-08-24,Completed,0
O002925,C01376,2023-11-06,Completed,30
O002926,C01377,2023-08-25,Completed,0
O002927,C01377,2023-09-23,Completed,10
O002928,C01377,2023-12-20,Completed,20
O002929,C01378,2023-08-24,Completed,0
O002930,C01378,2023-09-12,Completed,0
O002931,C01378,2024-06-01,Completed,0
O002932,C01378,2024-10-12,Completed,0
O002933,C01379,2023-08-25,Completed,15
O002934,C01380,2023-08-26,Cancelled,10
O002935,C01381,2023-08-25,Completed,0
O002936,C01381,2023-11-06,Completed,10
O002937,C01382,2023-08-24,Completed,0
O002938,C01382,2023-11-07,Completed,10
O002939,C01382,2024-03-17,Completed,0
O002940,C01383,2023-08-25,Completed,0
O002941,C01383,2024-02-12,Completed,0
O002942,C01383,2024-05-03,Completed,0
O002943,C01383,2024-08-31,Completed,0
O002944,C01383,2024-09-25,Completed,0
O002945,C01383,2024-11-19,Completed,10
O002946,C01383,2024-12-30,Completed,15
O002947,C01384,2023-08-27,Completed,15
O002948,C01385,2023-08-27,Completed,0
O002949,C01385,2023-12-01,Completed,0
O002950,C01385,2023-12-28,Completed,0
O002951,C01386,2023-08-25,Completed,0
O002952,C01386,2023-09-02,Completed,0
O002953,C01387,2023-08-26,Completed,0
O002954,C01387,2024-01-30,Completed,0
O002955,C01387,2024-06-04,Completed,15
O002956,C01388,27-Aug-2023,Completed,10
O002957,C01388,2023-09-16,Completed,0
O002958,C01388,2023-09-26,Completed,0
O002959,C01389,2023-08-27,Completed,0
O002960,C01389,2023-11-07,Completed,0
O002961,C01390,2023-08-26,Completed,0
O002962,C01390,2024-01-21,Completed,0
O002963,C01391,2023-08-26,Completed,0
O002964,C01391,2023-08-28,Completed,0
O002965,C01392,2023-08-27,Completed,0
O002966,C01393,2023-08-26,Completed,0
O002967,C01394,2023-08-27,Completed,15
O002968,C01395,2023-08-26,Completed,0
O002969,C01395,2023-09-25,Completed,15
O002970,C01395,2023-11-07,Completed,0
O002971,C01395,23-Nov-2023,Completed,10
O002972,C01396,2023-08-27,Completed,0
O002973,C01397,2023-08-26,Completed,0
O002974,C01397,2023-09-14,Completed,0
O002975,C01398,2023-08-28,Completed,0
O002976,C01399,2023-08-26,Completed,0
O002977,C01399,2023-09-04,Completed,0
O002978,C01400,2023-08-26,Completed,0
O002979,C01400,2023-12-16,Completed,10
O002980,C01400,2023-12-30,Completed,20
O002981,C01400,2024-05-13,Completed,0
O002982,C01401,26-Aug-2023,Completed,0
O002983,C01401,2023-12-27,Completed,10
O002984,C01401,2024-04-01,Completed,0
O002985,C01401,2024-06-16,Completed,0
O002986,C01402,2023-08-26,Completed,0
O002987,C01402,2023-11-13,Completed,0
O002988,C01403,2023-08-27,Completed,0
O002989,C01403,2023-12-09,Completed,10
O002990,C01404,2023-08-28,Completed,0
O002991,C01404,2023-09-15,Completed,0
O002992,C01404,2023-10-02,Completed,10
O002993,C01404,2023-12-05,Completed,10
O002994,C01404,2023-12-07,Completed,0
O002995,C01404,21-Jan-2024,Completed,0
O002996,C01404,2024-02-04,Completed,0
O002997,C01404,2024-03-26,Completed,0
O002998,C01404,2024-05-11,Completed,0
O002999,C01404,2024-07-09,Completed,0
O003000,C01404,2024-11-02,Completed,0
O003001,C01404,2024-11-09,Completed,20
O003002,C01404,2024-12-06,Completed,10
O003003,C01405,2023-08-29,Completed,0
O003004,C01406,2023-08-27,Completed,0
O003005,C01407,2023-08-29,Completed,0
O003006,C01407,2023-11-06,Completed,0
O003007,C01408,2023-08-29,Completed,20
O003008,C01408,2024-01-22,Completed,0
O003009,C01409,2023-08-28,Completed,0
O003010,C01410,2023-08-27,Completed,0
O003011,C01410,2023-09-23,Completed,0
O003012,C01411,2023-08-29,Completed,0
O003013,C01411,2023-09-28,Completed,0
O003014,C01411,2023-11-28,Completed,30
O003015,C01412,2023-08-27,Completed,15
O003016,C01412,2023-09-26,Completed,0
O003017,C01413,2023-08-30,Completed,0
O003018,C01414,2023-08-28,Completed,0
O003019,C01414,2023-08-30,Completed,0
O003020,C01414,2023-08-31,Completed,20
O003021,C01414,2023-09-20,Completed,15
O003022,C01414,2023-10-28,Completed,0
O003023,C01414,2024-05-03,Completed,0
O003024,C01414,2024-06-15,Completed,0
O003025,C01415,2023-08-28,Completed,0
O003026,C01416,2023-08-29,Completed,0
O003027,C01417,2023-08-28,Completed,0
O003028,C01418,2023-08-31,Completed,10
O003029,C01418,2023-09-02,Completed,0
O003030,C01418,2023-09-18,Completed,15
O003031,C01418,2023-12-15,Completed,10
O003032,C01418,2024-02-29,Completed,0
O003033,C01418,2024-04-23,Completed,10
O003034,C01418,2024-05-03,Completed,0
O003035,C01419,2023-08-30,Completed,10
O003036,C01419,2023-09-13,Completed,20
O003037,C01419,2023-11-30,Completed,15
O003038,C01420,2023-08-30,Completed,0
O003039,C01420,2024-05-25,Completed,0
O003040,C01420,2024-07-20,Completed,0
O003041,C01421,2023-08-31,Completed,0
O003042,C01421,2023-09-21,Completed,20
O003043,C01421,2023-10-17,Completed,0
O003044,C01421,2023-10-20,Completed,0
O003045,C01421,2023-11-22,Completed,0
O003046,C01421,2023-11-25,Completed,30
O003047,C01422,2023-08-31,Completed,10
O003048,C01423,2023-08-31,Cancelled,0
O003049,C01423,2023-09-13,Cancelled,0
O003050,C01423,2023-11-03,Completed,30
O003051,C01424,2023-08-30,Completed,10
O003052,C01425,2023-09-01,Completed,0
O003053,C01426,2023-09-02,Completed,0
O003054,C01426,2023-09-09,Completed,0
O003055,C01426,2023-09-15,Completed,20
O003056,C01427,2023-09-02,Completed,0
O003057,C01428,2023-09-02,Completed,0
O003058,C01428,2024-03-04,Completed,0
O003059,C01428,2024-04-13,Completed,30
O003060,C01429,2023-09-03,Completed,0
O003061,C01430,2023-09-01,Completed,15
O003062,C01431,2023-09-03,Completed,0
O003063,C01431,2023-10-08,Completed,0
O003064,C01432,2023-09-04,Completed,0
O003065,C01433,2023-09-03,Completed,0
O003066,C01434,2023-09-02,Completed,0
O003067,C01434,2023-09-11,Completed,0
O003068,C01434,02-Dec-2023,Completed,0
O003069,C01434,2023-12-14,Completed,10
O003070,C01434,2024-01-31,Completed,0
O003071,C01435,2023-09-02,Completed,0
O003072,C01435,2023-09-21,Completed,10
O003072,C01435,2023-09-21,Completed,10
O003073,C01435,2023-11-13,Completed,10
O003074,C01435,2023-11-17,Completed,0
O003075,C01436,2023-09-02,Completed,0
O003076,C01436,2024-01-31,Completed,10
O003077,C01436,2024-02-10,Completed,0
O003078,C01436,2024-02-21,Completed,0
O003079,C01437,2023-09-04,Completed,0
O003080,C01437,2023-09-18,Completed,0
O003081,C01438,2023-09-03,Completed,10
O003082,C01438,2024-03-06,Completed,0
O003083,C01438,2024-03-21,Completed,10
O003084,C01438,2024-05-25,Completed,0
O003085,C01439,2023-09-03,Completed,10
O003086,C01440,2023-09-03,Completed,0
O003087,C01440,2023-10-15,Completed,15
O003088,C01440,2023-11-26,Completed,0
O003089,C01441,2023-09-04,Completed,20
O003090,C01441,2023-09-27,Completed,0
O003091,C01442,2023-09-05,Completed,20
O003092,C01443,2023-09-03,Completed,0
O003093,C01443,2023-10-31,Completed,0
O003094,C01443,2023-11-03,Completed,10
O003095,C01444,2023-09-03,Completed,0
O003096,C01444,2023-09-28,Completed,20
O003097,C01444,2023-12-04,Completed,0
O003098,C01445,2023-09-04,Completed,0
O003099,C01446,2023-09-06,Completed,0
O003100,C01447,2023-09-06,Completed,0
O003101,C01448,2023-09-05,Completed,0
O003102,C01448,2023-11-09,Completed,0
O003103,C01448,2023-11-14,Completed,0
O003104,C01449,2023-09-06,Completed,0
O003105,C01450,2023-09-06,Completed,0
O003106,C01450,2023-09-11,Completed,0
O003107,C01451,2023-09-05,Completed,0
O003108,C01451,01-Jan-2024,Completed,0
O003109,C01452,2023-09-05,Completed,0
O003110,C01452,2023-09-15,Completed,0
O003111,C01453,2023-09-04,Completed,15
O003112,C01453,2023-10-28,Completed,15
O003113,C01454,2023-09-06,Completed,0
O003114,C01454,2023-09-11,Completed,0
O003115,C01454,2023-11-06,Completed,20
O003116,C01454,2023-12-06,Completed,0
O003117,C01454,2024-03-10,Completed,0
O003117,C01454,2024-03-10,Completed,0
O003118,C01454,2024-05-29,Completed,0
O003119,C01454,2024-07-04,Completed,0
O003120,C01455,2023-09-05,Completed,0
O003121,C01455,2023-10-04,Completed,0
O003122,C01456,2023-09-06,Completed,0
O003123,C01456,2023-09-07,Completed,0
O003124,C01456,2023-10-17,Completed,0
O003125,C01456,2023-11-14,Completed,10
O003126,C01456,2024-02-20,Completed,0
O003127,C01456,2024-03-05,Completed,10
O003128,C01457,2023-09-06,Completed,15
O003129,C01458,2023-09-05,Completed,10
O003130,C01459,07-Sep-2023,Completed,0
O003131,C01460,2023-09-05,Completed,0
O003132,C01461,2023-09-05,Completed,0
O003133,C01462,2023-09-06,Completed,0
O003134,C01463,2023-09-08,Completed,0
O003135,C01463,2023-10-12,Completed,20
O003136,C01463,2023-11-23,Completed,15
O003137,C01463,2024-02-14,Completed,0
O003138,C01464,2023-09-07,Completed,0
O003139,C01464,2024-04-22,Completed,10
O003140,C01465,2023-09-09,Completed,0
O003141,C01465,2023-09-13,Completed,0
O003142,C01465,2023-09-26,Completed,10
O003143,C01465,2023-10-15,Completed,10
O003144,C01466,2023-09-09,Completed,0
O003145,C01467,2023-09-09,Completed,0
O003146,C01467,2023-11-27,Completed,20
O003147,C01468,2023-09-07,Completed,0
O003148,C01468,2024-05-12,Completed,0
O003149,C01468,2024-09-10,Cancelled,0
O003150,C01469,2023-09-07,Completed,0
O003151,C01469,2023-10-24,Completed,0
O003152,C01470,2023-09-08,Completed,0
O003153,C01471,2023-09-09,Completed,0
O003154,C01471,2023-12-01,Completed,20
O003155,C01472,2023-09-08,Completed,0
O003156,C01473,2023-09-08,Completed,10
O003157,C01473,2024-02-19,Completed,0
O003158,C01473,2024-06-07,Completed,0
O003159,C01474,2023-09-08,Completed,0
O003160,C01475,2023-09-08,Completed,0
O003161,C01476,2023-09-09,Completed,0
O003162,C01476,2023-09-15,Cancelled,10
O003163,C01476,2023-11-15,Completed,10
O003164,C01477,2023-09-10,Completed,0
O003165,C01477,2023-09-29,Completed,0
O003166,C01477,2023-09-30,Completed,0
O003167,C01477,2024-01-05,Completed,0
O003168,C01477,2024-01-31,Completed,30
O003169,C01477,2024-02-14,Completed,0
O003170,C01477,2024-06-15,Completed,0
O003171,C01477,2024-08-10,Completed,0
O003172,C01478,2023-09-10,Completed,10
O003173,C01478,2023-09-26,Completed,0
O003174,C01478,2023-09-28,Completed,0
O003175,C01478,2023-10-31,Completed,30
O003176,C01478,2023-11-09,Completed,10
O003177,C01478,2024-01-04,Completed,20
O003178,C01479,2023-09-08,Completed,0
O003179,C01479,2024-02-24,Completed,0
O003180,C01479,2024-03-01,Completed,15
O003181,C01480,2023-09-08,Cancelled,15
O003182,C01480,2023-10-08,Completed,20
O003183,C01480,2024-03-25,Completed,0
O003184,C01480,2024-05-19,Completed,0
O003185,C01481,2023-09-10,Completed,0
O003186,C01482,2023-09-09,Completed,0
O003187,C01482,2023-11-13,Completed,20
O003188,C01482,2023-11-30,Completed,0
O003189,C01483,2023-09-11,Completed,10
O003190,C01483,2023-11-02,Completed,20
O003191,C01484,2023-09-11,Completed,10
O003192,C01485,2023-09-11,Completed,0
O003193,C01486,2023-09-11,Completed,0
O003194,C01487,2023-09-11,Completed,30
O003195,C01487,2023-10-30,Completed,10
O003196,C01487,2023-11-05,Completed,20
O003197,C01488,2023-09-12,Completed,20
O003198,C01488,2023-11-14,Completed,0
O003199,C01488,2024-02-17,Completed,20
O003200,C01488,2024-03-06,Completed,15
O003201,C01489,2023-09-10,Completed,0
O003202,C01489,2023-09-24,Completed,15
O003203,C01489,2023-09-28,Completed,10
O003204,C01490,2023-09-12,Completed,15
O003205,C01491,2023-09-10,Completed,0
O003206,C01491,2023-09-26,Completed,15
O003207,C01492,2023-09-10,Completed,0
O003208,C01492,24-Mar-2024,Completed,0
O003209,C01493,2023-09-12,Completed,0
O003210,C01493,2023-09-24,Completed,30
O003211,C01494,2023-09-10,Completed,15
O003212,C01494,2023-09-28,Cancelled,0
O003213,C01494,2023-12-03,Completed,0
O003214,C01494,2023-12-07,Completed,20
O003215,C01494,2023-12-08,Completed,0
O003216,C01494,2023-12-20,Completed,0
O003217,C01495,2023-09-11,Completed,0
O003218,C01495,2023-11-27,Completed,10
O003219,C01495,2023-12-31,Completed,0
O003220,C01495,2024-01-03,Completed,15
O003221,C01495,2024-02-08,Cancelled,0
O003222,C01495,2024-02-24,Completed,10
O003223,C01495,2024-04-01,Completed,10
O003224,C01496,2023-09-13,Completed,20
O003225,C01497,2023-09-11,Completed,15
O003226,C01498,2023-09-13,Completed,15
O003227,C01498,2023-10-10,Completed,15
O003228,C01498,25-Dec-2023,Completed,30
O003229,C01499,2023-09-13,Completed,0
O003230,C01499,2023-12-22,Completed,20
O003231,C01500,2023-09-12,Completed,0
O003232,C01500,2024-03-14,Completed,20
O003232,C01500,2024-03-14,Completed,20
O003233,C01500,2024-07-15,Completed,0
O003234,C01501,2023-09-13,Completed,0
O003235,C01502,2023-09-12,Completed,10
O003236,C01502,2024-03-10,Completed,20
O003237,C01503,2023-09-12,Completed,20
O003238,C01504,2023-09-12,Completed,0
O003239,C01505,13-Sep-2023,Completed,0
O003240,C01506,2023-09-13,Completed,0
O003241,C01507,2023-09-13,Completed,0
O003242,C01508,2023-09-11,Completed,0
O003243,C01508,2024-11-22,Completed,20
O003244,C01509,2023-09-12,Completed,10
O003245,C01510,2023-09-13,Completed,0
O003246,C01511,2023-09-14,Completed,10
O003247,C01511,2024-11-28,Completed,0
O003248,C01512,2023-09-12,Completed,20
O003249,C01512,2023-10-28,Completed,0
O003250,C01513,2023-09-13,Cancelled,0
O003250,C01513,2023-09-13,Cancelled,0
O003251,C01513,2023-11-22,Completed,0
O003252,C01513,2024-02-05,Completed,0
O003253,C01514,2023-09-13,Completed,0
O003254,C01514,2024-05-03,Completed,0
O003255,C01514,2024-05-16,Completed,0
O003256,C01515,13-Sep-2023,Completed,15
O003257,C01515,2023-09-27,Completed,0
O003258,C01515,2023-12-10,Completed,0
O003259,C01515,2024-01-02,Completed,20
O003260,C01515,2024-01-18,Completed,0
O003261,C01515,2024-03-01,Completed,15
O003262,C01515,2024-07-16,Completed,0
O003263,C01516,2023-09-13,Completed,0
O003264,C01516,2023-10-14,Completed,10
O003265,C01517,2023-09-13,Completed,10
O003266,C01517,2023-11-28,Completed,20
O003267,C01517,2023-12-05,Completed,10
O003268,C01518,2023-09-14,Completed,10
O003269,C01519,2023-09-13,Completed,0
O003270,C01520,2023-09-14,Completed,0
O003271,C01520,2023-10-10,Completed,0
O003272,C01521,2023-09-15,Completed,15
O003273,C01521,2023-09-29,Completed,10
O003274,C01522,2023-09-14,Completed,0
O003275,C01522,2024-01-12,Completed,15
O003276,C01523,2023-09-13,Completed,0
O003277,C01523,2023-09-14,Completed,0
O003278,C01524,2023-09-15,Completed,0
O003279,C01525,2023-09-14,Completed,0
O003280,C01525,2023-12-09,Completed,30
O003281,C01525,2024-02-21,Completed,0
O003282,C01525,2024-04-04,Completed,0
O003282,C01525,2024-04-04,Completed,0
O003283,C01525,2024-08-04,Completed,10
O003284,C01525,2024-09-22,Completed,15
O003285,C01526,15-Sep-2023,Completed,20
O003286,C01527,2023-09-15,Completed,0
O003287,C01527,2023-11-26,Completed,0
O003288,C01527,2024-04-12,Completed,0
O003289,C01527,2024-06-24,Completed,10
O003290,C01528,2023-09-14,Completed,10
O003291,C01528,2023-10-07,Completed,0
O003292,C01529,2023-09-16,Completed,0
O003293,C01529,2023-09-22,Completed,15
O003294,C01530,2023-09-14,Completed,15
O003295,C01530,2023-11-27,Completed,0
O003296,C01530,2024-03-22,Completed,20
O003297,C01530,2024-04-24,Completed,0
O003298,C01530,2024-08-17,Completed,0
O003299,C01530,2024-09-01,Completed,0
O003300,C01530,2024-12-31,Completed,30
O003301,C01531,2023-09-15,Completed,0
O003302,C01532,2023-09-14,Completed,0
O003303,C01533,2023-09-15,Completed,0
O003304,C01534,2023-09-14,Completed,0
O003305,C01535,2023-09-14,Completed,10
O003306,C01535,2023-10-23,Completed,0
O003307,C01535,2024-12-22,Completed,0
O003308,C01536,2023-09-15,Completed,0
O003309,C01537,2023-09-15,Completed,0
O003310,C01538,2023-09-15,Completed,0
O003311,C01539,2023-09-16,Completed,15
O003312,C01540,2023-09-15,Completed,0
O003313,C01540,2024-03-11,Completed,0
O003314,C01540,2024-05-29,Completed,0
O003315,C01541,2023-09-16,Completed,0
O003316,C01541,2024-05-12,Completed,0
O003317,C01542,2023-09-16,Completed,30
O003318,C01543,2023-09-15,Completed,10
O003319,C01544,2023-09-17,Completed,0
O003320,C01545,2023-09-16,Completed,0
O003321,C01545,2023-10-01,Completed,0
O003322,C01545,2023-10-21,Completed,0
O003323,C01546,2023-09-16,Completed,0
O003324,C01547,2023-09-18,Completed,10
O003325,C01548,2023-09-18,Completed,0
O003326,C01549,2023-09-17,Completed,10
O003327,C01550,2023-09-17,Completed,0
O003328,C01551,2023-09-17,Completed,0
O003329,C01552,2023-09-16,Completed,20
O003330,C01552,2024-01-18,Completed,0
O003331,C01552,2024-01-20,Completed,0
O003332,C01552,2024-01-24,Completed,0
O003333,C01553,2023-09-16,Completed,0
O003334,C01553,2023-11-05,Completed,10
O003335,C01554,2023-09-19,Completed,0
O003336,C01555,2023-09-17,Completed,30
O003337,C01556,2023-09-18,Completed,15
O003338,C01557,2023-09-20,Completed,0
O003339,C01558,2023-09-18,Completed,0
O003340,C01559,2023-09-20,Completed,15
O003341,C01559,2024-05-21,Completed,0
O003342,C01559,2024-07-13,Completed,0
O003343,C01559,2024-07-27,Completed,15
O003344,C01560,2023-09-21,Completed,15
O003345,C01560,2024-03-19,Completed,10
O003346,C01561,2023-09-21,Completed,0
O003347,C01562,2023-09-21,Completed,0
O003348,C01562,2023-12-31,Completed,20
O003349,C01563,2023-09-21,Completed,20
O003350,C01564,2023-09-19,Completed,20
O003351,C01565,2023-09-19,Completed,0
O003352,C01565,2023-11-02,Completed,20
O003353,C01565,2023-12-09,Completed,15
O003354,C01565,2024-02-19,Completed,10
O003355,C01565,2024-03-28,Completed,0
O003356,C01565,2024-04-17,Completed,0
O003357,C01565,2024-08-13,Cancelled,0
O003358,C01565,2024-11-27,Completed,10
O003359,C01565,2024-12-12,Completed,0
O003360,C01566,2023-09-19,Completed,20
O003361,C01567,2023-09-21,Completed,0
O003362,C01567,2023-10-01,Completed,0
O003363,C01567,2023-12-09,Completed,15
O003364,C01567,2023-12-25,Completed,10
O003365,C01567,2024-01-16,Completed,0
O003366,C01568,2023-09-22,Completed,0
O003367,C01569,2023-09-20,Completed,0
O003368,C01570,2023-09-22,Completed,0
O003369,C01571,2023-09-21,Completed,0
O003370,C01571,2023-12-17,Completed,20
O003371,C01571,2024-04-06,Completed,0
O003372,C01571,2024-10-02,Completed,0
O003373,C01571,2024-10-03,Completed,10
O003374,C01572,2023-09-21,Completed,0
O003375,C01573,2023-09-20,Completed,0
O003376,C01574,2023-09-21,Completed,0
O003377,C01575,2023-09-23,Completed,0
O003378,C01576,2023-09-23,Completed,10
O003379,C01577,2023-09-23,Completed,10
O003380,C01577,2023-11-17,Completed,0
O003381,C01578,2023-09-22,Completed,0
O003382,C01578,2023-10-26,Completed,0
O003383,C01579,2023-09-21,Completed,0
O003384,C01579,2024-01-06,Completed,0
O003385,C01580,2023-09-21,Completed,0
O003386,C01580,2023-10-04,Completed,0
O003387,C01580,2023-10-05,Completed,0
O003388,C01580,2023-10-21,Completed,0
O003389,C01581,2023-09-21,Completed,0
O003390,C01582,2023-09-22,Completed,0
O003391,C01583,2023-09-22,Completed,10
O003392,C01584,2023-09-21,Completed,0
O003393,C01585,2023-09-23,Completed,0
O003394,C01586,2023-09-21,Completed,0
O003395,C01587,2023-09-21,Completed,0
O003396,C01587,2023-10-04,Completed,10
O003397,C01587,2023-12-16,Completed,0
O003398,C01588,2023-09-22,Completed,0
O003399,C01589,2023-09-23,Completed,0
O003400,C01590,2023-09-23,Completed,0
O003401,C01590,2023-10-18,Completed,10
O003402,C01590,2023-11-05,Completed,20
O003403,C01590,2023-11-28,Completed,0
O003404,C01591,2023-09-23,Completed,0
O003405,C01591,2023-09-27,Completed,0
O003406,C01591,2023-10-08,Completed,0
O003407,C01591,2023-10-22,Completed,0
O003408,C01592,2023-09-22,Completed,10
O003409,C01592,2023-11-01,Completed,0
O003410,C01592,2023-12-14,Completed,15
O003411,C01592,2023-12-15,Cancelled,0
O003412,C01593,2023-09-24,Completed,10
O003413,C01594,2023-09-24,Completed,0
O003414,C01594,2023-11-05,Completed,10
O003415,C01594,2024-04-18,Completed,10
O003416,C01594,2024-10-09,Completed,10
O003417,C01595,2023-09-24,Completed,20
O003418,C01596,2023-09-23,Completed,0
O003419,C01596,2023-10-28,Completed,10
O003420,C01597,2023-09-23,Completed,0
O003421,C01597,2024-03-01,Completed,0
O003422,C01597,2024-04-19,Completed,0
O003423,C01597,2024-05-02,Completed,0
O003424,C01597,2024-05-05,Completed,10
O003425,C01598,2023-09-24,Completed,10
O003426,C01599,2023-09-24,Completed,0
O003427,C01599,2023-10-05,Completed,20
O003428,C01600,2023-09-24,Completed,15
O003429,C01600,2023-10-26,Completed,10
O003430,C01600,2023-12-01,Completed,10
O003431,C01601,2023-09-25,Completed,15
O003432,C01602,2023-09-25,Completed,0
O003433,C01602,2023-12-07,Completed,0
O003434,C01602,2023-12-17,Completed,0
O003435,C01603,2023-09-24,Completed,0
O003436,C01603,2024-05-21,Completed,0
O003437,C01603,2024-08-25,Completed,15
O003438,C01603,2024-11-08,Cancelled,10
O003439,C01603,2024-12-09,Completed,15
O003440,C01604,2023-09-25,Completed,0
O003441,C01604,2023-11-27,Completed,0
O003442,C01604,2024-02-05,Completed,10
O003443,C01604,2024-03-26,Completed,0
O003444,C01604,2024-04-15,Completed,15
O003445,C01605,2023-09-24,Completed,15
O003446,C01605,10-Jul-2024,Completed,0
O003447,C01606,2023-09-25,Completed,0
O003448,C01607,2023-09-24,Completed,30
O003449,C01607,2023-10-06,Completed,20
O003450,C01607,30-Oct-2023,Completed,20
O003451,C01608,2023-09-26,Completed,0
O003452,C01608,2024-02-22,Completed,10
O003453,C01609,2023-09-25,Completed,0
O003454,C01610,2023-09-26,Completed,15
O003455,C01610,2024-04-27,Completed,0
O003456,C01611,2023-09-26,Completed,0
O003457,C01612,2023-09-27,Completed,0
O003458,C01613,2023-09-27,Completed,10
O003459,C01614,2023-09-28,Completed,10
O003460,C01615,2023-09-27,Completed,15
O003461,C01616,2023-09-27,Completed,0
O003462,C01617,2023-09-28,Completed,30
O003463,C01618,2023-09-26,Completed,0
O003464,C01619,2023-09-27,Completed,0
O003465,C01620,2023-09-26,Completed,0
O003466,C01621,2023-09-29,Completed,20
O003467,C01621,2023-10-27,Completed,0
O003468,C01622,2023-09-29,Completed,10
O003469,C01623,2023-09-29,Completed,10
O003470,C01623,2023-10-09,Completed,0
O003471,C01623,2023-12-04,Completed,0
O003472,C01623,2024-01-20,Completed,0
O003473,C01623,2024-04-23,Completed,15
O003474,C01623,2024-08-25,Completed,0
O003475,C01624,2023-09-29,Completed,0
O003476,C01625,2023-09-29,Completed,0
O003477,C01625,2024-01-01,Completed,20
O003478,C01625,2024-01-15,Completed,0
O003479,C01625,2024-01-27,Completed,10
O003480,C01625,2024-01-31,Completed,10
O003481,C01625,2024-03-23,Completed,0
O003482,C01625,2024-06-02,Completed,0
O003483,C01625,2024-06-03,Completed,10
O003484,C01626,2023-09-28,Completed,20
O003485,C01627,2023-09-29,Completed,0
O003486,C01627,2023-12-06,Completed,10
O003487,C01628,2023-09-27,Completed,10
O003488,C01628,2023-10-15,Completed,0
O003489,C01629,29-Sep-2023,Completed,10
O003490,C01629,2024-01-07,Completed,10
O003491,C01629,2024-05-22,Completed,30
O003492,C01629,2024-12-24,Completed,0
O003493,C01630,2023-09-28,Completed,10
O003494,C01631,2023-09-28,Completed,0
O003495,C01632,2023-09-28,Completed,15
O003496,C01632,2023-12-18,Completed,0
O003497,C01633,2023-09-29,Completed,0
O003498,C01633,2024-01-11,Completed,0
O003499,C01633,2024-01-19,Completed,0
O003499,C01633,2024-01-19,Completed,0
O003500,C01634,2023-09-30,Completed,0
O003501,C01634,2024-03-10,Completed,30
O003502,C01634,2024-05-26,Completed,0
O003502,C01634,2024-05-26,Completed,0
O003503,C01635,2023-09-30,Completed,0
O003504,C01635,2024-02-15,Completed,0
O003505,C01636,2023-09-28,Completed,30
O003506,C01636,2023-12-24,Completed,10
O003507,C01637,2023-10-01,Completed,0
O003507,C01637,2023-10-01,Completed,0
O003508,C01637,2023-12-25,Completed,10
O003509,C01637,2024-02-14,Completed,0
O003510,C01637,2024-02-27,Completed,0
O003511,C01637,2024-03-04,Completed,0
O003512,C01637,2024-06-02,Completed,15
O003513,C01637,2024-07-12,Completed,0
O003514,C01638,2023-09-30,Completed,0
O003515,C01639,2023-09-30,Completed,0
O003516,C01640,2023-09-29,Completed,0
O003517,C01640,2023-11-11,Completed,10
O003518,C01640,2023-11-28,Completed,0
O003519,C01641,2023-09-30,Completed,10
O003520,C01641,2023-10-12,Completed,20
O003521,C01641,2023-12-27,Completed,0
O003522,C01641,2024-01-02,Completed,15
O003523,C01642,2023-09-29,Completed,0
O003524,C01642,2023-11-29,Completed,15
O003525,C01642,2023-12-17,Completed,10
O003526,C01642,2024-01-03,Completed,0
O003527,C01642,2024-01-07,Completed,20
O003528,C01642,2024-04-30,Cancelled,0
O003529,C01643,2023-10-01,Completed,0
O003530,C01643,2024-01-20,Completed,0
O003531,C01644,2023-10-02,Completed,0
O003532,C01645,2023-10-02,Completed,0
O003533,C01645,2024-04-18,Completed,10
O003534,C01645,2024-06-24,Completed,10
O003535,C01645,2024-09-15,Completed,0
O003536,C01646,2023-10-01,Completed,10
O003537,C01647,2023-10-01,Completed,0
O003538,C01647,2023-10-03,Completed,0
O003539,C01647,2024-03-28,Completed,15
O003540,C01648,2023-10-02,Completed,10
O003541,C01649,2023-10-01,Completed,0
O003542,C01650,2023-10-02,Completed,0
O003543,C01650,2024-10-01,Completed,15
O003544,C01651,2023-10-02,Completed,0
O003545,C01652,2023-10-03,Completed,10
O003546,C01653,2023-10-02,Completed,0
O003547,C01654,2023-10-04,Completed,0
O003548,C01654,2023-12-05,Completed,30
O003549,C01655,2023-10-02,Completed,0
O003550,C01655,2024-02-12,Completed,0
O003551,C01656,2023-10-03,Completed,0
O003552,C01656,2024-05-23,Completed,0
O003553,C01657,2023-10-02,Completed,0
O003554,C01657,2023-11-15,Completed,10
O003555,C01658,2023-10-03,Completed,0
O003556,C01659,2023-10-04,Completed,20
O003557,C01659,2024-04-12,Completed,0
O003558,C01660,2023-10-02,Completed,0
O003559,C01661,2023-10-02,Completed,0
O003560,C01661,2023-10-24,Completed,20
O003561,C01661,2023-12-18,Completed,20
O003562,C01661,2024-01-06,Completed,0
O003563,C01661,2024-06-01,Completed,10
O003564,C01661,2024-07-11,Completed,10
O003565,C01661,2024-09-17,Completed,0
O003566,C01662,2023-10-04,Completed,0
O003567,C01662,2023-10-12,Completed,0
O003568,C01662,2024-02-23,Completed,0
O003569,C01662,29-Feb-2024,Completed,0
O003570,C01662,2024-07-17,Completed,0
O003571,C01662,2024-08-17,Completed,0
O003572,C01663,2023-10-04,Completed,0
O003573,C01663,2024-05-26,Completed,10
O003574,C01664,2023-10-05,Completed,10
O003575,C01665,2023-10-03,Completed,0
O003576,C01665,2023-12-01,Completed,10
O003577,C01666,2023-10-03,Completed,20
O003578,C01667,2023-10-05,Completed,0
O003579,C01668,2023-10-05,Completed,0
O003580,C01669,2023-10-05,Completed,0
O003581,C01670,2023-10-04,Completed,0
O003582,C01670,2023-10-12,Completed,0
O003583,C01671,2023-10-03,Completed,0
O003584,C01672,2023-10-04,Completed,15
O003585,C01673,06-Oct-2023,Completed,0
O003586,C01673,2024-06-27,Completed,20
O003587,C01674,2023-10-05,Completed,0
O003588,C01674,2024-02-16,Completed,10
O003589,C01674,2024-03-28,Completed,0
O003590,C01674,2024-06-06,Completed,0
O003591,C01674,2024-06-13,Completed,0
O003592,C01674,2024-09-18,Completed,0
O003593,C01674,2024-10-26,Completed,20
O003594,C01675,2023-10-04,Completed,20
O003595,C01676,2023-10-04,Completed,0
O003596,C01676,2023-10-08,Completed,0
O003597,C01677,2023-10-06,Completed,0
O003598,C01678,2023-10-06,Completed,0
O003599,C01679,2023-10-05,Completed,0
O003600,C01680,2023-10-05,Completed,20
O003601,C01680,2023-11-20,Completed,0
O003602,C01681,06-Oct-2023,Completed,0
O003603,C01682,2023-10-05,Completed,10
O003604,C01682,2023-12-25,Completed,15
O003605,C01683,2023-10-06,Completed,0
O003606,C01683,2023-10-24,Completed,10
O003607,C01683,2023-12-31,Completed,15
O003608,C01684,2023-10-07,Completed,0
O003609,C01684,2023-10-11,Completed,0
O003610,C01685,2023-10-06,Completed,0
O003611,C01686,2023-10-06,Completed,0
O003612,C01686,2023-11-07,Completed,10
O003613,C01686,2024-07-13,Completed,0
O003614,C01687,2023-10-05,Completed,0
O003615,C01688,2023-10-06,Completed,10
O003616,C01689,2023-10-06,Completed,30
O003617,C01689,2024-02-25,Completed,10
O003618,C01690,2023-10-07,Completed,0
O003619,C01691,2023-10-05,Completed,10
O003619,C01691,2023-10-05,Completed,10
O003620,C01691,2023-12-05,Completed,0
O003621,C01692,2023-10-05,Completed,20
O003622,C01692,2023-11-02,Completed,30
O003623,C01693,2023-10-06,Completed,0
O003624,C01693,2024-01-22,Completed,0
O003625,C01694,2023-10-05,Completed,20
O003626,C01695,2023-10-05,Completed,0
O003627,C01696,2023-10-06,Completed,10
O003628,C01697,2023-10-07,Completed,0
O003629,C01698,2023-10-08,Completed,0
O003630,C01699,2023-10-08,Completed,0
O003631,C01700,2023-10-08,Completed,20
O003632,C01700,2023-11-20,Completed,0
O003633,C01700,2024-01-25,Completed,0
O003634,C01701,2023-10-07,Completed,0
O003635,C01702,2023-10-08,Completed,0
O003636,C01702,2023-12-21,Completed,15
O003637,C01702,2024-04-24,Completed,15
O003638,C01702,2024-08-24,Completed,0
O003639,C01703,2023-10-08,Completed,30
O003640,C01704,2023-10-08,Completed,10
O003641,C01704,2024-03-09,Completed,20
O003642,C01704,2024-03-22,Completed,0
O003643,C01704,2024-05-02,Completed,0
O003644,C01704,2024-07-28,Completed,10
O003645,C01704,09-Sep-2024,Completed,30
O003646,C01704,2024-12-31,Completed,20
O003647,C01705,2023-10-07,Completed,0
O003648,C01706,2023-10-06,Completed,0
O003649,C01707,2023-10-08,Completed,15
O003650,C01707,2023-11-26,Completed,10
O003651,C01707,2023-12-26,Completed,20
O003652,C01707,2023-12-30,Completed,10
O003653,C01707,2024-04-10,Completed,0
O003654,C01707,2024-04-30,Completed,15
O003655,C01707,2024-07-19,Completed,10
O003656,C01707,2024-08-07,Completed,0
O003657,C01708,2023-10-07,Completed,20
O003658,C01708,2023-11-07,Completed,30
O003659,C01709,2023-10-08,Completed,15
O003660,C01710,2023-10-07,Completed,0
O003661,C01711,2023-10-07,Completed,10
O003662,C01711,2023-12-11,Completed,20
O003663,C01712,2023-10-09,Completed,15
O003664,C01713,2023-10-07,Cancelled,10
O003665,C01713,2023-10-15,Completed,0
O003666,C01714,2023-10-08,Completed,0
O003667,C01714,19-Jan-2024,Completed,0
O003668,C01714,2024-07-17,Completed,0
O003669,C01714,2024-07-24,Completed,0
O003670,C01714,2024-11-06,Completed,0
O003671,C01715,2023-10-08,Completed,0
O003672,C01715,2023-10-12,Completed,20
O003673,C01715,2024-02-09,Completed,0
O003674,C01715,2024-07-21,Completed,15
O003675,C01716,2023-10-09,Completed,20
O003676,C01716,2024-01-31,Completed,10
O003677,C01717,2023-10-08,Completed,0
O003678,C01717,2023-10-16,Completed,0
O003679,C01718,2023-10-10,Completed,0
O003680,C01718,2023-10-26,Completed,0
O003681,C01719,2023-10-08,Completed,0
O003682,C01719,09-Nov-2023,Completed,0
O003683,C01719,2023-12-16,Completed,0
O003684,C01719,2024-02-15,Cancelled,0
O003685,C01720,2023-10-08,Completed,0
O003686,C01720,2023-12-18,Completed,10
O003687,C01721,2023-10-10,Completed,0
O003688,C01721,2023-12-21,Completed,0
O003689,C01721,2024-01-01,Completed,0
O003690,C01721,2024-01-07,Completed,0
O003691,C01722,2023-10-08,Completed,0
O003692,C01722,2023-10-30,Completed,10
O003693,C01722,2023-11-07,Completed,20
O003694,C01723,2023-10-09,Completed,0
O003695,C01724,2023-10-09,Completed,20
O003696,C01725,2023-10-11,Completed,0
O003697,C01726,2023-10-09,Completed,0
O003698,C01726,2023-10-24,Completed,0
O003699,C01727,2023-10-11,Completed,0
O003700,C01727,2023-12-07,Completed,20
O003701,C01727,2024-02-15,Completed,0
O003702,C01727,2024-03-10,Completed,0
O003703,C01728,2023-10-11,Completed,0
O003704,C01728,2023-11-17,Completed,20
O003705,C01728,2023-12-04,Completed,0
O003706,C01728,2024-02-04,Completed,0
O003707,C01728,2024-02-08,Completed,0
O003708,C01728,2024-05-18,Completed,0
O003709,C01728,2024-10-21,Completed,0
O003710,C01728,2024-11-20,Completed,30
O003711,C01729,2023-10-09,Completed,0
O003712,C01729,2023-10-24,Completed,0
O003713,C01729,2023-12-09,Completed,0
O003714,C01729,2023-12-24,Completed,20
O003715,C01729,2024-01-14,Completed,0
O003716,C01729,2024-03-04,Completed,0
O003717,C01729,2024-03-16,Completed,15
O003718,C01729,2024-04-12,Completed,30
O003719,C01729,2024-04-15,Completed,0
O003720,C01730,2023-10-11,Completed,15
O003721,C01730,2023-12-13,Completed,30
O003722,C01730,2024-01-27,Completed,0
O003723,C01730,2024-02-20,Completed,20
O003724,C01730,2024-02-27,Completed,0
O003725,C01731,2023-10-10,Completed,20
O003726,C01731,2024-07-31,Completed,10
O003727,C01732,2023-10-11,Completed,0
O003728,C01732,2023-11-16,Completed,30
O003729,C01732,2023-12-09,Completed,0
O003730,C01732,2024-01-09,Completed,0
O003731,C01732,2024-03-16,Completed,0
O003732,C01733,2023-10-11,Completed,10
O003733,C01734,2023-10-12,Completed,0
O003734,C01734,2023-12-22,Completed,10
O003735,C01734,2024-02-14,Cancelled,10
O003736,C01735,2023-10-12,Completed,0
O003737,C01736,2023-10-12,Completed,15
O003738,C01736,2024-01-25,Completed,0
O003739,C01736,2024-05-06,Completed,0
O003740,C01736,2024-06-02,Completed,0
O003741,C01736,2024-09-01,Completed,0
O003742,C01736,2024-10-01,Completed,10
O003743,C01736,2024-12-27,Completed,20
O003744,C01737,2023-10-11,Completed,0
O003745,C01738,2023-10-11,Completed,0
O003746,C01738,2023-11-03,Completed,20
O003747,C01739,2023-10-10,Completed,15
O003748,C01740,2023-10-12,Completed,10
O003749,C01741,2023-10-12,Completed,0
O003750,C01742,2023-10-12,Completed,0
O003751,C01743,2023-10-11,Completed,20
O003752,C01744,2023-10-11,Completed,0
O003753,C01744,2023-10-24,Completed,0
O003754,C01744,2023-10-30,Completed,0
O003755,C01745,2023-10-11,Completed,0
O003756,C01746,2023-10-12,Completed,0
O003757,C01746,2024-05-23,Completed,10
O003758,C01747,2023-10-14,Completed,0
O003759,C01748,2023-10-14,Completed,0
O003760,C01749,2023-10-13,Completed,15
O003761,C01750,2023-10-12,Completed,20
O003762,C01750,2023-12-22,Cancelled,15
O003763,C01751,2023-10-15,Completed,0
O003764,C01752,2023-10-15,Completed,0
O003765,C01753,2023-10-13,Completed,0
O003766,C01753,2023-11-20,Completed,0
O003767,C01754,2023-10-14,Completed,0
O003768,C01755,2023-10-14,Completed,0
O003769,C01755,2023-10-28,Cancelled,10
O003770,C01755,2024-02-20,Completed,0
O003771,C01756,2023-10-13,Completed,0
O003772,C01757,2023-10-13,Completed,20
O003773,C01757,2023-12-21,Completed,20
O003774,C01757,2024-01-07,Completed,0
O003775,C01758,2023-10-13,Completed,0
O003776,C01758,2024-01-06,Completed,0
O003776,C01758,2024-01-06,Completed,0
O003777,C01759,2023-10-13,Completed,0
O003778,C01759,2023-12-08,Completed,30
O003779,C01760,2023-10-14,Completed,0
O003780,C01760,2023-11-14,Completed,0
O003781,C01760,2024-08-14,Completed,10
O003782,C01761,2023-10-14,Completed,0
O003783,C01761,2023-10-23,Completed,0
O003784,C01762,2023-10-15,Completed,20
O003785,C01763,2023-10-14,Completed,0
O003786,C01763,2023-11-19,Completed,30
O003787,C01763,2024-01-15,Completed,10
O003787,C01763,2024-01-15,Completed,10
O003788,C01764,2023-10-15,Completed,0
O003789,C01765,2023-10-14,Completed,0
O003790,C01765,2024-03-12,Completed,0
O003791,C01765,19-Apr-2024,Completed,0
O003792,C01765,2024-05-09,Completed,0
O003793,C01765,2024-06-05,Completed,10
O003794,C01766,2023-10-14,Completed,20
O003795,C01766,2024-01-15,Completed,10
O003796,C01766,2024-02-13,Completed,0
O003797,C01766,2024-05-28,Completed,0
O003798,C01766,2024-08-22,Completed,0
O003799,C01767,2023-10-15,Completed,0
O003800,C01767,2023-11-02,Completed,0
O003801,C01767,2023-11-04,Completed,10
O003802,C01768,2023-10-14,Completed,0
O003803,C01768,2023-11-02,Completed,20
O003804,C01769,17-Oct-2023,Completed,15
O003805,C01770,2023-10-16,Completed,10
O003806,C01770,2023-11-11,Completed,0
O003807,C01771,2023-10-15,Completed,10
O003808,C01771,2023-10-22,Completed,0
O003809,C01771,2023-10-28,Completed,0
O003810,C01771,2024-04-25,Completed,15
O003811,C01771,2024-09-04,Completed,10
O003812,C01771,2024-09-09,Completed,0
O003813,C01772,2023-10-15,Completed,15
O003814,C01773,2023-10-17,Completed,0
O003815,C01773,2024-01-08,Completed,15
O003816,C01774,2023-10-17,Completed,0
O003817,C01775,2023-10-17,Completed,0
O003818,C01775,2023-11-20,Completed,10
O003819,C01776,2023-10-16,Completed,30
O003820,C01777,2023-10-15,Completed,10
O003821,C01777,2023-10-22,Completed,20
O003822,C01778,2023-10-16,Completed,0
O003823,C01779,2023-10-16,Completed,0
O003824,C01780,2023-10-18,Completed,0
O003825,C01781,2023-10-16,Completed,0
O003826,C01781,2023-12-01,Completed,0
O003827,C01781,2023-12-13,Completed,30
O003828,C01781,2023-12-29,Completed,0
O003829,C01782,2023-10-17,Completed,0
O003830,C01783,2023-10-16,Completed,10
O003831,C01783,2023-10-27,Completed,15
O003832,C01784,2023-10-16,Completed,30
O003833,C01784,2023-12-03,Completed,10
O003834,C01785,2023-10-16,Completed,0
O003835,C01785,2023-10-17,Completed,0
O003836,C01786,2023-10-17,Completed,0
O003837,C01787,2023-10-17,Completed,10
O003838,C01788,2023-10-16,Completed,0
O003839,C01789,2023-10-18,Cancelled,15
O003840,C01789,2023-10-26,Completed,0
O003841,C01789,2023-11-08,Completed,15
O003842,C01789,2023-12-16,Completed,0
O003843,C01790,18-Oct-2023,Cancelled,0
O003844,C01791,2023-10-17,Completed,10
O003845,C01791,2024-03-14,Completed,0
O003846,C01791,2024-05-19,Completed,10
O003847,C01791,2024-05-23,Completed,0
O003848,C01792,2023-10-19,Completed,0
O003849,C01792,2024-02-15,Completed,0
O003850,C01793,2023-10-18,Completed,15
O003851,C01793,2023-11-22,Completed,0
O003852,C01793,2024-08-25,Completed,0
O003853,C01793,2024-11-28,Completed,10
O003854,C01793,2024-12-05,Completed,0
O003855,C01793,2024-12-20,Completed,0
O003856,C01794,2023-10-19,Completed,15
O003857,C01795,2023-10-18,Completed,0
O003858,C01795,2023-11-02,Completed,10
O003859,C01795,2023-12-30,Completed,0
O003860,C01795,2024-01-17,Completed,10
O003861,C01796,2023-10-17,Completed,0
O003862,C01797,2023-10-17,Completed,0
O003863,C01797,2024-04-21,Completed,0
O003864,C01798,2023-10-17,Completed,0
O003865,C01798,2023-12-15,Completed,10
O003866,C01798,2024-01-16,Completed,15
O003867,C01799,2023-10-18,Completed,15
O003868,C01799,24-Dec-2023,Completed,0
O003869,C01799,2024-03-26,Completed,10
O003869,C01799,2024-03-26,Completed,10
O003870,C01799,2024-05-19,Completed,0
O003871,C01799,2024-08-09,Completed,0
O003872,C01800,2023-10-20,Completed,10
O003873,C01800,2023-12-03,Completed,10
O003874,C01801,2023-10-18,Completed,0
O003875,C01802,2023-10-19,Completed,10
O003876,C01802,2024-06-08,Completed,0
O003877,C01803,2023-10-20,Completed,10
O003878,C01804,2023-10-21,Completed,0
O003879,C01805,2023-10-19,Completed,0
O003880,C01805,2024-02-23,Completed,30
O003881,C01806,2023-10-21,Completed,10
O003882,C01807,2023-10-20,Completed,0
O003883,C01807,2023-12-04,Completed,10
O003884,C01807,2023-12-13,Completed,20
O003885,C01807,2024-03-17,Completed,0
O003886,C01808,2023-10-20,Completed,0
O003887,C01808,2023-10-29,Completed,0
O003888,C01808,2023-11-14,Completed,0
O003889,C01808,2023-11-25,Completed,15
O003890,C01808,2024-01-08,Completed,0
O003891,C01809,2023-10-20,Completed,10
O003892,C01809,2023-12-17,Completed,15
O003893,C01810,2023-10-20,Completed,0
O003894,C01810,2024-03-27,Completed,30
O003895,C01811,2023-10-21,Completed,10
O003896,C01812,2023-10-22,Completed,20
O003897,C01813,2023-10-21,Completed,0
O003898,C01814,2023-10-21,Completed,15
O003899,C01814,2024-01-23,Completed,10
O003900,C01815,2023-10-20,Completed,0
O003901,C01815,2024-07-22,Completed,0
O003902,C01815,2024-08-13,Completed,0
O003903,C01815,2024-11-26,Completed,20
O003904,C01816,2023-10-22,Completed,0
O003905,C01817,2023-10-22,Completed,0
O003906,C01817,2023-11-05,Completed,0
O003907,C01817,2023-11-15,Completed,20
O003908,C01817,2023-12-08,Completed,30
O003909,C01817,2024-01-25,Completed,20
O003910,C01818,2023-10-21,Completed,0
O003911,C01818,2023-11-03,Completed,20
O003912,C01819,2023-10-22,Completed,20
O003913,C01820,21-Oct-2023,Completed,0
O003914,C01821,2023-10-22,Completed,20
O003915,C01821,2023-11-27,Completed,0
O003916,C01821,2024-01-17,Completed,0
O003917,C01821,2024-02-01,Completed,20
O003918,C01821,2024-03-31,Completed,0
O003919,C01821,2024-04-20,Completed,0
O003920,C01821,2024-06-08,Completed,10
O003921,C01822,2023-10-23,Completed,0
O003922,C01823,2023-10-22,Completed,10
O003923,C01824,2023-10-22,Completed,0
O003924,C01824,2023-11-19,Completed,0
O003925,C01824,2023-11-20,Completed,0
O003926,C01825,2023-10-23,Completed,0
O003927,C01825,2023-12-29,Cancelled,10
O003928,C01826,2023-10-21,Completed,10
O003929,C01827,2023-10-22,Completed,0
O003930,C01827,2023-10-26,Completed,0
O003931,C01827,2023-11-23,Completed,0
O003932,C01827,2023-12-18,Completed,20
O003933,C01828,2023-10-22,Completed,0
O003934,C01828,2023-12-02,Completed,10
O003935,C01828,2024-01-14,Completed,20
O003936,C01828,2024-01-21,Completed,0
O003937,C01829,2023-10-23,Completed,0
O003938,C01829,2023-11-23,Completed,0
O003939,C01830,2023-10-23,Completed,0
O003940,C01831,2023-10-24,Completed,0
O003941,C01831,2024-03-06,Completed,0
O003942,C01832,2023-10-24,Completed,0
O003943,C01833,23-Oct-2023,Completed,20
O003944,C01833,2023-11-30,Completed,10
O003945,C01834,2023-10-23,Completed,0
O003946,C01835,2023-10-25,Completed,0
O003947,C01835,2024-01-26,Completed,0
O003948,C01836,2023-10-24,Completed,0
O003949,C01837,2023-10-24,Completed,15
O003950,C01837,2024-02-01,Completed,0
O003951,C01838,2023-10-24,Completed,0
O003952,C01838,2023-11-02,Completed,0
O003953,C01838,2023-11-10,Completed,20
O003954,C01839,2023-10-23,Completed,10
O003955,C01840,2023-10-23,Completed,20
O003956,C01841,2023-10-24,Completed,10
O003957,C01842,2023-10-26,Completed,0
O003958,C01842,2024-12-27,Completed,0
O003959,C01843,2023-10-25,Completed,0
O003960,C01843,2024-01-24,Completed,0
O003961,C01843,2024-10-23,Completed,0
O003962,C01844,2023-10-26,Completed,0
O003963,C01845,2023-10-27,Completed,0
O003964,C01845,2024-07-31,Cancelled,0
O003965,C01846,2023-10-25,Completed,10
O003966,C01846,2023-11-28,Completed,30
O003967,C01847,2023-10-25,Completed,0
O003968,C01847,2023-11-17,Completed,0
O003969,C01847,2024-02-01,Completed,20
O003970,C01848,2023-10-26,Completed,0
O003971,C01849,2023-10-25,Completed,15
O003972,C01850,2023-10-25,Completed,0
O003973,C01851,26-Oct-2023,Completed,15
O003974,C01852,2023-10-27,Completed,0
O003975,C01852,2023-11-03,Completed,15
O003976,C01852,2023-11-25,Completed,10
O003977,C01853,2023-10-28,Completed,0
O003978,C01853,2024-02-07,Completed,0
O003979,C01854,2023-10-26,Completed,0
O003979,C01854,2023-10-26,Completed,0
O003980,C01854,2023-11-12,Completed,0
O003981,C01855,2023-10-26,Completed,20
O003982,C01856,2023-10-27,Completed,10
O003983,C01856,2024-01-05,Completed,10
O003984,C01856,2024-11-09,Completed,0
O003985,C01857,2023-10-29,Completed,0
O003986,C01858,2023-10-28,Completed,0
O003987,C01859,2023-10-29,Completed,10
O003988,C01860,2023-10-29,Completed,0
O003989,C01861,2023-10-28,Completed,10
O003990,C01862,2023-10-29,Completed,20
O003991,C01863,2023-10-29,Completed,0
O003992,C01863,2023-12-16,Completed,0
O003993,C01864,2023-10-27,Completed,0
O003994,C01865,2023-10-28,Completed,0
O003995,C01866,2023-10-28,Completed,15
O003996,C01866,31-Oct-2023,Completed,30
O003997,C01867,2023-10-30,Completed,10
O003998,C01867,2023-12-11,Completed,0
O003999,C01868,2023-10-28,Completed,10
O004000,C01869,2023-10-28,Completed,0
O004001,C01869,2023-12-22,Cancelled,20
O004002,C01869,2024-01-23,Completed,0
O004003,C01869,2024-04-11,Completed,0
O004004,C01869,2024-05-01,Completed,0
O004005,C01869,2024-07-05,Completed,0
O004006,C01870,2023-10-30,Completed,10
O004007,C01870,2023-12-05,Completed,20
O004008,C01870,2023-12-07,Completed,30
O004009,C01871,2023-10-29,Cancelled,0
O004010,C01872,2023-10-29,Completed,0
O004011,C01872,2023-11-16,Completed,20
O004012,C01872,2024-03-17,Completed,0
O004013,C01872,2024-04-10,Completed,0
O004014,C01872,13-May-2024,Completed,30
O004015,C01872,2024-06-02,Completed,15
O004016,C01872,07-Aug-2024,Completed,0
O004017,C01873,2023-10-29,Completed,0
O004018,C01873,2023-11-29,Completed,0
O004019,C01873,2023-12-10,Completed,20
O004020,C01874,2023-10-28,Completed,0
O004021,C01875,2023-10-29,Completed,0
O004022,C01876,2023-10-29,Completed,0
O004023,C01876,2023-11-30,Completed,0
O004024,C01876,2024-01-16,Completed,0
O004025,C01876,2024-01-30,Completed,30
O004026,C01876,2024-02-04,Completed,20
O004027,C01876,2024-05-13,Completed,15
O004028,C01876,17-Aug-2024,Completed,0
O004029,C01877,2023-10-28,Completed,0
O004030,C01878,31-Oct-2023,Completed,10
O004030,C01878,31-Oct-2023,Completed,10
O004031,C01878,2023-12-17,Completed,10
O004032,C01878,2023-12-20,Completed,0
O004033,C01879,2023-10-31,Completed,10
O004034,C01880,2023-10-30,Completed,10
O004035,C01881,2023-10-31,Completed,0
O004036,C01881,2023-11-19,Completed,10
O004037,C01881,2023-11-24,Completed,20
O004038,C01881,2023-11-27,Completed,10
O004039,C01881,2024-01-02,Completed,0
O004040,C01882,2023-10-30,Completed,0
O004041,C01882,2024-03-30,Completed,0
O004042,C01882,2024-04-18,Completed,0
O004043,C01882,2024-07-06,Completed,15
O004044,C01882,2024-10-01,Completed,0
O004045,C01882,2024-12-11,Completed,0
O004046,C01883,2023-11-01,Completed,10
O004047,C01883,2024-01-08,Completed,0
O004048,C01883,2024-04-16,Completed,0
O004049,C01884,2023-10-30,Completed,0
O004050,C01884,2023-11-03,Completed,10
O004051,C01884,2024-01-26,Cancelled,0
O004052,C01885,2023-11-01,Completed,10
O004053,C01886,2023-11-01,Completed,15
O004054,C01886,2024-03-27,Completed,0
O004055,C01886,23-Dec-2024,Completed,30
O004056,C01887,2023-10-31,Completed,0
O004057,C01888,2023-11-02,Completed,20
O004058,C01889,2023-11-01,Completed,10
O004059,C01890,2023-11-02,Completed,0
O004060,C01890,2023-12-07,Completed,0
O004061,C01890,2024-03-16,Completed,0
O004062,C01890,2024-04-17,Completed,0
O004063,C01890,2024-05-23,Completed,0
O004064,C01891,2023-10-31,Completed,0
O004065,C01891,2023-12-28,Completed,10
O004066,C01892,2023-11-02,Completed,0
O004067,C01893,2023-11-02,Cancelled,30
O004068,C01894,2023-11-02,Completed,10
O004069,C01894,2024-04-01,Completed,15
O004070,C01894,2024-06-28,Completed,10
O004071,C01894,2024-09-18,Completed,0
O004072,C01895,2023-11-01,Completed,0
O004073,C01896,2023-11-03,Completed,30
O004074,C01897,2023-11-02,Completed,0
O004075,C01897,2023-11-26,Completed,0
O004076,C01898,2023-11-02,Completed,10
O004077,C01899,2023-11-01,Completed,10
O004078,C01900,2023-11-03,Completed,0
O004079,C01900,2023-11-29,Completed,0
O004080,C01901,2023-11-01,Completed,10
O004081,C01901,2023-12-20,Completed,0
O004082,C01901,2024-07-09,Completed,0
O004083,C01901,2024-08-14,Completed,30
O004084,C01902,2023-11-03,Completed,30
O004085,C01903,2023-11-03,Completed,15
O004086,C01904,2023-11-03,Completed,15
O004087,C01905,2023-11-02,Completed,30
O004088,C01906,2023-11-02,Completed,10
O004089,C01907,2023-11-04,Cancelled,20
O004090,C01908,2023-11-03,Completed,10
O004091,C01909,2023-11-04,Completed,20
O004092,C01909,2023-11-24,Completed,10
O004093,C01909,2024-01-19,Completed,0
O004094,C01909,2024-04-19,Completed,10
O004095,C01909,2024-08-11,Completed,0
O004096,C01910,2023-11-03,Completed,0
O004097,C01911,2023-11-03,Completed,10
O004098,C01911,2023-12-26,Completed,0
O004099,C01912,2023-11-04,Cancelled,10
O004100,C01912,2023-12-09,Completed,20
O004101,C01913,2023-11-03,Completed,30
O004102,C01913,2023-11-26,Completed,0
O004103,C01914,2023-11-05,Completed,15
O004104,C01914,2023-12-01,Completed,0
O004105,C01914,2024-02-15,Completed,0
O004106,C01914,2024-06-02,Completed,0
O004107,C01915,2023-11-04,Completed,10
O004108,C01915,2024-01-01,Completed,0
O004109,C01915,2024-03-04,Completed,0
O004110,C01916,2023-11-04,Completed,0
O004110,C01916,2023-11-04,Completed,0
O004111,C01917,2023-11-05,Completed,10
O004112,C01917,2024-01-07,Completed,0
O004113,C01918,2023-11-04,Completed,10
O004114,C01919,2023-11-04,Completed,10
O004115,C01919,2023-11-25,Completed,15
O004116,C01919,2024-01-17,Completed,15
O004117,C01919,2024-04-16,Completed,0
O004118,C01919,2024-06-26,Completed,0
O004119,C01920,2023-11-03,Completed,0
O004120,C01921,03-Nov-2023,Completed,0
O004121,C01922,2023-11-05,Completed,0
O004122,C01922,2024-07-09,Completed,0
O004123,C01923,2023-11-05,Completed,0
O004124,C01924,2023-11-04,Completed,15
O004125,C01924,2023-12-05,Cancelled,30
O004126,C01924,2024-03-15,Completed,0
O004127,C01925,2023-11-06,Completed,20
O004128,C01925,2024-02-09,Cancelled,0
O004129,C01925,2024-03-16,Completed,10
O004130,C01925,2024-03-30,Completed,0
O004131,C01925,2024-04-24,Completed,0
O004132,C01926,2023-11-05,Completed,0
O004133,C01926,2023-11-30,Completed,15
O004134,C01927,2023-11-05,Completed,0
O004135,C01927,2024-01-14,Completed,0
O004136,C01927,2024-02-22,Completed,0
O004137,C01927,2024-04-07,Completed,20
O004138,C01927,2024-05-20,Completed,0
O004139,C01928,2023-11-04,Completed,30
O004140,C01928,2024-01-01,Completed,20
O004141,C01928,2024-01-11,Completed,10
O004142,C01929,2023-11-04,Completed,10
O004143,C01929,2023-11-29,Completed,0
O004144,C01929,2023-11-30,Completed,10
O004145,C01930,2023-11-06,Completed,20
O004146,C01931,2023-11-04,Completed,0
O004147,C01932,06-Nov-2023,Completed,30
O004148,C01933,2023-11-06,Completed,30
O004149,C01933,2024-01-21,Completed,20
O004150,C01933,2024-04-26,Completed,0
O004151,C01934,2023-11-04,Completed,0
O004152,C01935,05-Nov-2023,Completed,30
O004153,C01936,2023-11-07,Completed,10
O004154,C01937,2023-11-07,Completed,30
O004155,C01938,2023-11-07,Completed,10
O004156,C01938,2023-12-06,Completed,20
O004157,C01939,2023-11-05,Completed,10
O004158,C01939,2023-11-15,Completed,20
O004159,C01939,2023-11-29,Completed,20
O004160,C01939,2024-04-03,Completed,20
O004161,C01939,2024-04-11,Completed,0
O004162,C01940,2023-11-05,Completed,10
O004163,C01940,2023-11-18,Completed,20
O004164,C01940,2024-09-17,Completed,15
O004165,C01941,2023-11-06,Completed,20
O004166,C01941,2023-11-21,Completed,10
O004167,C01941,2024-03-31,Completed,0
O004168,C01941,2024-04-06,Completed,0
O004169,C01941,2024-04-10,Completed,0
O004170,C01942,05-Nov-2023,Completed,10
O004171,C01943,2023-11-07,Completed,10
O004172,C01943,2023-11-09,Completed,10
O004173,C01944,2023-11-06,Completed,10
O004174,C01944,2023-11-12,Completed,10
O004175,C01944,2023-12-25,Completed,0
O004176,C01944,2024-01-14,Completed,15
O004177,C01944,2024-01-17,Completed,10
O004178,C01944,2024-01-26,Completed,0
O004178,C01944,2024-01-26,Completed,0
O004179,C01945,2023-11-06,Completed,10
O004180,C01945,2023-12-05,Completed,10
O004181,C01946,2023-11-06,Completed,20
O004182,C01946,2024-08-23,Completed,0
O004183,C01946,2024-10-05,Completed,0
O004184,C01946,2024-10-21,Completed,0
O004185,C01946,2024-12-20,Completed,0
O004186,C01947,2023-11-07,Completed,0
O004187,C01947,2024-01-26,Completed,0
O004188,C01947,2024-02-05,Completed,0
O004189,C01948,2023-11-08,Completed,0
O004190,C01948,2024-02-13,Cancelled,0
O004191,C01948,2024-02-25,Completed,0
O004192,C01949,2023-11-06,Completed,10
O004193,C01950,2023-11-07,Completed,15
O004194,C01950,2024-02-17,Completed,0
O004195,C01951,2023-11-07,Completed,15
O004196,C01952,2023-11-07,Completed,10
O004197,C01952,2023-11-14,Completed,0
O004198,C01953,2023-11-06,Completed,10
O004199,C01953,2023-11-22,Completed,0
O004200,C01953,2024-03-04,Completed,20
O004201,C01954,2023-11-08,Completed,20
O004202,C01954,2024-03-10,Cancelled,0
O004203,C01955,2023-11-06,Completed,20
O004204,C01956,2023-11-08,Cancelled,0
O004205,C01956,2023-12-17,Completed,0
O004206,C01956,2023-12-19,Completed,0
O004207,C01956,2024-04-05,Completed,10
O004208,C01957,2023-11-09,Completed,0
O004209,C01957,2024-01-27,Completed,0
O004210,C01958,2023-11-07,Completed,30
O004211,C01959,2023-11-09,Completed,0
O004212,C01960,2023-11-07,Completed,20
O004213,C01961,2023-11-08,Completed,30
O004214,C01961,2024-09-28,Completed,10
O004215,C01961,2024-12-12,Completed,15
O004216,C01962,2023-11-07,Completed,30
O004217,C01963,2023-11-09,Completed,0
O004218,C01963,2024-08-09,Completed,0
O004219,C01963,2024-08-21,Completed,0
O004220,C01963,2024-10-11,Completed,0
O004221,C01964,2023-11-09,Completed,10
O004222,C01965,2023-11-08,Completed,20
O004223,C01965,2024-02-09,Completed,0
O004224,C01965,2024-06-15,Completed,0
O004225,C01966,2023-11-08,Completed,30
O004226,C01966,2023-12-05,Completed,0
O004227,C01966,2023-12-11,Completed,0
O004228,C01967,2023-11-08,Completed,10
O004229,C01967,2023-11-29,Completed,20
O004230,C01968,2023-11-08,Completed,15
O004231,C01969,2023-11-09,Completed,0
O004232,C01970,2023-11-08,Completed,15
O004233,C01970,2023-12-06,Completed,0
O004234,C01970,2024-01-02,Completed,0
O004235,C01970,2024-02-01,Completed,0
O004236,C01971,2023-11-09,Completed,15
O004237,C01971,2023-11-14,Completed,0
O004238,C01972,2023-11-09,Completed,0
O004239,C01972,2023-12-29,Completed,20
O004240,C01972,2024-01-20,Completed,20
O004241,C01972,2024-11-21,Completed,0
O004242,C01973,2023-11-10,Completed,20
O004243,C01973,2023-11-22,Completed,0
O004244,C01974,2023-11-10,Completed,0
O004245,C01974,2024-01-27,Completed,0
O004246,C01974,2024-02-13,Completed,0
O004247,C01975,2023-11-08,Completed,20
O004248,C01975,2024-07-22,Completed,0
O004249,C01976,2023-11-08,Completed,0
O004250,C01977,2023-11-09,Completed,30
O004251,C01978,2023-11-10,Completed,30
O004252,C01979,2023-11-10,Completed,15
O004253,C01980,2023-11-10,Completed,20
O004254,C01981,2023-11-09,Completed,30
O004255,C01982,2023-11-09,Completed,10
O004256,C01983,2023-11-11,Completed,15
O004257,C01984,2023-11-11,Completed,15
O004258,C01984,2024-02-13,Completed,20
O004258,C01984,2024-02-13,Completed,20
O004259,C01984,2024-04-26,Completed,0
O004260,C01984,2024-05-13,Completed,20
O004261,C01984,2024-10-29,Completed,0
O004262,C01984,2024-12-16,Completed,0
O004263,C01985,2023-11-11,Completed,0
O004264,C01985,2024-02-23,Completed,0
O004265,C01986,2023-11-11,Completed,10
O004266,C01986,20-Dec-2023,Completed,0
O004267,C01987,2023-11-11,Completed,10
O004268,C01987,2023-12-27,Completed,0
O004269,C01988,2023-11-11,Completed,0
O004270,C01988,2024-02-06,Completed,0
O004271,C01988,2024-02-08,Completed,10
O004272,C01988,2024-06-25,Completed,10
O004273,C01989,2023-11-09,Completed,15
O004274,C01990,2023-11-09,Completed,15
O004275,C01991,2023-11-09,Completed,0
O004276,C01992,2023-11-11,Completed,15
O004277,C01992,2023-12-04,Completed,0
O004278,C01992,2024-02-25,Completed,0
O004279,C01992,2024-05-12,Completed,20
O004280,C01993,2023-11-10,Completed,10
O004281,C01993,2023-12-30,Completed,0
O004282,C01993,2024-03-11,Completed,0
O004283,C01993,2024-03-29,Completed,20
O004284,C01993,2024-07-18,Completed,0
O004285,C01993,2024-11-25,Completed,20
O004286,C01994,2023-11-10,Completed,10
O004287,C01994,2024-01-09,Completed,15
O004288,C01995,2023-11-12,Completed,0
O004289,C01995,2023-11-21,Completed,20
O004290,C01995,2023-12-04,Completed,15
O004291,C01995,2023-12-21,Completed,20
O004292,C01995,2024-01-17,Completed,0
O004293,C01996,2023-11-12,Completed,0
O004294,C01997,2023-11-12,Completed,15
O004295,C01997,2024-03-10,Completed,15
O004296,C01997,2024-05-24,Completed,0
O004297,C01997,2024-07-15,Completed,10
O004298,C01998,2023-11-10,Completed,20
O004299,C01998,2023-12-23,Cancelled,0
O004300,C01999,2023-11-12,Completed,30
O004301,C02000,2023-11-10,Completed,0
O004302,C02001,2023-11-11,Completed,0
O004303,C02002,2023-11-12,Completed,10
O004304,C02002,2023-12-29,Completed,15
O004305,C02002,2024-01-24,Completed,0
O004306,C02002,2024-08-28,Completed,0
O004307,C02003,2023-11-11,Completed,0
O004308,C02003,2024-02-22,Completed,0
O004309,C02003,2024-04-13,Completed,20
O004310,C02003,2024-05-09,Completed,0
O004311,C02003,2024-05-13,Completed,0
O004312,C02004,2023-11-12,Completed,20
O004313,C02005,2023-11-12,Completed,20
O004314,C02006,2023-11-11,Completed,30
O004315,C02006,2024-01-11,Completed,0
O004316,C02007,2023-11-13,Completed,20
O004317,C02007,2023-11-15,Completed,10
O004318,C02007,2023-11-16,Completed,10
O004319,C02007,19-Nov-2023,Completed,0
O004320,C02007,2023-11-25,Completed,10
O004321,C02007,2023-12-31,Completed,0
O004322,C02007,2024-01-09,Completed,30
O004323,C02008,2023-11-13,Cancelled,20
O004324,C02009,2023-11-11,Completed,0
O004325,C02009,2024-05-02,Completed,10
O004326,C02009,2024-07-01,Completed,15
O004327,C02010,2023-11-13,Completed,0
O004328,C02011,2023-11-11,Completed,0
O004329,C02012,2023-11-11,Completed,15
O004330,C02013,2023-11-12,Completed,0
O004331,C02013,2024-04-03,Completed,10
O004331,C02013,2024-04-03,Completed,10
O004332,C02014,2023-11-11,Completed,10
O004333,C02015,11-Nov-2023,Completed,15
O004334,C02015,2023-11-16,Completed,0
O004335,C02016,2023-11-14,Completed,20
O004336,C02016,2024-05-03,Completed,10
O004337,C02017,2023-11-12,Completed,0
O004338,C02017,2024-05-04,Completed,15
O004339,C02018,2023-11-12,Completed,0
O004340,C02019,2023-11-13,Completed,0
O004341,C02019,2024-03-20,Completed,0
O004342,C02020,2023-11-12,Completed,0
O004343,C02020,2023-11-30,Completed,30
O004344,C02020,2023-12-09,Completed,30
O004345,C02021,2023-11-12,Completed,20
O004346,C02022,2023-11-12,Completed,20
O004347,C02022,2024-01-03,Completed,15
O004348,C02023,2023-11-12,Completed,10
O004349,C02023,2024-03-02,Completed,0
O004350,C02023,2024-09-02,Completed,0
O004351,C02024,2023-11-12,Completed,15
O004352,C02024,2024-01-15,Completed,0
O004353,C02024,2024-03-01,Completed,0
O004354,C02024,2024-06-08,Completed,0
O004355,C02025,2023-11-14,Completed,20
O004356,C02026,2023-11-12,Completed,0
O004357,C02026,2024-03-08,Completed,20
O004358,C02027,2023-11-12,Completed,10
O004359,C02027,2024-02-15,Completed,10
O004360,C02027,2024-03-18,Completed,0
O004361,C02028,2023-11-13,Completed,0
O004362,C02028,2023-11-23,Completed,0
O004363,C02028,2023-12-28,Completed,0
O004364,C02028,2024-02-21,Completed,0
O004365,C02028,2024-02-29,Cancelled,0
O004366,C02028,2024-04-05,Completed,0
O004367,C02029,2023-11-13,Completed,10
O004368,C02030,2023-11-14,Completed,10
O004369,C02030,2024-01-06,Completed,0
O004370,C02030,2024-02-25,Completed,0
O004371,C02031,2023-11-12,Completed,30
O004372,C02032,2023-11-14,Completed,0
O004373,C02033,2023-11-13,Completed,0
O004374,C02034,2023-11-13,Completed,0
O004375,C02035,2023-11-14,Completed,0
O004376,C02036,2023-11-13,Completed,0
O004377,C02037,2023-11-14,Completed,20
O004378,C02038,2023-11-15,Completed,15
O004379,C02038,2023-12-13,Completed,0
O004380,C02038,2023-12-28,Completed,20
O004381,C02038,2024-10-09,Completed,0
O004382,C02038,2024-10-25,Completed,0
O004383,C02038,2024-10-28,Completed,0
O004384,C02038,2024-11-02,Completed,10
O004385,C02038,2024-12-09,Completed,0
O004386,C02039,2023-11-15,Completed,20
O004387,C02039,2023-12-09,Completed,0
O004388,C02040,2023-11-15,Completed,0
O004389,C02040,2023-11-17,Completed,10
O004390,C02041,2023-11-15,Completed,0
O004391,C02042,2023-11-15,Completed,10
O004392,C02042,2023-11-23,Completed,0
O004393,C02043,2023-11-16,Completed,0
O004394,C02043,2024-07-04,Completed,0
O004395,C02043,2024-09-06,Completed,0
O004396,C02043,2024-09-09,Cancelled,20
O004397,C02044,2023-11-16,Completed,0
O004398,C02045,2023-11-15,Completed,15
O004399,C02045,2024-02-11,Completed,30
O004400,C02045,2024-03-26,Completed,0
O004401,C02045,2024-04-11,Completed,0
O004402,C02045,2024-04-19,Completed,0
O004403,C02045,2024-05-12,Completed,0
O004404,C02045,2024-10-13,Completed,0
O004405,C02046,2023-11-14,Completed,0
O004406,C02047,2023-11-15,Completed,10
O004407,C02048,2023-11-16,Completed,30
O004408,C02049,2023-11-16,Cancelled,15
O004409,C02049,2023-12-07,Completed,15
O004410,C02050,2023-11-14,Completed,15
O004411,C02050,2024-07-19,Completed,0
O004412,C02051,2023-11-16,Completed,10
O004413,C02051,2024-05-13,Completed,0
O004414,C02051,2024-07-03,Completed,20
O004415,C02052,2023-11-14,Completed,10
O004416,C02053,2023-11-16,Completed,0
O004417,C02054,2023-11-14,Completed,0
O004418,C02055,2023-11-16,Completed,10
O004419,C02056,2023-11-16,Completed,0
O004420,C02056,2024-01-26,Completed,0
O004421,C02057,2023-11-15,Cancelled,10
O004422,C02057,2024-01-17,Completed,0
O004423,C02057,2024-05-15,Completed,30
O004424,C02057,2024-07-04,Completed,15
O004425,C02057,2024-09-18,Completed,0
O004426,C02058,2023-11-17,Completed,15
O004427,C02059,2023-11-17,Completed,20
O004428,C02059,2024-01-17,Completed,15
O004429,C02059,2024-03-30,Completed,20
O004430,C02059,2024-12-21,Completed,0
O004431,C02060,2023-11-17,Completed,10
O004432,C02061,2023-11-16,Completed,20
O004433,C02062,2023-11-17,Cancelled,20
O004434,C02063,17-Nov-2023,Completed,0
O004435,C02063,2023-12-02,Completed,20
O004436,C02064,2023-11-15,Completed,0
O004437,C02064,2023-12-24,Completed,15
O004437,C02064,2023-12-24,Completed,15
O004438,C02064,2024-04-17,Completed,0
O004439,C02064,2024-06-08,Completed,15
O004440,C02065,2023-11-16,Completed,15
O004441,C02066,2023-11-15,Completed,10
O004442,C02066,2023-12-05,Completed,10
O004443,C02066,2024-01-25,Completed,0
O004444,C02067,2023-11-17,Completed,0
O004445,C02068,2023-11-16,Completed,10
O004446,C02069,2023-11-16,Completed,30
O004447,C02070,2023-11-18,Completed,0
O004448,C02070,2024-01-09,Completed,0
O004449,C02070,2024-04-16,Completed,20
O004450,C02070,2024-06-18,Completed,0
O004451,C02070,2024-07-19,Completed,0
O004452,C02071,2023-11-17,Completed,15
O004453,C02071,2023-11-29,Completed,0
O004454,C02072,2023-11-18,Completed,20
O004455,C02073,2023-11-16,Completed,30
O004456,C02073,2024-01-17,Completed,10
O004457,C02073,2024-02-18,Completed,0
O004458,C02073,2024-03-13,Completed,0
O004459,C02073,2024-04-30,Completed,10
O004460,C02073,2024-07-21,Completed,0
O004461,C02073,2024-07-30,Completed,20
O004462,C02073,2024-10-23,Completed,0
O004463,C02074,2023-11-19,Completed,0
O004464,C02075,2023-11-17,Completed,0
O004465,C02075,2023-11-25,Cancelled,15
O004466,C02076,2023-11-17,Completed,20
O004467,C02077,2023-11-17,Completed,0
O004468,C02078,2023-11-18,Completed,10
O004469,C02079,2023-11-17,Completed,15
O004470,C02080,2023-11-18,Completed,10
O004471,C02081,2023-11-18,Completed,0
O004472,C02081,2024-01-22,Cancelled,0
O004473,C02081,2024-03-13,Completed,10
O004474,C02081,2024-05-08,Completed,0
O004475,C02081,27-May-2024,Completed,0
O004476,C02082,2023-11-18,Completed,0
O004477,C02082,2023-11-21,Completed,10
O004478,C02083,2023-11-17,Completed,0
O004479,C02084,2023-11-19,Completed,0
O004480,C02085,2023-11-20,Completed,15
O004481,C02085,2024-08-03,Completed,0
O004482,C02085,2024-08-30,Completed,10
O004483,C02085,2024-09-15,Completed,10
O004484,C02086,2023-11-19,Completed,0
O004485,C02087,2023-11-18,Completed,0
O004486,C02087,2024-03-11,Completed,0
O004487,C02088,2023-11-19,Completed,30
O004488,C02089,2023-11-20,Completed,0
O004489,C02089,2023-12-08,Completed,20
O004490,C02090,2023-11-19,Completed,0
O004491,C02091,2023-11-20,Completed,0
O004492,C02091,2024-01-02,Completed,0
O004493,C02092,2023-11-20,Completed,15
O004494,C02092,2023-12-02,Completed,20
O004495,C02092,2024-05-26,Completed,10
O004496,C02092,2024-12-01,Completed,30
O004497,C02093,2023-11-20,Completed,20
O004498,C02093,2024-03-17,Completed,0
O004499,C02094,2023-11-20,Completed,20
O004500,C02095,2023-11-18,Completed,0
O004501,C02096,2023-11-19,Completed,20
O004502,C02097,2023-11-19,Completed,20
O004503,C02098,2023-11-21,Completed,20
O004504,C02099,2023-11-19,Completed,10
O004505,C02100,2023-11-21,Completed,10
O004506,C02100,2023-12-04,Completed,0
O004507,C02101,2023-11-19,Completed,15
O004508,C02102,2023-11-21,Completed,30
O004509,C02103,2023-11-20,Completed,0
O004510,C02103,2023-12-22,Completed,30
O004511,C02103,2024-02-09,Completed,0
O004512,C02104,2023-11-19,Cancelled,15
O004513,C02104,2023-12-21,Completed,10
O004514,C02104,2024-08-17,Completed,0
O004515,C02104,2024-09-11,Completed,20
O004516,C02104,2024-11-20,Completed,30
O004517,C02104,2024-11-23,Completed,20
O004517,C02104,2024-11-23,Completed,20
O004518,C02105,2023-11-20,Completed,30
O004519,C02106,2023-11-19,Completed,30
O004520,C02107,2023-11-22,Cancelled,30
O004521,C02108,2023-11-22,Completed,0
O004522,C02109,2023-11-20,Completed,0
O004523,C02110,2023-11-22,Completed,30
O004524,C02111,2023-11-22,Completed,30
O004525,C02111,2024-02-29,Completed,10
O004526,C02111,2024-05-06,Completed,0
O004527,C02112,2023-11-21,Completed,0
O004528,C02112,2024-04-11,Completed,0
O004529,C02112,2024-04-20,Completed,0
O004530,C02112,2024-07-30,Completed,0
O004531,C02112,2024-11-04,Completed,15
O004532,C02112,2024-11-11,Completed,10
O004533,C02113,2023-11-20,Completed,0
O004534,C02114,2023-11-22,Cancelled,20
O004535,C02115,2023-11-22,Completed,0
O004536,C02116,2023-11-21,Completed,0
O004537,C02116,2023-12-06,Completed,10
O004538,C02116,2023-12-12,Completed,0
O004539,C02117,2023-11-20,Completed,20
O004540,C02118,2023-11-23,Completed,0
O004541,C02119,2023-11-23,Completed,20
O004542,C02119,2023-12-24,Completed,10
O004543,C02119,2024-05-26,Completed,15
O004544,C02119,2024-06-21,Completed,0
O004545,C02120,2023-11-23,Completed,30
O004546,C02120,2024-02-09,Completed,15
O004546,C02120,2024-02-09,Completed,15
O004547,C02120,2024-10-31,Completed,0
O004548,C02120,20-Nov-2024,Completed,15
O004549,C02120,2024-12-05,Completed,20
O004550,C02121,2023-11-23,Completed,0
O004551,C02121,2024-04-14,Completed,0
O004552,C02122,2023-11-22,Completed,30
O004553,C02122,2024-03-28,Completed,20
O004554,C02123,2023-11-23,Completed,0
O004555,C02123,2023-12-01,Completed,10
O004556,C02124,2023-11-21,Completed,0
O004557,C02125,23-Nov-2023,Completed,0
O004558,C02126,2023-11-22,Completed,0
O004559,C02127,2023-11-21,Completed,0
O004560,C02128,2023-11-21,Completed,0
O004561,C02128,2024-07-24,Completed,10
O004562,C02128,2024-09-18,Completed,0
O004563,C02128,2024-09-21,Completed,0
O004564,C02128,2024-11-11,Completed,15
O004565,C02129,2023-11-21,Completed,20
O004566,C02130,2023-11-23,Completed,30
O004567,C02130,2023-12-08,Completed,20
O004568,C02131,2023-11-21,Completed,0
O004569,C02132,2023-11-22,Completed,20
O004570,C02133,2023-11-24,Completed,30
O004571,C02133,2024-05-25,Completed,15
O004572,C02134,2023-11-24,Completed,20
O004573,C02134,2023-12-26,Completed,0
O004574,C02135,2023-11-22,Completed,0
O004575,C02136,2023-11-24,Completed,15
O004576,C02136,2024-02-11,Completed,0
O004577,C02137,2023-11-23,Completed,10
O004578,C02137,2023-12-04,Completed,0
O004579,C02138,2023-11-22,Completed,30
O004580,C02139,2023-11-24,Completed,20
O004581,C02139,2024-08-03,Completed,15
O004582,C02139,2024-08-21,Completed,0
O004583,C02139,2024-12-24,Cancelled,0
O004584,C02140,2023-11-22,Cancelled,0
O004585,C02141,2023-11-24,Completed,15
O004586,C02142,2023-11-22,Completed,0
O004587,C02142,2023-12-24,Cancelled,0
O004588,C02142,2024-01-31,Completed,0
O004589,C02142,2024-03-08,Completed,0
O004590,C02142,2024-03-12,Completed,0
O004591,C02142,2024-12-01,Completed,30
O004592,C02143,2023-11-23,Completed,0
O004593,C02143,2024-01-08,Completed,10
O004594,C02143,17-May-2024,Completed,0
O004595,C02143,2024-07-10,Completed,0
O004596,C02144,2023-11-23,Completed,15
O004597,C02145,2023-11-23,Completed,10
O004598,C02145,2024-01-05,Completed,15
O004599,C02145,2024-04-19,Completed,0
O004600,C02145,2024-07-23,Completed,0
O004601,C02146,2023-11-23,Completed,15
O004602,C02147,2023-11-25,Completed,20
O004603,C02148,2023-11-23,Completed,30
O004604,C02149,2023-11-23,Completed,0
O004605,C02150,2023-11-25,Completed,0
O004606,C02150,2023-12-23,Completed,0
O004607,C02151,2023-11-24,Completed,20
O004608,C02151,2023-11-28,Completed,0
O004609,C02151,2024-02-19,Completed,10
O004610,C02152,2023-11-25,Completed,0
O004611,C02152,2024-07-09,Completed,10
O004612,C02152,2024-08-07,Completed,0
O004613,C02153,2023-11-24,Completed,10
O004614,C02153,2024-03-18,Completed,10
O004615,C02154,2023-11-23,Completed,10
O004616,C02154,2024-04-03,Completed,10
O004617,C02155,2023-11-25,Completed,0
O004618,C02155,2024-01-01,Completed,0
O004619,C02155,2024-05-30,Completed,0
O004620,C02156,2023-11-24,Completed,20
O004621,C02156,2024-04-12,Completed,0
O004622,C02156,2024-04-23,Completed,15
O004623,C02157,2023-11-26,Completed,10
O004624,C02157,2024-02-06,Completed,0
O004625,C02157,2024-02-23,Completed,10
O004626,C02157,2024-02-26,Completed,0
O004627,C02157,2024-07-23,Completed,0
O004628,C02157,2024-08-11,Completed,0
O004629,C02157,2024-12-16,Completed,20
O004630,C02158,2023-11-26,Completed,0
O004631,C02159,25-Nov-2023,Completed,20
O004632,C02159,2023-12-23,Completed,0
O004633,C02160,2023-11-25,Completed,20
O004634,C02161,2023-11-25,Completed,0
O004635,C02161,2023-12-07,Completed,20
O004636,C02161,2024-06-12,Completed,0
O004637,C02161,2024-08-05,Completed,0
O004637,C02161,2024-08-05,Completed,0
O004638,C02162,2023-11-25,Completed,10
O004639,C02163,2023-11-24,Completed,20
O004640,C02163,2024-08-20,Completed,10
O004641,C02163,2024-10-08,Completed,20
O004642,C02163,2024-11-04,Completed,15
O004643,C02164,2023-11-25,Completed,0
O004644,C02164,2024-02-03,Completed,0
O004645,C02164,2024-03-01,Completed,15
O004646,C02165,2023-11-27,Completed,0
O004647,C02166,2023-11-26,Completed,0
O004648,C02167,2023-11-25,Completed,15
O004649,C02167,2024-01-16,Completed,0
O004650,C02168,2023-11-25,Completed,0
O004651,C02168,2024-03-01,Completed,20
O004652,C02168,2024-08-21,Completed,0
O004653,C02168,2024-10-02,Completed,15
O004654,C02169,2023-11-26,Completed,0
O004655,C02169,2023-12-14,Completed,0
O004656,C02169,2024-03-11,Completed,0
O004657,C02169,2024-03-30,Completed,10
O004658,C02170,26-Nov-2023,Completed,0
O004659,C02171,2023-11-25,Completed,0
O004660,C02171,2023-12-05,Completed,0
O004661,C02171,2024-07-21,Completed,0
O004662,C02171,2024-07-25,Completed,0
O004663,C02171,2024-07-29,Completed,0
O004664,C02171,2024-09-20,Completed,0
O004665,C02171,2024-11-26,Completed,20
O004666,C02171,2024-12-12,Completed,20
O004667,C02171,2024-12-16,Completed,0
O004668,C02171,2024-12-21,Completed,15
O004669,C02172,2023-11-27,Completed,10
O004670,C02172,2023-12-16,Completed,20
O004671,C02172,2023-12-27,Completed,10
O004672,C02172,2024-01-18,Completed,20
O004673,C02173,2023-11-25,Completed,0
O004674,C02174,2023-11-26,Completed,0
O004675,C02175,2023-11-25,Completed,30
O004676,C02176,2023-11-27,Completed,20
O004677,C02176,2024-01-05,Completed,0
O004678,C02176,2024-03-05,Completed,20
O004679,C02176,2024-03-12,Completed,0
O004680,C02177,2023-11-27,Completed,20
O004681,C02177,2024-01-12,Completed,10
O004682,C02177,2024-03-21,Completed,0
O004683,C02177,2024-06-08,Completed,0
O004684,C02177,2024-12-31,Completed,30
O004685,C02178,2023-11-27,Completed,15
O004686,C02178,2024-12-27,Completed,20
O004687,C02179,2023-11-28,Completed,20
O004688,C02180,2023-11-28,Completed,30
O004689,C02181,2023-11-26,Completed,0
O004690,C02182,2023-11-27,Completed,30
O004691,C02182,2024-06-26,Completed,15
O004692,C02182,2024-07-04,Completed,0
O004693,C02182,2024-07-20,Completed,0
O004694,C02183,2023-11-26,Completed,20
O004695,C02183,2023-12-06,Completed,30
O004696,C02184,2023-11-27,Completed,10
O004697,C02184,2024-08-19,Completed,0
O004698,C02184,2024-11-11,Completed,10
O004699,C02185,2023-11-29,Completed,0
O004700,C02185,2023-12-29,Completed,10
O004701,C02186,2023-11-29,Completed,0
O004702,C02187,2023-11-27,Completed,0
O004703,C02188,2023-11-29,Completed,10
O004704,C02189,2023-11-29,Completed,10
O004705,C02190,2023-11-27,Completed,20
O004706,C02191,2023-11-29,Completed,30
O004707,C02192,2023-11-29,Completed,10
O004708,C02193,2023-11-28,Completed,0
O004709,C02193,2023-12-20,Completed,10
O004710,C02193,2024-02-23,Completed,0
O004711,C02193,2024-04-24,Completed,0
O004712,C02193,2024-09-24,Completed,0
O004713,C02194,2023-11-29,Completed,0
O004714,C02194,2024-03-12,Completed,0
O004715,C02195,2023-11-28,Completed,10
O004716,C02196,2023-11-29,Completed,15
O004717,C02197,2023-11-27,Completed,0
O004718,C02198,2023-11-28,Completed,30
O004719,C02198,2024-06-26,Completed,0
O004720,C02199,2023-11-30,Completed,0
O004721,C02199,12-Jan-2024,Completed,0
O004722,C02200,2023-11-30,Completed,30
O004723,C02200,2024-01-07,Completed,0
O004724,C02200,2024-01-15,Completed,0
O004725,C02201,2023-11-30,Completed,15
O004726,C02202,2023-11-29,Completed,10
O004727,C02203,2023-11-29,Completed,15
O004728,C02204,2023-11-28,Completed,10
O004729,C02205,2023-11-28,Completed,0
O004730,C02205,2023-12-14,Completed,0
O004731,C02206,2023-11-30,Completed,0
O004732,C02207,2023-11-30,Completed,0
O004733,C02207,2024-01-05,Completed,0
O004734,C02207,2024-02-08,Completed,0
O004735,C02208,2023-11-29,Completed,0
O004736,C02209,2023-11-29,Completed,10
O004737,C02210,2023-11-29,Completed,20
O004738,C02210,2024-01-18,Completed,15
O004739,C02211,2023-11-29,Completed,20
O004740,C02212,2023-11-29,Completed,10
O004741,C02213,2023-12-01,Completed,20
O004742,C02214,2023-11-29,Completed,15
O004743,C02214,2024-01-08,Completed,0
O004744,C02215,2023-11-29,Completed,0
O004745,C02216,2023-12-01,Completed,20
O004746,C02217,2023-11-30,Completed,0
O004747,C02217,23-Dec-2023,Completed,0
O004748,C02218,2023-12-01,Completed,0
O004749,C02219,2023-11-30,Completed,0
O004750,C02220,2023-12-01,Completed,30
O004751,C02221,2023-12-01,Completed,15
O004752,C02221,2023-12-06,Completed,20
O004753,C02221,2024-07-29,Completed,10
O004754,C02221,2024-10-25,Completed,20
O004755,C02222,2023-12-02,Completed,20
O004756,C02222,2023-12-16,Completed,0
O004757,C02222,2024-07-29,Completed,0
O004758,C02222,2024-11-23,Completed,10
O004759,C02223,2023-11-30,Completed,30
O004760,C02223,2023-12-08,Completed,15
O004761,C02223,2023-12-09,Completed,0
O004762,C02224,2023-11-30,Completed,0
O004763,C02225,2023-11-30,Completed,20
O004764,C02226,2023-11-30,Completed,10
O004765,C02226,2023-12-09,Completed,30
O004766,C02226,2024-02-23,Completed,0
O004767,C02226,2024-05-20,Completed,15
O004768,C02226,2024-06-27,Completed,0
O004769,C02227,2023-12-02,Completed,10
O004770,C02227,2023-12-11,Completed,20
O004771,C02228,2023-12-01,Completed,30
O004772,C02229,2023-12-02,Completed,0
O004773,C02230,2023-12-02,Completed,15
O004774,C02230,2023-12-07,Completed,20
O004775,C02230,2023-12-08,Completed,20
O004776,C02231,2023-12-03,Completed,30
O004777,C02231,2023-12-14,Completed,0
O004778,C02232,2023-12-01,Completed,20
O004778,C02232,2023-12-01,Completed,20
O004779,C02232,2024-01-07,Completed,0
O004780,C02232,2024-01-18,Completed,0
O004781,C02232,2024-01-23,Completed,0
O004782,C02233,2023-12-03,Completed,15
O004783,C02234,2023-12-04,Completed,10
O004784,C02235,2023-12-04,Completed,10
O004785,C02235,2024-02-10,Completed,0
O004786,C02235,2024-02-15,Completed,0
O004787,C02236,2023-12-04,Completed,0
O004788,C02236,2024-03-05,Completed,0
O004789,C02237,2023-12-03,Completed,20
O004790,C02237,2023-12-18,Completed,0
O004791,C02237,2024-06-29,Completed,15
O004792,C02238,2023-12-02,Completed,10
O004793,C02239,2023-12-04,Completed,0
O004794,C02240,02-Dec-2023,Completed,15
O004795,C02241,2023-12-02,Completed,10
O004796,C02242,2023-12-03,Completed,15
O004797,C02243,2023-12-02,Completed,10
O004798,C02244,2023-12-02,Completed,0
O004799,C02244,2024-06-27,Completed,0
O004800,C02245,2023-12-03,Completed,0
O004801,C02246,2023-12-05,Completed,20
O004802,C02246,2024-01-12,Completed,0
O004803,C02246,2024-04-20,Completed,10
O004804,C02247,2023-12-05,Completed,20
O004805,C02248,2023-12-03,Completed,0
O004806,C02248,2024-01-21,Completed,0
O004807,C02249,2023-12-03,Completed,30
O004808,C02250,2023-12-03,Completed,10
O004809,C02251,2023-12-04,Completed,10
O004810,C02251,2024-01-12,Completed,0
O004811,C02252,2023-12-03,Completed,10
O004812,C02253,2023-12-03,Completed,15
O004813,C02253,2024-02-18,Completed,0
O004814,C02253,2024-03-16,Completed,0
O004815,C02253,2024-03-17,Completed,15
O004816,C02253,2024-04-06,Completed,0
O004817,C02254,2023-12-03,Completed,0
O004818,C02255,2023-12-05,Completed,30
O004819,C02255,2023-12-21,Completed,30
O004820,C02255,2024-02-09,Completed,0
O004821,C02255,2024-02-26,Completed,0
O004822,C02255,2024-03-03,Completed,10
O004823,C02256,2023-12-03,Completed,10
O004824,C02256,2024-05-24,Completed,20
O004825,C02256,2024-06-09,Completed,20
O004826,C02256,2024-06-28,Completed,10
O004827,C02257,2023-12-03,Completed,0
O004828,C02257,2024-01-06,Completed,0
O004829,C02258,2023-12-04,Completed,0
O004830,C02258,2024-05-07,Completed,0
O004831,C02259,2023-12-04,Completed,30
O004832,C02260,2023-12-06,Completed,20
O004833,C02260,2023-12-18,Completed,0
O004834,C02261,2023-12-05,Completed,30
O004835,C02261,2024-03-14,Completed,15
O004836,C02262,2023-12-04,Completed,30
O004837,C02262,2024-04-09,Completed,0
O004838,C02262,2024-04-10,Completed,20
O004839,C02263,2023-12-05,Completed,10
O004840,C02264,2023-12-04,Completed,10
O004841,C02265,2023-12-06,Completed,0
O004842,C02265,2024-01-27,Completed,30
O004843,C02265,2024-05-27,Completed,0
O004844,C02265,2024-09-14,Completed,0
O004845,C02265,2024-12-14,Completed,15
O004846,C02266,2023-12-06,Completed,10
O004847,C02266,2024-06-19,Completed,0
O004848,C02266,2024-11-02,Completed,10
O004849,C02266,2024-11-07,Completed,15
O004850,C02266,2024-11-14,Completed,0
O004851,C02267,2023-12-04,Completed,10
O004852,C02267,2024-02-15,Completed,10
O004853,C02267,2024-03-30,Completed,10
O004854,C02267,2024-06-29,Completed,0
O004855,C02268,2023-12-06,Completed,15
O004856,C02269,2023-12-04,Completed,10
O004857,C02269,2023-12-12,Completed,30
O004858,C02269,01-Jan-2024,Completed,0
O004859,C02269,2024-01-24,Completed,0
O004860,C02270,2023-12-06,Completed,15
O004861,C02270,2024-05-11,Completed,0
O004862,C02271,2023-12-06,Completed,0
O004863,C02272,2023-12-06,Completed,30
O004864,C02273,2023-12-07,Completed,30
O004865,C02273,2023-12-28,Completed,0
O004866,C02274,2023-12-07,Completed,0
O004867,C02274,2024-03-07,Completed,0
O004868,C02274,2024-03-18,Completed,0
O004869,C02274,2024-04-20,Cancelled,15
O004870,C02275,2023-12-07,Completed,20
O004871,C02275,2024-01-10,Completed,0
O004872,C02275,2024-04-22,Completed,0
O004873,C02275,2024-05-08,Cancelled,0
O004874,C02275,2024-07-16,Completed,0
O004875,C02275,2024-09-04,Completed,15
O004876,C02276,2023-12-07,Completed,20
O004877,C02276,2023-12-09,Completed,0
O004878,C02276,2023-12-12,Completed,0
O004879,C02277,2023-12-06,Completed,30
O004880,C02278,2023-12-07,Completed,15
O004881,C02278,2024-01-28,Completed,0
O004881,C02278,2024-01-28,Completed,0
O004882,C02278,2024-03-06,Completed,0
O004883,C02278,2024-07-03,Completed,30
O004884,C02278,2024-08-21,Completed,0
O004885,C02279,2023-12-06,Completed,0
O004886,C02280,2023-12-07,Completed,10
O004887,C02280,2023-12-08,Completed,0
O004888,C02281,2023-12-07,Completed,20
O004889,C02281,2023-12-21,Completed,10
O004890,C02282,06-Dec-2023,Completed,10
O004891,C02283,2023-12-06,Completed,0
O004892,C02284,2023-12-06,Completed,15
O004893,C02285,2023-12-06,Completed,0
O004894,C02285,2024-04-26,Completed,10
O004895,C02285,2024-05-01,Completed,0
O004896,C02286,2023-12-08,Completed,0
O004897,C02287,2023-12-07,Completed,20
O004898,C02288,2023-12-07,Completed,0
O004899,C02288,2024-09-29,Completed,0
O004900,C02289,2023-12-08,Completed,0
O004901,C02290,2023-12-08,Completed,20
O004902,C02291,2023-12-07,Completed,30
O004903,C02292,2023-12-08,Completed,0
O004904,C02292,2023-12-24,Completed,15
O004905,C02292,2024-02-02,Completed,10
O004906,C02292,2024-03-04,Completed,0
O004907,C02292,2024-03-19,Completed,0
O004908,C02292,2024-04-11,Completed,0
O004909,C02292,2024-04-15,Completed,0
O004910,C02292,2024-04-21,Completed,0
O004911,C02292,2024-04-24,Completed,15
O004912,C02293,2023-12-09,Completed,0
O004913,C02293,2024-01-25,Completed,15
O004914,C02293,2024-06-05,Completed,0
O004915,C02293,2024-10-14,Completed,10
O004916,C02294,2023-12-09,Completed,30
O004917,C02295,2023-12-09,Completed,0
O004918,C02296,2023-12-08,Completed,15
O004919,C02297,2023-12-09,Completed,15
O004920,C02298,2023-12-07,Completed,10
O004921,C02298,2023-12-13,Completed,0
O004922,C02299,2023-12-07,Completed,0
O004923,C02299,2024-01-06,Completed,0
O004924,C02299,2024-06-05,Completed,0
O004925,C02300,2023-12-08,Completed,0
O004926,C02300,2024-05-22,Completed,20
O004927,C02300,2024-07-18,Completed,0
O004928,C02300,2024-09-01,Completed,0
O004929,C02300,2024-10-30,Completed,30
O004930,C02300,2024-12-06,Completed,0
O004931,C02301,2023-12-09,Completed,10
O004932,C02301,2023-12-17,Completed,0
O004933,C02301,2024-02-11,Completed,0
O004934,C02301,2024-05-14,Completed,0
O004935,C02302,2023-12-10,Completed,30
O004936,C02303,2023-12-08,Completed,15
O004937,C02304,2023-12-10,Completed,0
O004938,C02304,2023-12-22,Completed,0
O004939,C02305,2023-12-10,Completed,15
O004940,C02306,2023-12-08,Completed,0
O004941,C02307,2023-12-09,Completed,10
O004942,C02307,2024-02-16,Completed,0
O004943,C02307,2024-02-23,Completed,20
O004944,C02308,2023-12-10,Completed,20
O004945,C02308,2024-02-18,Cancelled,0
O004946,C02308,2024-04-17,Completed,0
O004947,C02308,2024-04-20,Completed,0
O004948,C02309,2023-12-10,Completed,30
O004949,C02309,2024-01-05,Completed,0
O004950,C02310,2023-12-08,Completed,20
O004951,C02311,2023-12-10,Completed,0
O004952,C02312,2023-12-08,Completed,10
O004953,C02313,2023-12-10,Completed,0
O004954,C02314,2023-12-10,Completed,10
O004955,C02314,2024-12-19,Completed,10
O004956,C02315,2023-12-08,Completed,0
O004957,C02315,2024-11-06,Completed,0
O004958,C02315,2024-11-24,Completed,30
O004959,C02316,2023-12-10,Completed,20
O004960,C02316,2023-12-26,Completed,30
O004961,C02316,2024-01-11,Completed,0
O004962,C02316,2024-04-16,Completed,20
O004963,C02317,2023-12-09,Completed,0
O004964,C02318,2023-12-10,Completed,10
O004965,C02319,2023-12-09,Completed,15
O004966,C02319,2024-05-24,Completed,0
O004967,C02319,2024-08-15,Completed,0
O004968,C02320,2023-12-09,Completed,30
O004969,C02320,2024-02-01,Completed,0
O004970,C02321,2023-12-09,Cancelled,20
O004971,C02321,2023-12-31,Completed,15
O004972,C02322,2023-12-11,Completed,10
O004973,C02323,2023-12-09,Completed,0
O004974,C02324,2023-12-11,Completed,0
O004975,C02324,2023-12-30,Completed,30
O004976,C02325,2023-12-09,Completed,10
O004977,C02325,2024-06-14,Completed,0
O004978,C02325,2024-06-30,Completed,20
O004979,C02326,2023-12-09,Completed,0
O004980,C02327,2023-12-11,Completed,15
O004981,C02327,2024-01-08,Completed,0
O004982,C02327,2024-02-22,Cancelled,10
O004983,C02327,2024-07-03,Completed,30
O004984,C02327,2024-09-07,Completed,0
O004985,C02328,2023-12-09,Completed,20
O004986,C02328,2024-04-06,Completed,0
O004987,C02329,2023-12-10,Completed,0
O004988,C02330,2023-12-10,Completed,0
O004989,C02330,2024-03-27,Completed,0
O004990,C02330,10-Jun-2024,Completed,0
O004991,C02330,2024-07-15,Completed,20
O004992,C02330,2024-08-12,Completed,10
O004993,C02330,2024-08-25,Completed,15
O004994,C02331,2023-12-10,Completed,0
O004995,C02331,2023-12-24,Completed,10
O004996,C02332,2023-12-10,Completed,0
O004997,C02333,2023-12-10,Completed,10
O004998,C02333,2024-01-28,Completed,0
O004999,C02333,2024-03-22,Completed,10
O005000,C02334,2023-12-11,Completed,0
O005001,C02334,2023-12-29,Completed,0
O005002,C02334,2024-01-09,Completed,0
O005003,C02334,2024-03-24,Completed,0
O005004,C02335,2023-12-12,Completed,20
O005005,C02335,2024-05-07,Completed,30
O005006,C02335,2024-07-28,Completed,15
O005007,C02336,10-Dec-2023,Completed,30
O005008,C02336,2023-12-24,Completed,10
O005009,C02337,2023-12-10,Completed,0
O005010,C02337,2024-02-23,Completed,0
O005011,C02338,2023-12-12,Completed,0
O005012,C02339,2023-12-12,Completed,30
O005013,C02339,2024-01-21,Completed,0
O005014,C02340,2023-12-11,Completed,0
O005015,C02341,2023-12-11,Completed,10
O005016,C02342,2023-12-11,Completed,0
O005017,C02343,2023-12-11,Completed,0
O005018,C02343,2024-01-07,Completed,0
O005019,C02344,2023-12-12,Completed,10
O005020,C02344,2024-05-02,Completed,10
O005021,C02345,2023-12-12,Completed,30
O005022,C02345,2023-12-23,Completed,10
O005023,C02345,2024-01-04,Completed,0
O005024,C02345,2024-04-09,Completed,0
O005025,C02346,2023-12-11,Completed,0
O005026,C02346,2024-05-22,Completed,15
O005027,C02347,13-Dec-2023,Completed,0
O005028,C02347,2024-02-12,Completed,0
O005029,C02347,2024-05-18,Completed,0
O005030,C02348,2023-12-12,Completed,20
O005031,C02348,2024-04-11,Completed,0
O005032,C02349,2023-12-11,Completed,10
O005033,C02349,2023-12-19,Completed,15
O005034,C02350,2023-12-13,Completed,20
O005035,C02351,2023-12-11,Completed,0
O005036,C02352,2023-12-13,Completed,0
O005037,C02353,2023-12-12,Completed,15
O005038,C02353,2024-02-17,Completed,0
O005039,C02353,2024-07-16,Completed,0
O005040,C02353,2024-07-22,Completed,0
O005041,C02353,2024-07-24,Completed,0
O005042,C02353,08-Sep-2024,Completed,10
O005043,C02353,2024-09-28,Completed,0
O005044,C02354,2023-12-12,Completed,20
O005045,C02355,2023-12-12,Completed,10
O005046,C02355,2024-04-04,Completed,10
O005047,C02356,2023-12-12,Completed,30
O005048,C02356,2024-06-05,Completed,0
O005049,C02356,2024-10-14,Completed,20
O005050,C02356,2024-11-08,Completed,0
O005051,C02357,2023-12-13,Cancelled,10
O005052,C02358,2023-12-12,Completed,15
O005053,C02358,2024-02-02,Completed,0
O005054,C02358,2024-03-29,Completed,10
O005055,C02358,2024-04-22,Completed,0
O005056,C02358,2024-07-12,Completed,0
O005057,C02359,2023-12-13,Completed,10
O005058,C02360,2023-12-13,Completed,10
O005059,C02361,2023-12-12,Completed,15
O005060,C02362,2023-12-14,Completed,20
O005061,C02362,2024-01-15,Completed,15
O005062,C02363,2023-12-14,Completed,0
O005063,C02363,2024-02-01,Completed,10
O005064,C02363,2024-02-10,Completed,0
O005065,C02364,13-Dec-2023,Completed,0
O005066,C02365,2023-12-12,Completed,10
O005067,C02365,2023-12-14,Completed,30
O005068,C02366,2023-12-13,Completed,0
O005069,C02366,2023-12-26,Completed,30
O005070,C02367,2023-12-15,Completed,0
O005071,C02367,2024-01-08,Completed,0
O005072,C02368,2023-12-15,Completed,15
O005073,C02369,2023-12-14,Completed,20
O005074,C02369,2024-01-19,Completed,0
O005075,C02369,2024-01-22,Completed,0
O005076,C02369,2024-01-31,Completed,10
O005077,C02370,2023-12-15,Completed,10
O005078,C02371,2023-12-15,Completed,0
O005079,C02371,2023-12-18,Completed,0
O005080,C02371,2023-12-30,Completed,10
O005081,C02372,2023-12-13,Completed,0
O005082,C02372,2024-02-14,Completed,10
O005083,C02373,2023-12-15,Completed,20
O005084,C02373,2023-12-21,Completed,10
O005085,C02373,2024-02-20,Completed,0
O005086,C02373,2024-02-29,Completed,30
O005087,C02374,2023-12-15,Completed,20
O005088,C02374,2024-01-04,Completed,0
O005089,C02374,08-Jan-2024,Completed,15
O005090,C02374,2024-04-10,Completed,0
O005091,C02375,2023-12-15,Completed,0
O005092,C02376,2023-12-14,Completed,20
O005093,C02376,2023-12-17,Completed,0
O005094,C02376,2023-12-20,Completed,30
O005095,C02376,30-Jun-2024,Completed,0
O005096,C02377,2023-12-14,Completed,0
O005097,C02377,2024-03-12,Completed,20
O005098,C02377,2024-05-19,Completed,0
O005099,C02378,2023-12-16,Completed,20
O005100,C02379,2023-12-14,Completed,10
O005101,C02380,2023-12-15,Completed,10
O005102,C02381,2023-12-15,Completed,10
O005103,C02381,2023-12-22,Completed,0
O005104,C02382,2023-12-14,Completed,20
O005105,C02383,2023-12-14,Completed,0
O005106,C02384,2023-12-14,Cancelled,10
O005107,C02385,2023-12-14,Completed,10
O005108,C02386,2023-12-14,Completed,30
O005109,C02387,2023-12-14,Completed,20
O005110,C02387,2024-04-27,Completed,0
O005111,C02387,2024-09-20,Completed,20
O005112,C02387,2024-10-02,Completed,15
O005113,C02388,2023-12-16,Completed,10
O005114,C02388,2024-02-09,Completed,0
O005115,C02388,2024-03-15,Completed,0
O005116,C02388,2024-04-02,Completed,0
O005117,C02388,2024-09-02,Completed,0
O005118,C02389,2023-12-16,Completed,20
O005119,C02390,2023-12-17,Completed,0
O005120,C02390,2023-12-28,Completed,10
O005121,C02390,2024-03-09,Completed,10
O005122,C02391,2023-12-15,Completed,15
O005123,C02392,2023-12-16,Completed,15
O005124,C02392,2024-02-11,Completed,0
O005125,C02392,2024-04-25,Completed,10
O005126,C02392,2024-07-15,Completed,15
O005127,C02393,2023-12-15,Completed,0
O005128,C02394,2023-12-15,Completed,20
O005128,C02394,2023-12-15,Completed,20
O005129,C02395,2023-12-17,Completed,10
O005130,C02396,16-Dec-2023,Completed,30
O005131,C02397,2023-12-15,Completed,30
O005132,C02398,2023-12-16,Completed,0
O005133,C02398,2024-02-23,Cancelled,0
O005134,C02399,2023-12-17,Completed,0
O005135,C02399,2024-04-03,Completed,0
O005136,C02399,11-Apr-2024,Completed,0
O005137,C02399,2024-06-05,Completed,10
O005138,C02400,2023-12-15,Completed,0
O005139,C02400,2024-01-08,Completed,20
O005140,C02401,2023-12-17,Completed,0
O005141,C02401,2023-12-31,Completed,0
O005142,C02401,2024-05-14,Completed,10
O005143,C02402,2023-12-17,Completed,0
O005144,C02403,2023-12-15,Completed,0
O005145,C02403,2024-12-23,Completed,15
O005146,C02404,2023-12-16,Completed,15
O005147,C02405,2023-12-16,Completed,10
O005148,C02405,2024-03-02,Completed,20
O005149,C02405,2024-06-21,Completed,0
O005150,C02405,2024-08-31,Completed,10
O005151,C02405,2024-11-29,Completed,0
O005152,C02405,2024-12-08,Completed,10
O005153,C02405,2024-12-14,Completed,30
O005154,C02405,2024-12-16,Completed,0
O005155,C02406,2023-12-17,Completed,0
O005156,C02407,2023-12-17,Completed,0
O005157,C02408,2023-12-18,Completed,10
O005158,C02408,2024-05-01,Completed,15
O005159,C02409,2023-12-17,Completed,10
O005160,C02410,2023-12-16,Completed,0
O005161,C02411,2023-12-18,Completed,0
O005162,C02412,2023-12-16,Completed,0
O005163,C02412,2024-01-04,Completed,20
O005164,C02412,2024-07-28,Completed,0
O005165,C02412,2024-12-24,Completed,20
O005166,C02413,2023-12-18,Completed,0
O005167,C02413,2024-04-24,Completed,0
O005168,C02413,2024-06-02,Completed,0
O005169,C02413,2024-06-13,Completed,0
O005170,C02413,2024-07-08,Completed,10
O005171,C02414,2023-12-17,Completed,20
O005172,C02415,2023-12-17,Completed,10
O005173,C02415,2024-08-01,Completed,0
O005174,C02415,2024-08-09,Completed,0
O005175,C02416,2023-12-18,Completed,0
O005176,C02416,2024-03-01,Completed,15
O005177,C02417,2023-12-17,Completed,20
O005178,C02418,2023-12-18,Completed,0
O005179,C02418,2024-02-22,Completed,10
O005180,C02419,2023-12-17,Completed,20
O005181,C02419,2024-04-04,Completed,20
O005182,C02420,2023-12-18,Completed,0
O005183,C02421,2023-12-17,Completed,15
O005184,C02422,2023-12-17,Completed,15
O005185,C02422,2024-04-27,Completed,20
O005186,C02422,2024-10-09,Completed,15
O005187,C02423,2023-12-18,Completed,0
O005188,C02423,2024-01-24,Completed,0
O005189,C02423,2024-04-07,Completed,10
O005190,C02423,2024-05-16,Completed,0
O005191,C02424,2023-12-19,Completed,0
O005192,C02424,2024-04-22,Completed,0
O005193,C02425,2023-12-18,Completed,30
O005194,C02426,2023-12-18,Completed,0
O005195,C02426,2024-01-18,Completed,0
O005196,C02427,2023-12-19,Completed,20
O005197,C02428,2023-12-18,Completed,15
O005198,C02428,2024-01-10,Completed,0
O005199,C02428,2024-07-12,Completed,0
O005200,C02428,2024-07-29,Completed,15
O005201,C02428,2024-11-02,Completed,0
O005202,C02429,2023-12-19,Completed,0
O005203,C02429,2024-07-14,Completed,20
O005204,C02429,2024-09-30,Completed,0
O005205,C02429,2024-12-30,Completed,10
O005206,C02430,2023-12-18,Completed,10
O005207,C02431,2023-12-19,Completed,15
O005208,C02431,2024-09-28,Cancelled,0
O005209,C02432,2023-12-18,Completed,10
O005210,C02432,2024-06-25,Completed,10
O005211,C02432,2024-08-07,Completed,10
O005212,C02432,2024-08-14,Completed,0
O005213,C02433,2023-12-17,Completed,30
O005214,C02434,2023-12-18,Completed,0
O005215,C02435,2023-12-19,Completed,0
O005216,C02435,2024-02-17,Completed,15
O005217,C02436,2023-12-18,Completed,0
O005218,C02436,2024-01-16,Cancelled,0
O005219,C02437,2023-12-20,Completed,0
O005220,C02437,2024-06-30,Completed,0
O005221,C02437,2024-09-14,Completed,0
O005222,C02438,2023-12-18,Completed,10
O005223,C02439,2023-12-18,Completed,20
O005224,C02440,2023-12-20,Completed,0
O005225,C02440,2024-01-09,Completed,0
O005226,C02441,2023-12-18,Completed,20
O005227,C02442,2023-12-19,Completed,0
O005228,C02443,2023-12-20,Completed,0
O005229,C02443,2024-02-27,Completed,0
O005230,C02444,2023-12-21,Completed,0
O005231,C02444,2024-04-25,Completed,0
O005232,C02445,2023-12-21,Completed,10
O005233,C02445,2023-12-30,Cancelled,20
O005234,C02445,2024-01-19,Completed,0
O005235,C02445,2024-02-17,Completed,20
O005236,C02445,2024-03-08,Completed,0
O005237,C02446,2023-12-21,Completed,0
O005238,C02447,2023-12-19,Completed,0
O005239,C02448,2023-12-21,Completed,30
O005240,C02449,2023-12-21,Completed,0
O005241,C02450,2023-12-20,Completed,20
O005242,C02451,2023-12-19,Completed,10
O005243,C02451,2024-06-05,Completed,0
O005244,C02451,2024-08-19,Completed,15
O005245,C02451,2024-10-22,Completed,15
O005246,C02452,2023-12-19,Completed,0
O005247,C02452,2023-12-22,Completed,15
O005247,C02452,2023-12-22,Completed,15
O005248,C02452,2023-12-30,Completed,0
O005249,C02453,2023-12-19,Completed,0
O005250,C02453,2024-03-29,Completed,0
O005251,C02454,2023-12-19,Completed,0
O005252,C02454,2024-04-23,Completed,10
O005253,C02454,2024-08-30,Completed,0
O005254,C02455,2023-12-19,Completed,20
O005254,C02455,2023-12-19,Completed,20
O005255,C02456,2023-12-21,Completed,10
O005256,C02457,2023-12-22,Completed,10
O005257,C02458,2023-12-21,Completed,20
O005258,C02459,2023-12-20,Completed,20
O005259,C02460,2023-12-21,Completed,20
O005260,C02460,2024-01-02,Completed,0
O005261,C02461,2023-12-21,Completed,0
O005262,C02462,2023-12-22,Completed,0
O005263,C02462,2024-03-07,Completed,15
O005264,C02463,2023-12-21,Completed,0
O005265,C02464,2023-12-20,Completed,10
O005266,C02464,2024-02-09,Completed,0
O005267,C02465,2023-12-20,Completed,20
O005268,C02466,2023-12-20,Completed,30
O005269,C02466,2024-02-02,Completed,0
O005270,C02467,2023-12-22,Cancelled,0
O005271,C02468,2023-12-21,Completed,10
O005272,C02468,2024-03-27,Completed,0
O005273,C02468,2024-06-10,Completed,15
O005274,C02469,2023-12-21,Completed,0
O005275,C02469,2024-01-18,Completed,20
O005276,C02469,2024-05-05,Completed,0
O005277,C02470,2023-12-23,Completed,15
O005278,C02470,2024-03-26,Completed,0
O005279,C02470,2024-06-08,Completed,10
O005280,C02470,2024-06-11,Completed,0
O005281,C02471,2023-12-22,Completed,0
O005282,C02471,2024-02-21,Completed,0
O005283,C02471,2024-04-22,Completed,10
O005284,C02471,2024-05-18,Completed,0
O005285,C02471,2024-07-06,Completed,0
O005286,C02471,2024-08-15,Completed,0
O005287,C02472,2023-12-21,Completed,0
O005288,C02472,2023-12-26,Completed,30
O005289,C02473,2023-12-23,Completed,10
O005290,C02474,2023-12-23,Completed,0
O005291,C02475,2023-12-22,Completed,10
O005292,C02475,2023-12-30,Completed,10
O005293,C02476,2023-12-23,Completed,0
O005294,C02476,2024-01-01,Completed,0
O005295,C02476,2024-01-19,Completed,15
O005296,C02476,2024-01-24,Completed,0
O005297,C02476,2024-08-11,Completed,30
O005298,C02476,2024-10-23,Completed,10
O005299,C02477,2023-12-23,Completed,10
O005300,C02478,2023-12-22,Completed,0
O005301,C02478,2024-05-08,Completed,0
O005302,C02479,2023-12-24,Cancelled,0
O005303,C02479,2024-04-25,Completed,0
O005304,C02480,2023-12-22,Completed,15
O005305,C02480,2024-02-19,Completed,0
O005306,C02480,2024-12-26,Completed,15
O005307,C02481,2023-12-22,Completed,10
O005308,C02481,2024-10-10,Completed,0
O005309,C02482,2023-12-23,Completed,30
O005310,C02482,2024-05-19,Completed,0
O005311,C02483,2023-12-25,Completed,0
O005312,C02483,2024-01-21,Completed,0
O005313,C02484,2023-12-23,Completed,0
O005314,C02484,2024-02-12,Completed,20
O005315,C02485,2023-12-25,Completed,30
O005316,C02486,2023-12-24,Completed,0
O005317,C02487,2023-12-23,Completed,0
O005318,C02487,2024-02-22,Completed,0
O005319,C02487,2024-03-03,Completed,0
O005320,C02487,2024-11-27,Completed,0
O005321,C02488,2023-12-24,Completed,30
O005322,C02488,2024-05-12,Completed,15
O005323,C02488,2024-11-26,Completed,20
O005324,C02488,2024-12-18,Completed,0
O005325,C02489,2023-12-25,Completed,30
O005326,C02489,2024-04-08,Completed,0
O005327,C02490,2023-12-24,Completed,20
O005328,C02490,2024-03-25,Completed,20
O005329,C02491,2023-12-25,Cancelled,0
O005330,C02491,2024-07-25,Completed,0
O005331,C02492,2023-12-25,Completed,0
O005332,C02493,2023-12-23,Completed,0
O005333,C02494,2023-12-24,Completed,15
O005334,C02494,2024-05-31,Completed,15
O005335,C02495,2023-12-25,Completed,0
O005336,C02496,2023-12-24,Completed,0
O005337,C02496,2024-08-13,Completed,20
O005338,C02497,2023-12-25,Completed,30
O005339,C02497,2024-01-13,Completed,0
O005340,C02498,2023-12-26,Completed,10
O005341,C02499,2023-12-26,Completed,0
O005342,C02500,2023-12-25,Completed,0
O005343,C02501,2023-12-25,Completed,0
O005344,C02502,2023-12-24,Completed,0
O005345,C02503,2023-12-26,Completed,15
O005346,C02504,2023-12-24,Completed,0
O005347,C02505,2023-12-26,Completed,0
O005348,C02505,2024-04-09,Completed,0
O005349,C02506,2023-12-25,Completed,0
O005350,C02506,2024-01-03,Completed,0
O005351,C02507,2023-12-25,Completed,0
O005352,C02507,2024-02-19,Completed,0
O005353,C02508,2023-12-25,Completed,15
O005354,C02509,2023-12-25,Completed,0
O005355,C02510,2023-12-26,Completed,20
O005356,C02511,2023-12-27,Completed,20
O005357,C02512,2023-12-25,Completed,0
O005358,C02512,2024-01-28,Completed,15
O005359,C02512,2024-02-29,Completed,15
O005360,C02513,2023-12-26,Completed,15
O005361,C02513,2024-02-22,Completed,0
O005362,C02514,2023-12-27,Cancelled,0
O005363,C02515,2023-12-27,Completed,30
O005364,C02516,2023-12-25,Completed,0
O005365,C02516,26-Dec-2023,Completed,0
O005366,C02517,2023-12-25,Completed,30
O005367,C02518,2023-12-25,Completed,20
O005368,C02518,2024-10-17,Completed,10
O005369,C02519,2023-12-27,Completed,15
O005370,C02520,2023-12-25,Completed,30
O005371,C02521,2023-12-25,Completed,20
O005372,C02521,2024-01-21,Completed,0
O005373,C02521,2024-04-20,Cancelled,0
O005374,C02522,2023-12-26,Completed,15
O005375,C02523,2023-12-25,Completed,0
O005376,C02523,2024-01-22,Completed,0
O005377,C02524,2023-12-26,Completed,0
O005378,C02525,2023-12-26,Completed,30
O005379,C02526,25-Dec-2023,Completed,0
O005380,C02527,2023-12-26,Completed,0
O005381,C02527,2024-03-03,Completed,0
O005382,C02528,2023-12-26,Completed,20
O005383,C02528,2024-02-10,Completed,0
O005384,C02528,2024-03-03,Completed,10
O005385,C02528,2024-05-16,Completed,0
O005386,C02528,2024-07-13,Completed,15
O005387,C02528,2024-10-09,Completed,0
O005388,C02528,2024-10-18,Completed,0
O005389,C02528,2024-11-01,Completed,0
O005390,C02529,2023-12-26,Completed,10
O005391,C02529,2024-01-09,Completed,10
O005392,C02529,2024-02-24,Completed,0
O005393,C02530,2023-12-28,Completed,0
O005394,C02531,2023-12-28,Completed,0
O005395,C02531,2024-01-19,Completed,0
O005396,C02531,2024-02-25,Completed,10
O005397,C02532,2023-12-27,Completed,0
O005398,C02533,2023-12-28,Completed,15
O005399,C02534,2023-12-28,Completed,0
O005400,C02534,2024-03-11,Completed,20
O005401,C02534,2024-06-27,Completed,0
O005402,C02535,2023-12-26,Completed,0
O005403,C02536,2023-12-26,Completed,0
O005404,C02537,2023-12-28,Completed,10
O005405,C02538,2023-12-28,Completed,20
O005406,C02539,2023-12-27,Completed,0
O005407,C02539,2024-01-03,Completed,0
O005408,C02540,2023-12-28,Completed,20
O005409,C02540,2024-01-11,Completed,0
O005410,C02540,2024-05-14,Completed,20
O005411,C02540,2024-06-12,Completed,15
O005412,C02540,2024-10-16,Completed,10
O005413,C02541,2023-12-27,Completed,0
O005414,C02542,2023-12-27,Completed,10
O005415,C02543,2023-12-29,Completed,30
O005416,C02544,2023-12-27,Completed,10
O005417,C02545,28-Dec-2023,Completed,30
O005418,C02545,2024-03-07,Completed,0
O005419,C02546,2023-12-28,Completed,20
O005420,C02547,2023-12-29,Completed,20
O005421,C02548,2023-12-27,Completed,20
O005422,C02549,2023-12-27,Completed,20
O005423,C02550,2023-12-28,Completed,30
O005424,C02550,2024-04-20,Completed,10
O005425,C02551,2023-12-29,Completed,15
O005426,C02552,2023-12-27,Completed,0
O005427,C02553,2023-12-28,Completed,15
O005428,C02553,2024-01-29,Completed,0
O005429,C02554,2023-12-28,Completed,0
O005430,C02555,2023-12-30,Completed,10
O005431,C02555,2024-03-03,Completed,0
O005432,C02556,2023-12-29,Completed,0
O005433,C02556,2024-04-01,Completed,20
O005434,C02556,2024-05-29,Completed,0
O005435,C02556,2024-09-04,Completed,15
O005436,C02556,2024-09-13,Completed,20
O005437,C02556,2024-11-08,Completed,0
O005438,C02557,2023-12-28,Completed,0
O005439,C02558,2023-12-28,Completed,0
O005440,C02559,2023-12-30,Completed,10
O005441,C02560,2023-12-29,Completed,10
O005442,C02560,2024-01-02,Completed,0
O005443,C02560,2024-01-21,Completed,0
O005444,C02560,2024-03-12,Completed,0
O005445,C02560,2024-06-06,Completed,10
O005446,C02561,2023-12-29,Completed,30
O005447,C02562,2023-12-28,Completed,10
O005448,C02562,2024-02-17,Completed,0
O005449,C02563,2023-12-30,Completed,10
O005450,C02564,2023-12-30,Completed,0
O005451,C02565,2023-12-29,Completed,0
O005452,C02565,2024-01-04,Completed,15
O005453,C02565,2024-01-07,Completed,0
O005454,C02566,2023-12-31,Completed,0
O005455,C02566,2024-05-14,Completed,0
O005456,C02566,2024-11-10,Completed,20
O005457,C02567,2023-12-29,Completed,0
O005458,C02568,2023-12-29,Completed,0
O005459,C02568,2024-01-08,Completed,0
O005460,C02569,2023-12-30,Completed,30
O005461,C02569,2024-12-31,Completed,30
O005462,C02570,2023-12-30,Completed,20
O005462,C02570,2023-12-30,Completed,20
O005463,C02570,2024-03-15,Completed,0
O005464,C02570,2024-06-05,Completed,0
O005465,C02570,2024-07-22,Completed,0
O005466,C02570,2024-12-26,Completed,0
O005467,C02571,2023-12-31,Completed,20
O005468,C02572,2023-12-30,Completed,15
O005469,C02573,2023-12-31,Completed,10
O005470,C02574,2023-12-30,Completed,20
O005471,C02575,2023-12-29,Completed,0
O005472,C02575,2024-01-22,Completed,0
O005473,C02575,2024-07-02,Completed,15
O005474,C02575,2024-08-06,Completed,0
O005475,C02575,2024-12-18,Completed,0
O005476,C02576,2023-12-31,Completed,15
O005477,C02576,2024-01-19,Completed,10
O005478,C02576,2024-05-01,Completed,10
O005479,C02577,2023-12-29,Completed,0
O005480,C02577,2024-04-27,Completed,15
O005481,C02577,2024-05-01,Completed,10
O005482,C02578,2024-01-01,Completed,15
O005483,C02578,2024-07-08,Completed,0
O005484,C02579,2024-01-01,Completed,10
O005485,C02580,2023-12-31,Completed,10
O005486,C02580,2024-06-04,Completed,0
O005487,C02581,2023-12-31,Completed,10
O005488,C02581,2024-02-14,Completed,0
O005489,C02581,2024-02-22,Completed,15
O005490,C02581,2024-04-09,Completed,0
O005491,C02581,2024-04-20,Completed,0
O005492,C02581,2024-06-20,Completed,0
O005493,C02581,2024-08-20,Completed,30
O005494,C02581,2024-08-29,Completed,0
O005495,C02581,2024-09-19,Completed,10
O005496,C02582,2024-01-01,Completed,0
O005497,C02582,2024-03-06,Completed,0
O005498,C02582,2024-06-17,Completed,10
O005499,C02582,2024-11-11,Completed,20
O005500,C02583,2024-01-01,Completed,0
O005501,C02584,2024-01-01,Completed,0
O005502,C02584,2024-01-08,Completed,0
O005503,C02585,2023-12-30,Completed,10
O005504,C02585,2024-04-10,Completed,0
O005505,C02586,2023-12-31,Completed,0
O005506,C02586,2024-01-20,Completed,0
O005507,C02586,2024-06-10,Completed,0
O005508,C02586,2024-09-16,Completed,0
O005509,C02586,2024-12-30,Completed,20
O005509,C02586,2024-12-30,Completed,20
O005510,C02587,2023-12-30,Completed,0
O005511,C02588,2023-12-30,Completed,0
O005512,C02588,2024-01-07,Cancelled,0
O005513,C02589,2023-12-31,Completed,20
O005514,C02590,2023-12-31,Completed,0
O005515,C02590,2024-05-14,Completed,0
O005516,C02591,2023-12-30,Completed,20
O005517,C02592,2024-01-01,Completed,20
O005518,C02593,2024-01-01,Completed,0
O005519,C02593,2024-02-13,Completed,0
O005520,C02593,2024-02-18,Completed,0
O005521,C02593,2024-03-21,Completed,0
O005522,C02594,2023-12-30,Completed,0
O005523,C02594,2024-01-02,Completed,0
O005524,C02594,2024-03-30,Completed,0
O005525,C02594,2024-04-30,Completed,20
O005526,C02595,2024-01-02,Completed,0
O005527,C02595,2024-03-12,Completed,30
O005528,C02595,2024-08-13,Completed,10
O005529,C02595,2024-09-21,Completed,0
O005530,C02596,2023-12-31,Completed,20
O005531,C02597,2024-01-01,Completed,0
O005532,C02598,2023-12-31,Completed,10
O005533,C02598,2024-01-29,Completed,0
O005534,C02599,2023-12-31,Completed,30
O005535,C02599,2024-01-24,Completed,0
O005536,C02599,2024-04-29,Completed,20
O005537,C02600,2024-01-02,Completed,0
O005538,C02601,2024-01-02,Completed,10
O005539,C02602,2023-12-31,Completed,30
O005540,C02602,2024-04-07,Completed,0
O005541,C02603,2023-12-31,Completed,10
O005542,C02603,2024-07-14,Completed,0
O005543,C02604,2024-01-02,Completed,0
O005544,C02604,2024-04-10,Completed,10
O005545,C02605,2024-01-02,Completed,0
O005546,C02606,2024-01-02,Completed,0
O005547,C02606,2024-07-23,Completed,10
O005548,C02606,2024-08-04,Completed,0
O005549,C02606,2024-11-07,Completed,10
O005550,C02607,2024-01-02,Completed,0
O005551,C02608,2024-01-02,Completed,0
O005552,C02609,2024-01-01,Completed,0
O005553,C02609,2024-05-05,Completed,0
O005554,C02609,2024-05-31,Completed,0
O005555,C02609,2024-07-03,Completed,20
O005556,C02610,2024-01-03,Completed,20
O005557,C02610,2024-01-24,Completed,20
O005558,C02611,2024-01-01,Completed,0
O005559,C02611,2024-01-14,Completed,15
O005560,C02612,2024-01-01,Completed,0
O005561,C02613,2024-01-03,Completed,0
O005562,C02614,2024-01-03,Completed,0
O005563,C02614,2024-01-19,Completed,30
O005564,C02614,2024-02-26,Completed,0
O005565,C02614,2024-04-12,Completed,0
O005566,C02614,2024-06-06,Completed,30
O005567,C02615,2024-01-02,Completed,0
O005568,C02616,2024-01-03,Completed,0
O005569,C02617,2024-01-04,Completed,0
O005570,C02618,2024-01-03,Cancelled,15
O005571,C02618,2024-01-20,Completed,0
O005572,C02618,2024-02-18,Completed,20
O005573,C02619,2024-01-03,Completed,0
O005574,C02619,2024-01-31,Completed,0
O005575,C02620,2024-01-03,Completed,20
O005576,C02620,2024-01-08,Completed,0
O005577,C02620,2024-04-26,Completed,20
O005578,C02620,2024-10-07,Completed,0
O005579,C02620,2024-11-16,Completed,15
O005580,C02621,2024-01-02,Completed,0
O005581,C02621,2024-02-04,Completed,15
O005582,C02621,2024-02-14,Completed,0
O005583,C02622,2024-01-04,Completed,0
O005584,C02623,2024-01-04,Completed,0
O005585,C02623,2024-04-10,Completed,0
O005586,C02623,2024-04-12,Completed,0
O005587,C02623,2024-10-17,Completed,15
O005588,C02624,2024-01-05,Completed,20
O005589,C02625,2024-01-03,Completed,0
O005590,C02626,2024-01-03,Completed,15
O005591,C02627,2024-01-04,Completed,0
O005592,C02628,2024-01-03,Completed,0
O005593,C02629,2024-01-05,Completed,0
O005594,C02629,2024-01-11,Completed,15
O005595,C02629,2024-03-05,Completed,10
O005596,C02629,2024-06-01,Completed,0
O005597,C02630,2024-01-03,Completed,20
O005598,C02630,2024-03-13,Completed,0
O005599,C02630,2024-03-26,Completed,0
O005600,C02630,2024-05-27,Completed,20
O005601,C02631,2024-01-04,Completed,0
O005602,C02631,2024-08-11,Completed,15
O005603,C02632,2024-01-03,Completed,0
O005604,C02633,2024-01-05,Completed,10
O005605,C02633,2024-02-28,Completed,0
O005606,C02634,2024-01-05,Completed,0
O005607,C02634,2024-07-08,Completed,0
O005608,C02634,2024-08-02,Completed,10
O005609,C02635,2024-01-06,Completed,0
O005610,C02636,2024-01-06,Completed,0
O005611,C02636,2024-02-25,Completed,15
O005612,C02636,2024-03-06,Completed,0
O005613,C02637,2024-01-05,Completed,0
O005614,C02638,2024-01-05,Completed,0
O005615,C02638,2024-06-25,Completed,15
O005616,C02639,2024-01-05,Completed,0
O005617,C02639,2024-02-18,Cancelled,0
O005618,C02640,2024-01-04,Completed,0
O005619,C02641,2024-01-06,Completed,10
O005620,C02642,2024-01-05,Completed,10
O005621,C02642,2024-05-09,Completed,30
O005622,C02643,2024-01-07,Completed,0
O005623,C02643,2024-01-11,Completed,10
O005624,C02644,06-Jan-2024,Completed,0
O005625,C02645,2024-01-07,Completed,0
O005626,C02646,2024-01-06,Completed,20
O005627,C02647,2024-01-08,Completed,0
O005628,C02648,2024-01-08,Completed,15
O005629,C02649,07-Jan-2024,Completed,0
O005630,C02649,2024-04-25,Completed,0
O005631,C02650,2024-01-07,Completed,0
O005632,C02650,2024-04-17,Completed,0
O005633,C02651,2024-01-07,Completed,0
O005634,C02651,2024-11-25,Completed,10
O005635,C02652,2024-01-07,Completed,15
O005636,C02653,2024-01-06,Completed,0
O005637,C02653,2024-03-31,Completed,0
O005638,C02653,2024-07-08,Completed,0
O005639,C02654,2024-01-08,Cancelled,10
O005640,C02655,2024-01-06,Completed,15
O005641,C02655,2024-05-27,Completed,10
O005642,C02656,2024-01-08,Completed,15
O005643,C02657,2024-01-08,Completed,20
O005644,C02658,2024-01-08,Completed,20
O005645,C02659,2024-01-07,Completed,0
O005646,C02659,2024-01-30,Completed,0
O005647,C02659,2024-02-09,Completed,15
O005648,C02659,2024-03-09,Completed,0
O005649,C02659,2024-03-30,Completed,10
O005650,C02659,2024-05-05,Completed,0
O005651,C02660,2024-01-08,Completed,20
O005652,C02660,2024-04-07,Completed,20
O005653,C02660,2024-05-28,Completed,0
O005654,C02661,2024-01-10,Completed,0
O005655,C02661,2024-07-17,Completed,0
O005656,C02661,2024-07-18,Completed,0
O005657,C02661,2024-08-14,Completed,20
O005658,C02662,2024-01-09,Completed,15
O005659,C02663,2024-01-08,Completed,0
O005660,C02663,2024-09-08,Completed,10
O005661,C02663,2024-12-29,Completed,20
O005662,C02664,2024-01-10,Completed,15
O005663,C02665,2024-01-10,Completed,0
O005664,C02666,2024-01-08,Completed,0
O005665,C02667,2024-01-10,Completed,15
O005666,C02668,2024-01-09,Completed,10
O005667,C02668,2024-06-20,Completed,0
O005668,C02669,2024-01-10,Completed,0
O005669,C02669,2024-03-30,Completed,10
O005670,C02669,2024-04-06,Completed,20
O005671,C02669,2024-05-02,Completed,0
O005672,C02670,2024-01-11,Completed,0
O005673,C02671,2024-01-10,Completed,0
O005674,C02672,2024-01-09,Completed,0
O005675,C02673,2024-01-10,Completed,0
O005676,C02674,2024-01-11,Completed,0
O005677,C02675,2024-01-09,Completed,0
O005678,C02675,2024-01-27,Completed,0
O005679,C02676,2024-01-09,Completed,10
O005680,C02676,2024-02-26,Completed,10
O005681,C02676,2024-03-10,Completed,10
O005682,C02676,2024-03-12,Completed,0
O005683,C02677,2024-01-09,Completed,0
O005684,C02678,2024-01-10,Completed,0
O005685,C02679,2024-01-10,Completed,30
O005686,C02680,2024-01-12,Completed,0
O005687,C02680,2024-02-14,Completed,10
O005688,C02681,2024-01-12,Completed,10
O005689,C02681,2024-01-16,Completed,0
O005690,C02682,2024-01-11,Completed,15
O005691,C02683,2024-01-10,Completed,0
O005692,C02684,2024-01-12,Completed,10
O005693,C02684,2024-02-14,Completed,0
O005694,C02685,2024-01-12,Completed,0
O005695,C02686,2024-01-12,Completed,0
O005696,C02687,2024-01-12,Completed,15
O005697,C02687,2024-01-22,Completed,0
O005698,C02688,2024-01-11,Cancelled,0
O005699,C02688,2024-08-21,Completed,20
O005700,C02688,2024-12-12,Completed,0
O005701,C02689,2024-01-11,Completed,0
O005702,C02690,2024-01-11,Cancelled,20
O005703,C02691,2024-01-11,Completed,0
O005704,C02692,2024-01-12,Completed,0
O005705,C02693,2024-01-13,Completed,30
O005706,C02694,2024-01-14,Completed,10
O005707,C02695,2024-01-13,Completed,0
O005708,C02696,2024-01-12,Completed,30
O005709,C02696,2024-03-12,Completed,15
O005710,C02696,2024-10-04,Completed,0
O005710,C02696,2024-10-04,Completed,0
O005711,C02697,2024-01-12,Completed,20
O005712,C02698,2024-01-14,Completed,10
O005713,C02699,2024-01-13,Cancelled,10
O005714,C02700,2024-01-12,Completed,10
O005715,C02700,29-May-2024,Completed,20
O005716,C02701,2024-01-14,Completed,0
O005717,C02701,2024-05-01,Completed,20
O005718,C02701,2024-05-08,Completed,0
O005719,C02701,2024-07-13,Completed,0
O005720,C02702,2024-01-15,Completed,0
O005721,C02702,2024-04-12,Completed,20
O005722,C02702,2024-06-21,Completed,0
O005723,C02702,2024-08-13,Completed,15
O005724,C02702,2024-08-15,Completed,0
O005725,C02702,2024-10-13,Completed,0
O005726,C02703,2024-01-13,Cancelled,10
O005727,C02703,26-Feb-2024,Completed,10
O005728,C02704,2024-01-14,Completed,0
O005729,C02704,2024-02-12,Completed,0
O005730,C02704,2024-04-15,Completed,0
O005731,C02705,2024-01-14,Completed,0
O005732,C02705,2024-01-19,Completed,0
O005733,C02705,2024-02-15,Completed,0
O005734,C02706,2024-01-13,Completed,0
O005735,C02706,2024-02-16,Completed,10
O005736,C02707,2024-01-15,Completed,0
O005737,C02707,29-May-2024,Completed,0
O005738,C02708,2024-01-15,Completed,0
O005739,C02708,2024-01-25,Completed,10
O005740,C02709,2024-01-14,Completed,0
O005741,C02709,2024-02-03,Completed,0
O005742,C02709,2024-07-13,Completed,0
O005743,C02709,2024-08-10,Completed,0
O005744,C02710,2024-01-14,Completed,15
O005745,C02711,2024-01-14,Completed,15
O005746,C02711,2024-04-04,Completed,0
O005747,C02712,2024-01-14,Completed,20
O005748,C02712,2024-10-31,Completed,0
O005749,C02712,2024-12-23,Completed,0
O005750,C02713,2024-01-15,Completed,10
O005751,C02713,2024-02-12,Completed,0
O005752,C02714,2024-01-15,Completed,20
O005753,C02715,2024-01-17,Completed,30
O005754,C02715,2024-02-09,Completed,0
O005754,C02715,2024-02-09,Completed,0
O005755,C02715,2024-02-16,Completed,0
O005756,C02715,2024-03-13,Completed,30
O005757,C02715,2024-05-31,Completed,0
O005758,C02715,2024-07-14,Completed,0
O005759,C02716,2024-01-15,Completed,0
O005760,C02716,2024-03-12,Completed,20
O005761,C02716,2024-03-25,Completed,0
O005762,C02716,2024-05-19,Completed,0
O005763,C02717,2024-01-15,Completed,20
O005764,C02718,2024-01-15,Completed,0
O005765,C02718,2024-03-22,Completed,0
O005766,C02718,2024-04-09,Completed,15
O005767,C02718,2024-06-05,Completed,10
O005768,C02718,2024-06-12,Completed,0
O005769,C02719,2024-01-16,Completed,0
O005770,C02720,2024-01-17,Completed,0
O005771,C02720,2024-09-28,Completed,10
O005772,C02721,2024-01-17,Completed,15
O005773,C02722,2024-01-16,Completed,0
O005774,C02723,2024-01-18,Completed,0
O005775,C02723,2024-04-10,Completed,10
O005776,C02724,2024-01-16,Completed,0
O005777,C02724,19-May-2024,Completed,0
O005778,C02724,2024-06-17,Completed,0
O005779,C02725,2024-01-16,Completed,30
O005780,C02726,2024-01-17,Completed,0
O005781,C02726,2024-04-28,Cancelled,0
O005782,C02726,2024-05-14,Completed,0
O005783,C02727,2024-01-17,Completed,15
O005784,C02727,2024-02-19,Completed,10
O005785,C02728,2024-01-17,Completed,10
O005786,C02729,2024-01-16,Completed,15
O005787,C02730,2024-01-17,Completed,20
O005788,C02730,2024-04-07,Completed,0
O005789,C02730,26-Apr-2024,Completed,0
O005790,C02730,2024-06-09,Completed,0
O005791,C02730,2024-11-16,Completed,15
O005792,C02730,2024-11-23,Completed,10
O005793,C02731,2024-01-19,Completed,0
O005794,C02731,2024-05-28,Completed,0
O005795,C02732,2024-01-17,Completed,0
O005796,C02733,2024-01-17,Completed,0
O005797,C02734,2024-01-18,Completed,10
O005798,C02734,2024-06-11,Completed,20
O005799,C02735,2024-01-19,Cancelled,20
O005800,C02736,2024-01-17,Completed,10
O005800,C02736,2024-01-17,Completed,10
O005801,C02737,2024-01-19,Completed,0
O005802,C02737,2024-02-28,Completed,0
O005803,C02738,2024-01-18,Completed,15
O005804,C02739,19-Jan-2024,Completed,20
O005805,C02740,2024-01-20,Completed,0
O005806,C02741,2024-01-19,Completed,15
O005807,C02741,2024-03-11,Completed,0
O005808,C02742,2024-01-19,Completed,0
O005809,C02743,2024-01-18,Completed,15
O005810,C02743,2024-02-05,Completed,0
O005811,C02743,2024-08-03,Completed,0
O005812,C02744,2024-01-20,Completed,0
O005813,C02744,2024-03-03,Completed,10
O005814,C02744,2024-04-13,Completed,10
O005815,C02744,12-Jun-2024,Completed,0
O005816,C02744,2024-06-26,Completed,10
O005817,C02745,2024-01-19,Completed,10
O005818,C02745,2024-04-06,Completed,10
O005819,C02745,2024-05-11,Completed,0
O005820,C02746,2024-01-19,Completed,0
O005821,C02746,2024-05-28,Completed,0
O005822,C02746,2024-06-08,Completed,0
O005822,C02746,2024-06-08,Completed,0
O005823,C02746,2024-09-12,Cancelled,20
O005824,C02746,2024-12-10,Completed,0
O005825,C02747,2024-01-20,Completed,0
O005826,C02748,2024-01-18,Completed,10
O005827,C02748,2024-05-09,Completed,0
O005828,C02749,2024-01-19,Completed,0
O005829,C02749,2024-03-14,Completed,0
O005830,C02749,2024-12-03,Completed,10
O005831,C02750,2024-01-20,Completed,0
O005832,C02750,2024-05-24,Completed,20
O005833,C02751,2024-01-19,Completed,0
O005834,C02752,2024-01-19,Completed,0
O005835,C02753,2024-01-21,Completed,0
O005836,C02753,10-Feb-2024,Completed,0
O005837,C02753,2024-02-17,Completed,0
O005838,C02753,2024-05-14,Completed,0
O005839,C02753,2024-08-05,Completed,0
O005840,C02753,2024-09-09,Completed,20
O005841,C02754,2024-01-21,Completed,0
O005842,C02755,2024-01-20,Completed,0
O005843,C02756,2024-01-22,Completed,0
O005844,C02757,2024-01-20,Completed,0
O005845,C02758,2024-01-20,Completed,0
O005846,C02759,2024-01-20,Completed,0
O005847,C02759,2024-04-24,Completed,15
O005848,C02759,2024-06-29,Completed,0
O005849,C02759,2024-08-05,Completed,0
O005850,C02759,2024-08-29,Completed,0
O005851,C02760,2024-01-21,Completed,10
O005852,C02760,2024-05-26,Completed,0
O005853,C02760,2024-09-26,Completed,0
O005854,C02761,2024-01-22,Completed,10
O005855,C02762,2024-01-21,Completed,0
O005856,C02762,2024-02-24,Completed,0
O005857,C02763,2024-01-21,Completed,30
O005858,C02763,2024-03-05,Completed,0
O005859,C02764,2024-01-20,Completed,0
O005860,C02764,2024-04-10,Completed,10
O005861,C02765,2024-01-21,Completed,10
O005862,C02766,2024-01-21,Completed,10
O005863,C02766,2024-07-12,Completed,10
O005864,C02767,2024-01-21,Completed,30
O005865,C02768,2024-01-23,Completed,0
O005866,C02769,2024-01-21,Completed,10
O005867,C02770,2024-01-23,Completed,10
O005868,C02771,2024-01-22,Completed,20
O005869,C02772,2024-01-22,Completed,0
O005870,C02772,09-Feb-2024,Completed,0
O005871,C02773,2024-01-22,Completed,20
O005872,C02774,2024-01-23,Completed,0
O005873,C02775,2024-01-23,Completed,0
O005874,C02775,2024-04-07,Completed,0
O005875,C02776,2024-01-23,Completed,0
O005876,C02776,05-Apr-2024,Completed,0
O005877,C02776,2024-04-14,Completed,0
O005878,C02777,2024-01-23,Completed,0
O005879,C02778,2024-01-24,Completed,0
O005880,C02779,2024-01-24,Completed,0
O005881,C02779,2024-02-12,Cancelled,0
O005882,C02780,2024-01-22,Completed,0
O005883,C02781,2024-01-23,Completed,0
O005884,C02781,2024-07-12,Completed,0
O005885,C02782,2024-01-25,Completed,0
O005886,C02782,2024-04-11,Completed,0
O005887,C02783,2024-01-23,Completed,0
O005888,C02783,2024-02-28,Completed,0
O005889,C02783,2024-03-20,Completed,0
O005890,C02784,2024-01-26,Completed,20
O005891,C02785,2024-01-26,Completed,0
O005892,C02785,2024-03-03,Completed,0
O005893,C02786,2024-01-26,Completed,0
O005894,C02786,2024-04-26,Completed,20
O005895,C02786,2024-06-20,Completed,0
O005896,C02787,2024-01-24,Completed,0
O005897,C02788,2024-01-25,Completed,0
O005898,C02789,2024-01-24,Completed,15
O005899,C02790,2024-01-25,Completed,15
O005900,C02790,2024-01-28,Completed,0
O005901,C02791,2024-01-25,Completed,0
O005902,C02791,2024-03-28,Completed,30
O005903,C02791,2024-04-04,Completed,0
O005904,C02792,2024-01-26,Completed,20
O005905,C02793,2024-01-24,Completed,0
O005906,C02794,2024-01-27,Completed,0
O005907,C02795,2024-01-27,Completed,20
O005908,C02795,2024-07-20,Completed,0
O005909,C02796,2024-01-25,Cancelled,0
O005910,C02796,2024-06-08,Completed,0
O005911,C02797,2024-01-25,Completed,10
O005912,C02797,2024-03-09,Completed,0
O005913,C02797,2024-04-03,Completed,0
O005914,C02798,2024-01-26,Completed,0
O005914,C02798,2024-01-26,Completed,0
O005915,C02798,2024-02-08,Completed,0
O005916,C02799,2024-01-27,Completed,0
O005917,C02799,2024-05-22,Completed,15
O005918,C02800,2024-01-25,Cancelled,0
O005919,C02800,2024-03-26,Completed,0
O005920,C02801,2024-01-25,Completed,0
O005921,C02801,2024-03-16,Completed,0
O005922,C02801,2024-06-28,Completed,0
O005923,C02801,2024-08-13,Completed,0
O005924,C02802,2024-01-27,Completed,0
O005925,C02803,2024-01-28,Completed,0
O005926,C02804,2024-01-28,Completed,15
O005927,C02804,2024-03-12,Completed,15
O005928,C02805,2024-01-28,Completed,0
O005929,C02806,2024-01-28,Completed,0
O005930,C02806,2024-04-17,Completed,0
O005931,C02807,2024-01-27,Completed,0
O005932,C02808,2024-01-29,Completed,0
O005933,C02809,2024-01-30,Completed,10
O005934,C02810,2024-01-30,Completed,0
O005935,C02811,2024-01-28,Completed,15
O005936,C02811,2024-11-15,Completed,0
O005937,C02812,2024-01-28,Completed,10
O005938,C02813,2024-01-28,Completed,0
O005939,C02813,2024-02-07,Completed,0
O005940,C02813,2024-09-03,Completed,15
O005941,C02814,2024-01-28,Completed,0
O005942,C02814,2024-04-24,Completed,0
O005943,C02815,2024-01-29,Completed,0
O005944,C02816,2024-01-31,Completed,10
O005945,C02817,2024-01-30,Completed,15
O005946,C02817,2024-04-28,Completed,10
O005947,C02818,2024-01-30,Completed,30
O005948,C02819,2024-01-30,Completed,10
O005949,C02819,2024-05-05,Completed,0
O005950,C02819,2024-05-23,Completed,30
O005951,C02820,2024-01-31,Completed,0
O005952,C02820,2024-03-04,Completed,0
O005953,C02820,2024-07-18,Completed,0
O005954,C02820,2024-09-13,Completed,0
O005955,C02821,2024-02-01,Completed,0
O005956,C02821,13-Dec-2024,Completed,0
O005957,C02822,2024-01-30,Completed,10
O005958,C02823,2024-01-31,Completed,0
O005959,C02824,2024-01-30,Completed,0
O005960,C02825,2024-02-01,Completed,0
O005961,C02826,2024-01-31,Completed,0
O005962,C02826,2024-07-26,Completed,15
O005963,C02827,2024-02-01,Completed,10
O005964,C02827,2024-04-02,Completed,20
O005965,C02827,2024-06-06,Completed,20
O005966,C02827,2024-06-28,Completed,0
O005967,C02827,2024-07-01,Completed,0
O005968,C02827,2024-08-07,Completed,0
O005969,C02827,2024-12-11,Completed,10
O005970,C02828,2024-01-31,Completed,20
O005971,C02829,2024-02-01,Completed,0
O005972,C02830,2024-02-01,Completed,20
O005973,C02830,2024-06-20,Completed,15
O005974,C02831,2024-01-31,Completed,0
O005975,C02832,2024-02-03,Completed,0
O005976,C02832,2024-04-13,Completed,0
O005977,C02832,2024-06-30,Completed,0
O005978,C02833,2024-02-02,Completed,20
O005979,C02834,2024-02-02,Completed,10
O005980,C02835,2024-02-03,Completed,20
O005981,C02836,2024-02-01,Completed,0
O005982,C02837,2024-02-03,Completed,15
O005983,C02838,2024-02-02,Completed,20
O005984,C02838,2024-02-24,Completed,0
O005985,C02838,2024-09-01,Completed,0
O005986,C02839,2024-02-01,Completed,10
O005987,C02839,2024-03-08,Completed,0
O005988,C02840,2024-02-03,Completed,0
O005989,C02841,2024-02-02,Completed,0
O005990,C02842,2024-02-03,Completed,0
O005991,C02843,2024-02-03,Completed,0
O005992,C02843,2024-05-07,Completed,0
O005993,C02843,2024-07-04,Completed,0
O005994,C02844,2024-02-02,Completed,0
O005995,C02845,2024-02-03,Completed,0
O005996,C02846,2024-02-02,Completed,0
O005997,C02846,2024-04-25,Completed,0
O005998,C02846,2024-12-06,Completed,10
O005999,C02847,2024-02-04,Completed,0
O006000,C02847,2024-02-25,Completed,0
O006001,C02848,2024-02-02,Completed,0
O006002,C02849,2024-02-02,Cancelled,0
O006003,C02850,2024-02-03,Completed,20
O006004,C02850,2024-04-26,Completed,20
O006005,C02851,2024-02-04,Completed,0
O006006,C02851,2024-11-04,Completed,0
O006007,C02851,2024-12-05,Completed,0
O006008,C02852,2024-02-03,Completed,0
O006009,C02852,2024-02-19,Completed,0
O006010,C02853,2024-02-05,Completed,10
O006011,C02854,2024-02-05,Completed,0
O006012,C02854,2024-02-12,Completed,10
O006013,C02855,2024-02-05,Completed,0
O006014,C02856,2024-02-05,Completed,20
O006015,C02856,2024-02-10,Completed,0
O006016,C02857,04-Feb-2024,Completed,15
O006017,C02858,2024-02-04,Completed,0
O006018,C02858,2024-04-07,Completed,0
O006019,C02859,2024-02-04,Completed,15
O006020,C02859,2024-05-29,Completed,15
O006021,C02859,2024-05-30,Completed,20
O006022,C02860,05-Feb-2024,Completed,0
O006023,C02860,2024-10-28,Completed,0
O006024,C02861,07-Feb-2024,Completed,0
O006025,C02861,2024-05-10,Completed,20
O006026,C02861,2024-09-30,Completed,10
O006027,C02862,2024-02-07,Completed,0
O006028,C02862,2024-03-31,Completed,0
O006029,C02862,2024-06-07,Completed,15
O006030,C02863,2024-02-06,Completed,20
O006031,C02864,2024-02-07,Completed,0
O006032,C02864,2024-05-21,Completed,0
O006033,C02864,2024-08-23,Completed,10
O006034,C02865,2024-02-06,Completed,15
O006035,C02865,2024-06-12,Completed,15
O006036,C02865,20-Jun-2024,Completed,0
O006037,C02866,2024-02-06,Completed,0
O006038,C02867,2024-02-07,Completed,0
O006039,C02868,2024-02-06,Completed,0
O006040,C02868,2024-03-23,Completed,0
O006041,C02869,2024-02-08,Completed,10
O006042,C02870,2024-02-07,Completed,0
O006043,C02870,2024-03-29,Completed,0
O006044,C02870,2024-10-19,Completed,10
O006045,C02870,2024-11-18,Completed,0
O006046,C02871,2024-02-08,Completed,0
O006047,C02871,2024-02-09,Completed,0
O006048,C02871,2024-05-29,Completed,10
O006049,C02872,2024-02-09,Completed,10
O006050,C02872,2024-05-07,Completed,20
O006051,C02872,2024-07-11,Completed,0
O006052,C02872,2024-08-12,Completed,0
O006053,C02872,2024-10-06,Completed,10
O006054,C02873,2024-02-07,Completed,0
O006055,C02874,2024-02-07,Completed,10
O006056,C02875,2024-02-08,Completed,0
O006057,C02875,2024-08-25,Completed,0
O006058,C02876,2024-02-08,Completed,0
O006059,C02876,2024-04-15,Completed,0
O006060,C02876,2024-05-06,Completed,0
O006061,C02876,2024-06-14,Completed,0
O006062,C02877,2024-02-09,Completed,10
O006063,C02878,2024-02-10,Completed,0
O006064,C02879,2024-02-09,Completed,15
O006065,C02880,2024-02-08,Completed,10
O006066,C02881,2024-02-10,Completed,0
O006067,C02881,2024-03-17,Completed,10
O006068,C02881,20-May-2024,Completed,0
O006069,C02881,2024-05-24,Cancelled,10
O006070,C02882,2024-02-10,Completed,0
O006071,C02882,2024-03-11,Completed,0
O006071,C02882,2024-03-11,Completed,0
O006072,C02883,2024-02-09,Completed,0
O006073,C02884,2024-02-09,Completed,0
O006074,C02884,2024-04-04,Completed,0
O006075,C02884,2024-05-08,Completed,15
O006076,C02885,2024-02-11,Completed,0
O006077,C02886,2024-02-10,Completed,0
O006078,C02887,2024-02-09,Completed,20
O006079,C02887,2024-04-28,Completed,0
O006080,C02887,2024-10-04,Completed,0
O006081,C02888,10-Feb-2024,Completed,0
O006082,C02889,2024-02-11,Completed,10
O006083,C02890,2024-02-10,Completed,30
O006084,C02890,2024-03-25,Completed,0
O006085,C02891,2024-02-09,Completed,15
O006086,C02891,2024-04-06,Completed,0
O006087,C02891,2024-08-18,Completed,0
O006088,C02892,2024-02-12,Completed,15
O006089,C02893,2024-02-12,Completed,15
O006090,C02893,2024-07-01,Completed,10
O006091,C02893,2024-07-23,Completed,0
O006092,C02893,2024-08-07,Completed,0
O006093,C02893,2024-09-30,Completed,0
O006094,C02894,11-Feb-2024,Completed,0
O006095,C02894,2024-06-30,Completed,15
O006096,C02895,2024-02-12,Completed,0
O006097,C02896,2024-02-11,Completed,10
O006098,C02896,2024-04-14,Completed,10
O006099,C02896,2024-10-06,Completed,0
O006100,C02897,2024-02-11,Completed,0
O006101,C02897,2024-05-01,Completed,10
O006102,C02897,2024-05-03,Completed,0
O006103,C02897,2024-05-20,Completed,15
O006104,C02897,2024-07-01,Completed,0
O006105,C02897,02-Jul-2024,Completed,0
O006106,C02898,2024-02-12,Completed,0
O006107,C02898,2024-03-01,Completed,20
O006108,C02898,2024-03-23,Completed,0
O006109,C02899,2024-02-13,Completed,0
O006110,C02899,2024-03-20,Completed,0
O006111,C02900,2024-02-12,Completed,10
O006112,C02901,2024-02-11,Completed,10
O006113,C02902,2024-02-12,Completed,0
O006114,C02902,2024-03-19,Completed,20
O006115,C02902,2024-09-12,Completed,0
O006116,C02903,2024-02-12,Completed,10
O006117,C02903,2024-08-18,Completed,0
O006118,C02904,2024-02-12,Completed,10
O006119,C02905,2024-02-11,Completed,0
O006120,C02906,2024-02-11,Completed,0
O006121,C02906,2024-10-22,Completed,0
O006122,C02907,13-Feb-2024,Completed,0
O006123,C02908,2024-02-13,Completed,15
O006124,C02908,2024-11-17,Completed,10
O006125,C02909,2024-02-14,Completed,0
O006126,C02910,2024-02-13,Completed,10
O006127,C02911,2024-02-12,Completed,10
O006128,C02912,2024-02-14,Completed,0
O006129,C02913,2024-02-14,Completed,10
O006130,C02913,2024-05-09,Completed,0
O006131,C02913,2024-07-20,Completed,0
O006132,C02914,2024-02-13,Completed,20
O006133,C02914,2024-05-05,Completed,10
O006134,C02914,2024-10-16,Completed,0
O006135,C02914,2024-12-30,Completed,10
O006136,C02915,2024-02-12,Completed,20
O006137,C02915,2024-02-14,Completed,20
O006138,C02916,2024-02-14,Completed,0
O006138,C02916,2024-02-14,Completed,0
O006139,C02917,2024-02-15,Completed,20
O006140,C02917,2024-03-04,Completed,0
O006141,C02917,01-Jul-2024,Completed,10
O006142,C02917,2024-10-16,Completed,0
O006143,C02917,2024-11-03,Completed,20
O006144,C02918,2024-02-15,Completed,10
O006145,C02919,13-Feb-2024,Completed,0
O006146,C02919,2024-06-07,Completed,0
O006147,C02920,2024-02-13,Completed,0
O006148,C02921,2024-02-14,Completed,15
O006149,C02922,2024-02-14,Completed,0
O006150,C02922,2024-06-09,Completed,0
O006151,C02923,2024-02-15,Completed,0
O006152,C02923,2024-04-11,Completed,0
O006153,C02923,2024-08-25,Completed,15
O006154,C02924,2024-02-14,Completed,0
O006155,C02924,2024-07-07,Completed,20
O006156,C02924,2024-09-06,Completed,0
O006157,C02924,2024-09-14,Completed,0
O006158,C02924,2024-10-22,Completed,0
O006159,C02925,2024-02-14,Completed,0
O006160,C02925,2024-05-15,Completed,0
O006161,C02926,2024-02-16,Completed,15
O006162,C02926,2024-05-26,Completed,0
O006163,C02926,2024-09-06,Completed,0
O006164,C02927,2024-02-17,Completed,0
O006165,C02927,2024-05-03,Completed,20
O006166,C02928,2024-02-16,Completed,0
O006167,C02928,2024-06-23,Completed,0
O006168,C02928,2024-09-16,Completed,20
O006169,C02928,2024-12-05,Completed,10
O006170,C02929,2024-02-17,Completed,0
O006171,C02930,2024-02-17,Completed,0
O006172,C02931,2024-02-17,Completed,0
O006173,C02931,2024-06-22,Completed,0
O006174,C02931,2024-07-18,Completed,0
O006175,C02932,2024-02-15,Completed,0
O006176,C02932,26-Feb-2024,Completed,0
O006177,C02932,2024-03-09,Completed,0
O006178,C02933,2024-02-16,Completed,0
O006179,C02934,2024-02-15,Completed,0
O006180,C02934,2024-02-24,Completed,10
O006181,C02934,2024-03-25,Completed,0
O006182,C02934,2024-03-31,Completed,10
O006183,C02935,2024-02-16,Completed,0
O006184,C02936,2024-02-18,Cancelled,10
O006185,C02936,2024-03-06,Completed,0
O006186,C02937,2024-02-18,Completed,15
O006187,C02938,2024-02-16,Completed,15
O006188,C02939,2024-02-17,Completed,0
O006189,C02939,2024-02-18,Completed,0
O006190,C02940,2024-02-18,Completed,15
O006191,C02940,2024-03-26,Completed,0
O006192,C02940,2024-04-28,Completed,0
O006193,C02941,2024-02-19,Completed,0
O006194,C02942,2024-02-18,Completed,30
O006195,C02943,2024-02-18,Completed,0
O006196,C02943,2024-03-06,Completed,20
O006197,C02944,2024-02-18,Completed,0
O006198,C02944,2024-03-28,Completed,0
O006199,C02944,2024-03-30,Completed,10
O006200,C02945,2024-02-17,Completed,0
O006201,C02946,2024-02-17,Completed,0
O006202,C02947,2024-02-17,Completed,0
O006203,C02948,2024-02-19,Completed,0
O006204,C02948,2024-04-10,Completed,10
O006205,C02948,2024-05-21,Completed,10
O006206,C02948,2024-06-27,Cancelled,0
O006207,C02949,2024-02-19,Completed,10
O006208,C02949,2024-05-09,Completed,0
O006209,C02950,19-Feb-2024,Completed,20
O006210,C02950,30-Mar-2024,Completed,15
O006211,C02951,2024-02-20,Completed,0
O006212,C02952,2024-02-18,Completed,0
O006213,C02952,2024-04-18,Completed,0
O006214,C02952,2024-12-26,Completed,10
O006215,C02953,2024-02-20,Completed,15
O006216,C02954,2024-02-19,Completed,0
O006217,C02954,2024-02-23,Completed,0
O006218,C02955,2024-02-20,Completed,20
O006219,C02955,2024-04-20,Completed,10
O006220,C02956,2024-02-20,Completed,0
O006221,C02956,2024-06-19,Completed,20
O006222,C02956,2024-09-29,Completed,20
O006223,C02957,2024-02-19,Completed,0
O006224,C02958,2024-02-20,Completed,0
O006225,C02958,2024-04-09,Completed,0
O006226,C02959,2024-02-20,Completed,15
O006227,C02959,2024-03-28,Completed,0
O006228,C02960,2024-02-20,Completed,10
O006229,C02960,2024-04-18,Completed,0
O006230,C02960,2024-04-27,Completed,10
O006231,C02960,2024-05-30,Completed,0
O006232,C02961,2024-02-22,Completed,0
O006233,C02961,2024-06-09,Completed,0
O006234,C02961,2024-06-13,Completed,0
O006235,C02962,2024-02-20,Completed,0
O006236,C02963,22-Feb-2024,Completed,0
O006237,C02964,2024-02-22,Completed,0
O006238,C02964,2024-07-16,Completed,0
O006239,C02965,2024-02-22,Completed,0
O006240,C02966,2024-02-22,Completed,0
O006241,C02966,2024-04-09,Completed,0
O006242,C02967,2024-02-23,Completed,0
O006243,C02968,2024-02-24,Completed,0
O006244,C02969,2024-02-24,Completed,0
O006245,C02969,2024-02-26,Completed,0
O006246,C02969,2024-07-16,Completed,0
O006247,C02970,2024-02-22,Completed,0
O006248,C02971,2024-02-22,Completed,0
O006249,C02972,2024-02-22,Completed,0
O006250,C02973,2024-02-23,Completed,0
O006251,C02973,2024-03-15,Completed,0
O006252,C02973,2024-03-18,Completed,10
O006253,C02973,2024-04-24,Completed,15
O006254,C02973,2024-06-15,Completed,0
O006255,C02973,2024-07-05,Completed,0
O006256,C02974,2024-02-23,Completed,0
O006257,C02975,2024-02-23,Completed,0
O006258,C02975,2024-03-03,Completed,0
O006259,C02975,2024-04-06,Completed,0
O006260,C02976,25-Feb-2024,Completed,0
O006261,C02976,2024-04-01,Completed,0
O006262,C02976,2024-06-28,Completed,10
O006263,C02976,2024-07-05,Completed,0
O006264,C02977,2024-02-25,Completed,0
O006265,C02977,2024-04-24,Completed,10
O006266,C02978,2024-02-25,Completed,0
O006267,C02979,2024-02-24,Completed,0
O006268,C02979,2024-03-14,Completed,0
O006269,C02979,2024-06-25,Completed,0
O006270,C02979,2024-07-10,Completed,0
O006271,C02980,2024-02-25,Completed,10
O006272,C02981,2024-02-27,Completed,0
O006273,C02981,2024-05-25,Completed,15
O006274,C02982,2024-02-26,Completed,0
O006275,C02983,2024-02-26,Completed,10
O006276,C02984,2024-02-26,Completed,30
O006277,C02984,2024-07-11,Completed,10
O006278,C02984,2024-12-04,Completed,20
O006279,C02985,26-Feb-2024,Completed,0
O006280,C02985,2024-12-23,Completed,0
O006281,C02986,2024-02-26,Completed,15
O006282,C02986,2024-05-24,Completed,0
O006283,C02986,2024-07-03,Completed,0
O006284,C02986,2024-09-02,Completed,0
O006285,C02987,2024-02-27,Completed,20
O006286,C02988,2024-02-28,Completed,0
O006287,C02989,2024-02-28,Completed,0
O006288,C02989,2024-03-20,Completed,0
O006289,C02989,2024-04-03,Completed,0
O006290,C02990,2024-02-28,Completed,0
O006290,C02990,2024-02-28,Completed,0
O006291,C02991,2024-02-26,Completed,20
O006292,C02991,2024-07-05,Completed,0
O006293,C02992,2024-02-26,Completed,0
O006294,C02993,2024-02-27,Completed,15
O006295,C02994,2024-02-28,Completed,0
O006296,C02994,2024-06-22,Completed,0
O006297,C02995,2024-02-28,Completed,0
O006298,C02995,2024-03-09,Completed,0
O006299,C02996,2024-02-28,Completed,0
O006300,C02997,2024-02-27,Completed,0
O006301,C02998,2024-03-01,Completed,0
O006302,C02999,2024-02-28,Completed,20
O006303,C03000,2024-02-29,Completed,0
O006304,C03001,2024-03-01,Completed,10
O006305,C03002,2024-03-01,Completed,0
O006306,C03003,2024-02-28,Completed,0
O006307,C03003,2024-06-27,Completed,0
O006307,C03003,2024-06-27,Completed,0
O006308,C03003,2024-06-30,Completed,0
O006309,C03004,2024-03-01,Completed,0
O006310,C03005,2024-02-29,Completed,0
O006311,C03006,29-Feb-2024,Completed,0
O006312,C03006,2024-09-30,Completed,0
O006313,C03006,2024-10-02,Completed,0
O006314,C03007,2024-03-01,Completed,0
O006315,C03008,2024-03-01,Completed,10
O006316,C03008,2024-03-10,Completed,10
O006317,C03009,2024-02-29,Completed,15
O006318,C03009,2024-05-12,Completed,0
O006319,C03010,2024-03-01,Completed,0
O006320,C03010,2024-06-06,Completed,15
O006321,C03011,2024-03-02,Completed,0
O006322,C03012,2024-03-02,Completed,15
O006323,C03012,2024-10-11,Completed,0
O006324,C03013,2024-03-01,Completed,0
O006325,C03013,2024-05-15,Completed,0
O006326,C03013,2024-05-27,Completed,15
O006327,C03013,2024-05-28,Completed,0
O006328,C03013,2024-07-08,Completed,0
O006329,C03013,2024-08-06,Completed,0
O006330,C03013,2024-12-21,Completed,0
O006331,C03014,2024-03-01,Completed,0
O006332,C03015,2024-03-01,Completed,20
O006333,C03016,2024-03-01,Completed,0
O006334,C03016,2024-03-30,Completed,0
O006335,C03017,2024-03-02,Completed,0
O006336,C03018,2024-03-03,Completed,0
O006337,C03018,2024-03-30,Completed,0
O006338,C03018,2024-04-30,Completed,0
O006339,C03019,2024-03-01,Completed,0
O006340,C03019,2024-03-30,Completed,0
O006341,C03020,2024-03-02,Completed,0
O006342,C03020,2024-04-12,Cancelled,0
O006343,C03020,2024-08-12,Completed,10
O006344,C03021,2024-03-03,Completed,15
O006345,C03021,2024-07-11,Completed,15
O006346,C03021,2024-07-28,Completed,15
O006347,C03022,2024-03-03,Completed,15
O006348,C03023,2024-03-02,Completed,0
O006349,C03024,2024-03-03,Completed,0
O006350,C03025,02-Mar-2024,Completed,30
O006351,C03026,2024-03-04,Completed,0
O006352,C03027,2024-03-03,Completed,15
O006353,C03027,2024-04-01,Completed,10
O006354,C03028,2024-03-02,Completed,20
O006355,C03029,2024-03-04,Completed,15
O006356,C03030,2024-03-04,Completed,15
O006357,C03031,2024-03-04,Completed,0
O006358,C03031,2024-04-01,Completed,10
O006359,C03032,2024-03-05,Completed,0
O006360,C03032,2024-03-11,Completed,0
O006361,C03033,2024-03-03,Completed,20
O006362,C03034,2024-03-03,Completed,0
O006363,C03034,2024-04-10,Completed,15
O006364,C03034,2024-05-24,Completed,0
O006365,C03035,2024-03-03,Completed,20
O006366,C03036,2024-03-05,Cancelled,20
O006367,C03037,2024-03-05,Completed,0
O006368,C03038,2024-03-04,Completed,10
O006369,C03038,2024-05-26,Completed,10
O006370,C03038,2024-06-17,Completed,15
O006371,C03039,05-Mar-2024,Completed,15
O006372,C03039,2024-06-07,Completed,0
O006373,C03040,2024-03-06,Completed,0
O006374,C03040,2024-04-22,Completed,0
O006375,C03040,2024-06-09,Completed,10
O006376,C03040,2024-07-24,Completed,20
O006377,C03041,2024-03-04,Completed,0
O006378,C03041,2024-06-18,Completed,0
O006379,C03041,2024-07-15,Completed,0
O006380,C03041,2024-07-19,Completed,0
O006381,C03042,2024-03-06,Completed,0
O006382,C03043,2024-03-04,Completed,0
O006383,C03044,2024-03-05,Completed,0
O006384,C03045,2024-03-04,Completed,0
O006385,C03046,2024-03-05,Completed,0
O006386,C03046,2024-06-27,Completed,0
O006387,C03047,2024-03-07,Completed,20
O006388,C03048,2024-03-07,Completed,0
O006389,C03048,2024-07-03,Completed,0
O006390,C03049,2024-03-06,Completed,15
O006391,C03049,2024-03-21,Completed,30
O006392,C03049,2024-08-05,Completed,0
O006393,C03049,2024-09-01,Completed,0
O006394,C03049,2024-12-31,Completed,20
O006395,C03050,2024-03-05,Completed,0
O006396,C03050,2024-03-07,Completed,15
O006397,C03050,2024-03-15,Completed,30
O006398,C03050,2024-04-22,Completed,0
O006399,C03050,2024-06-04,Completed,0
O006400,C03051,2024-03-05,Completed,0
O006401,C03051,2024-09-06,Completed,0
O006402,C03051,2024-12-23,Completed,15
O006403,C03052,2024-03-07,Completed,0
O006404,C03052,2024-04-25,Completed,0
O006405,C03053,2024-03-05,Completed,0
O006406,C03053,2024-03-07,Completed,0
O006407,C03053,2024-06-08,Completed,0
O006408,C03053,2024-07-19,Completed,0
O006409,C03054,2024-03-07,Completed,15
O006410,C03055,2024-03-06,Completed,0
O006411,C03056,2024-03-08,Completed,0
O006412,C03057,2024-03-07,Completed,0
O006413,C03057,2024-03-13,Completed,0
O006414,C03057,2024-04-06,Completed,0
O006415,C03057,2024-06-10,Completed,0
O006416,C03057,2024-07-13,Completed,0
O006417,C03057,2024-08-01,Completed,0
O006418,C03058,2024-03-07,Completed,0
O006419,C03059,2024-03-08,Completed,20
O006420,C03059,2024-03-23,Completed,0
O006421,C03060,2024-03-07,Completed,0
O006422,C03061,2024-03-07,Completed,15
O006423,C03062,2024-03-07,Completed,15
O006424,C03062,2024-07-17,Completed,0
O006425,C03062,2024-09-13,Completed,30
O006426,C03063,2024-03-08,Completed,20
O006427,C03064,2024-03-07,Completed,0
O006428,C03065,2024-03-08,Cancelled,10
O006429,C03065,2024-05-27,Completed,30
O006430,C03066,2024-03-09,Completed,0
O006431,C03067,2024-03-08,Completed,0
O006432,C03068,2024-03-09,Completed,15
O006433,C03068,2024-04-02,Completed,0
O006434,C03069,2024-03-07,Completed,0
O006435,C03069,2024-04-05,Completed,15
O006436,C03070,2024-03-10,Completed,0
O006437,C03071,2024-03-10,Completed,0
O006438,C03071,2024-05-10,Completed,0
O006439,C03071,2024-06-14,Completed,10
O006440,C03072,2024-03-08,Completed,0
O006441,C03072,2024-05-08,Completed,15
O006442,C03073,2024-03-08,Completed,0
O006443,C03074,2024-03-10,Completed,0
O006444,C03075,2024-03-08,Completed,0
O006445,C03076,2024-03-10,Completed,10
O006446,C03077,2024-03-10,Cancelled,0
O006447,C03078,2024-03-08,Completed,0
O006448,C03078,2024-04-18,Completed,0
O006449,C03078,2024-06-27,Completed,0
O006450,C03079,2024-03-10,Completed,0
O006451,C03079,2024-05-09,Completed,0
O006452,C03079,2024-06-10,Completed,0
O006453,C03079,2024-06-25,Completed,0
O006454,C03079,2024-10-30,Completed,0
O006455,C03080,2024-03-11,Completed,20
O006456,C03080,2024-03-15,Completed,0
O006457,C03080,2024-05-20,Completed,0
O006458,C03081,2024-03-10,Completed,0
O006459,C03082,2024-03-11,Completed,0
O006460,C03083,2024-03-11,Completed,0
O006461,C03084,2024-03-09,Completed,0
O006462,C03085,2024-03-11,Completed,15
O006463,C03085,2024-03-31,Completed,0
O006464,C03086,2024-03-11,Completed,30
O006465,C03086,2024-03-27,Completed,0
O006466,C03086,2024-06-17,Completed,0
O006467,C03087,2024-03-11,Completed,20
O006468,C03088,2024-03-11,Completed,0
O006469,C03088,2024-04-03,Completed,0
O006470,C03089,2024-03-10,Completed,0
O006471,C03089,2024-04-01,Completed,15
O006472,C03089,2024-05-13,Completed,0
O006473,C03090,2024-03-11,Completed,15
O006474,C03091,2024-03-11,Completed,0
O006475,C03092,2024-03-11,Completed,0
O006476,C03092,2024-03-16,Completed,15
O006477,C03092,2024-05-10,Completed,0
O006478,C03092,2024-06-20,Completed,0
O006479,C03092,2024-11-25,Completed,20
O006480,C03093,2024-03-10,Completed,0
O006481,C03094,2024-03-11,Completed,0
O006482,C03095,2024-03-12,Completed,0
O006483,C03096,2024-03-12,Completed,15
O006484,C03096,2024-09-04,Completed,10
O006485,C03097,2024-03-11,Completed,0
O006486,C03098,2024-03-11,Completed,0
O006487,C03099,2024-03-11,Completed,0
O006488,C03100,2024-03-13,Completed,15
O006489,C03101,2024-03-11,Completed,0
O006490,C03102,2024-03-11,Completed,0
O006491,C03102,2024-04-11,Completed,0
O006492,C03102,2024-06-05,Completed,0
O006493,C03102,2024-09-19,Completed,0
O006494,C03102,2024-10-07,Completed,10
O006495,C03102,2024-12-10,Completed,10
O006496,C03103,2024-03-13,Completed,0
O006497,C03103,2024-06-18,Completed,10
O006498,C03104,2024-03-12,Completed,10
O006499,C03105,2024-03-13,Completed,0
O006500,C03106,2024-03-12,Completed,0
O006501,C03106,2024-07-29,Completed,10
O006502,C03107,2024-03-11,Completed,20
O006503,C03108,2024-03-11,Completed,0
O006504,C03108,2024-05-09,Completed,0
O006505,C03108,2024-06-23,Completed,10
O006506,C03109,2024-03-12,Completed,0
O006507,C03110,2024-03-14,Completed,0
O006508,C03111,2024-03-14,Completed,0
O006509,C03112,2024-03-12,Completed,20
O006510,C03113,2024-03-13,Completed,0
O006511,C03114,2024-03-12,Completed,20
O006512,C03115,2024-03-15,Completed,0
O006513,C03116,2024-03-14,Completed,0
O006514,C03116,2024-04-05,Completed,0
O006515,C03116,2024-09-29,Completed,0
O006516,C03117,2024-03-13,Completed,15
O006517,C03118,2024-03-13,Completed,0
O006518,C03119,2024-03-15,Completed,0
O006519,C03119,2024-03-18,Completed,0
O006520,C03120,2024-03-13,Completed,10
O006521,C03120,2024-03-20,Completed,0
O006522,C03120,2024-06-02,Completed,0
O006523,C03120,2024-06-24,Completed,20
O006524,C03120,2024-07-03,Completed,0
O006525,C03120,2024-07-13,Cancelled,0
O006526,C03120,2024-09-17,Completed,0
O006527,C03121,2024-03-14,Completed,0
O006528,C03122,2024-03-15,Completed,0
O006529,C03122,2024-06-09,Completed,0
O006530,C03122,2024-08-14,Completed,0
O006531,C03123,15-Mar-2024,Completed,15
O006532,C03123,2024-08-26,Completed,20
O006533,C03124,2024-03-13,Completed,10
O006534,C03124,2024-06-10,Completed,15
O006535,C03125,2024-03-13,Completed,0
O006536,C03125,2024-03-14,Completed,0
O006537,C03126,2024-03-14,Completed,0
O006538,C03127,2024-03-15,Completed,10
O006538,C03127,2024-03-15,Completed,10
O006539,C03127,2024-03-23,Completed,0
O006540,C03127,2024-03-26,Completed,0
O006541,C03128,2024-03-14,Completed,0
O006542,C03129,2024-03-14,Completed,0
O006543,C03129,2024-04-15,Completed,0
O006544,C03129,2024-04-19,Completed,0
O006545,C03130,2024-03-15,Completed,0
O006546,C03131,2024-03-14,Completed,15
O006547,C03131,2024-05-25,Cancelled,0
O006548,C03131,2024-06-01,Completed,15
O006549,C03131,2024-06-06,Completed,15
O006550,C03131,2024-06-11,Completed,10
O006551,C03131,2024-08-09,Completed,20
O006552,C03132,2024-03-14,Completed,0
O006553,C03133,2024-03-14,Completed,15
O006554,C03134,2024-03-14,Completed,10
O006555,C03135,2024-03-17,Completed,0
O006556,C03136,2024-03-17,Cancelled,0
O006557,C03137,2024-03-17,Completed,0
O006558,C03138,2024-03-16,Completed,10
O006559,C03138,2024-10-13,Completed,0
O006560,C03138,2024-12-21,Completed,30
O006561,C03139,2024-03-15,Completed,10
O006562,C03140,2024-03-16,Cancelled,0
O006563,C03141,2024-03-17,Completed,0
O006564,C03142,17-Mar-2024,Completed,20
O006565,C03142,2024-04-29,Completed,10
O006566,C03142,2024-07-13,Completed,0
O006567,C03142,2024-11-13,Completed,30
O006568,C03143,2024-03-16,Completed,0
O006569,C03144,2024-03-16,Completed,10
O006570,C03145,2024-03-16,Completed,10
O006571,C03146,2024-03-16,Completed,0
O006572,C03146,2024-05-14,Completed,0
O006573,C03146,2024-07-06,Completed,10
O006574,C03146,2024-07-18,Completed,15
O006575,C03146,2024-10-07,Completed,0
O006576,C03146,2024-11-16,Completed,0
O006577,C03147,2024-03-16,Completed,0
O006578,C03148,2024-03-17,Completed,0
O006579,C03149,2024-03-19,Completed,0
O006580,C03149,2024-06-22,Completed,0
O006581,C03150,2024-03-17,Completed,10
O006582,C03150,2024-06-25,Completed,20
O006583,C03151,2024-03-19,Completed,0
O006584,C03152,2024-03-18,Completed,10
O006585,C03152,2024-03-23,Cancelled,0
O006586,C03153,2024-03-20,Completed,10
O006587,C03153,2024-03-27,Completed,0
O006588,C03153,2024-05-03,Completed,10
O006589,C03154,2024-03-20,Completed,0
O006590,C03155,2024-03-19,Completed,0
O006591,C03155,2024-06-19,Completed,0
O006592,C03155,2024-07-08,Completed,10
O006593,C03155,04-Sep-2024,Completed,0
O006594,C03156,18-Mar-2024,Completed,0
O006595,C03156,2024-05-20,Completed,20
O006596,C03156,2024-06-17,Completed,10
O006597,C03156,2024-09-16,Completed,10
O006598,C03157,2024-03-19,Completed,10
O006598,C03157,2024-03-19,Completed,10
O006599,C03158,2024-03-20,Completed,0
O006600,C03159,2024-03-18,Completed,0
O006601,C03160,2024-03-19,Cancelled,10
O006602,C03160,2024-04-07,Completed,10
O006603,C03161,2024-03-21,Completed,0
O006604,C03161,2024-07-31,Completed,0
O006605,C03161,2024-12-29,Completed,0
O006606,C03162,2024-03-21,Completed,15
O006607,C03162,2024-05-28,Completed,0
O006608,C03163,2024-03-20,Completed,0
O006609,C03163,2024-05-16,Completed,0
O006610,C03164,2024-03-20,Completed,0
O006611,C03164,2024-10-08,Completed,0
O006612,C03165,2024-03-22,Completed,0
O006613,C03166,2024-03-21,Completed,0
O006614,C03166,2024-04-01,Completed,10
O006615,C03166,2024-05-23,Completed,10
O006616,C03167,2024-03-20,Completed,0
O006617,C03167,2024-04-18,Completed,0
O006618,C03167,2024-06-20,Cancelled,0
O006619,C03167,2024-10-29,Completed,0
O006620,C03168,2024-03-21,Completed,20
O006621,C03168,2024-04-02,Completed,0
O006622,C03168,2024-07-05,Completed,0
O006623,C03169,2024-03-22,Completed,0
O006624,C03169,2024-08-02,Cancelled,20
O006625,C03170,2024-03-20,Completed,0
O006626,C03170,2024-05-11,Completed,0
O006627,C03170,2024-05-20,Completed,0
O006628,C03171,2024-03-20,Completed,0
O006629,C03172,2024-03-20,Completed,0
O006630,C03173,2024-03-20,Completed,0
O006631,C03173,2024-03-24,Completed,0
O006632,C03174,2024-03-23,Completed,0
O006633,C03174,2024-05-12,Completed,15
O006634,C03174,2024-12-31,Completed,0
O006635,C03175,2024-03-23,Completed,10
O006636,C03175,2024-09-29,Completed,0
O006637,C03175,2024-12-21,Completed,20
O006638,C03176,2024-03-23,Completed,10
O006639,C03177,2024-03-22,Completed,0
O006640,C03177,2024-09-07,Completed,0
O006641,C03177,2024-12-20,Completed,20
O006642,C03178,2024-03-23,Completed,0
O006643,C03179,2024-03-22,Completed,20
O006644,C03179,2024-06-21,Completed,0
O006645,C03179,2024-07-14,Completed,0
O006646,C03180,2024-03-22,Completed,0
O006647,C03180,2024-04-03,Completed,0
O006648,C03181,2024-03-22,Cancelled,0
O006649,C03181,2024-04-27,Completed,15
O006650,C03181,2024-05-29,Completed,0
O006651,C03182,2024-03-21,Completed,0
O006652,C03182,2024-04-11,Completed,15
O006653,C03183,2024-03-23,Completed,0
O006654,C03183,2024-04-22,Completed,15
O006655,C03184,2024-03-22,Completed,0
O006656,C03185,2024-03-23,Completed,10
O006657,C03186,2024-03-23,Completed,0
O006658,C03186,2024-05-08,Completed,15
O006659,C03186,2024-11-10,Completed,15
O006660,C03187,2024-03-23,Completed,0
O006661,C03188,2024-03-22,Completed,0
O006662,C03189,2024-03-24,Completed,30
O006663,C03190,2024-03-24,Completed,20
O006664,C03191,2024-03-24,Completed,15
O006665,C03191,2024-09-21,Completed,0
O006666,C03191,2024-11-15,Completed,20
O006667,C03192,24-Mar-2024,Cancelled,15
O006668,C03193,2024-03-24,Completed,0
O006669,C03193,2024-06-14,Completed,0
O006670,C03193,2024-06-21,Completed,0
O006671,C03193,2024-11-22,Completed,30
O006672,C03193,05-Dec-2024,Completed,0
O006673,C03193,2024-12-21,Completed,15
O006674,C03194,2024-03-25,Completed,0
O006675,C03194,2024-08-06,Completed,20
O006676,C03194,2024-10-27,Completed,0
O006677,C03195,2024-03-24,Completed,0
O006678,C03195,2024-11-03,Completed,30
O006679,C03195,2024-11-26,Cancelled,0
O006680,C03196,2024-03-24,Completed,0
O006681,C03196,2024-03-26,Completed,10
O006682,C03196,2024-08-09,Completed,0
O006683,C03196,2024-09-08,Completed,0
O006684,C03197,2024-03-25,Completed,10
O006685,C03197,2024-07-25,Completed,0
O006686,C03197,2024-08-13,Completed,15
O006687,C03198,2024-03-23,Completed,0
O006688,C03199,2024-03-23,Completed,0
O006689,C03200,2024-03-24,Completed,10
O006690,C03200,2024-04-19,Completed,20
O006691,C03201,2024-03-24,Completed,0
O006692,C03201,2024-08-22,Completed,0
O006693,C03202,2024-03-25,Completed,20
O006694,C03202,2024-04-04,Completed,0
O006695,C03202,2024-06-30,Completed,0
O006696,C03203,2024-03-24,Completed,0
O006697,C03203,2024-08-23,Completed,0
O006698,C03203,2024-09-07,Completed,20
O006699,C03203,2024-09-21,Completed,0
O006700,C03204,2024-03-26,Completed,10
O006701,C03204,2024-07-15,Completed,10
O006702,C03205,2024-03-24,Completed,10
O006703,C03205,2024-04-02,Completed,0
O006704,C03206,2024-03-26,Completed,0
O006705,C03206,2024-07-14,Completed,0
O006706,C03206,2024-07-29,Completed,0
O006707,C03206,2024-08-02,Completed,0
O006708,C03206,31-Aug-2024,Completed,15
O006709,C03207,2024-03-25,Completed,0
O006710,C03208,2024-03-26,Completed,0
O006711,C03209,2024-03-25,Completed,15
O006712,C03209,2024-08-13,Completed,0
O006713,C03209,2024-09-19,Completed,0
O006714,C03209,2024-10-13,Completed,0
O006715,C03210,2024-03-26,Completed,10
O006716,C03211,2024-03-27,Completed,0
O006717,C03212,2024-03-27,Completed,0
O006718,C03212,2024-06-06,Completed,0
O006719,C03212,2024-06-14,Completed,0
O006720,C03213,2024-03-26,Completed,0
O006721,C03214,2024-03-27,Completed,0
O006722,C03215,2024-03-27,Completed,10
O006723,C03216,2024-03-26,Completed,0
O006724,C03217,2024-03-27,Completed,0
O006725,C03218,2024-03-26,Completed,0
O006726,C03219,2024-03-27,Completed,30
O006727,C03219,2024-05-26,Completed,0
O006728,C03219,2024-06-12,Completed,0
O006729,C03219,2024-07-09,Completed,0
O006730,C03219,2024-07-11,Completed,0
O006731,C03219,11-Aug-2024,Completed,0
O006732,C03219,2024-08-22,Completed,0
O006733,C03219,2024-11-06,Completed,10
O006734,C03220,2024-03-27,Completed,20
O006735,C03220,2024-04-13,Completed,0
O006736,C03220,22-May-2024,Completed,20
O006737,C03220,2024-07-11,Completed,20
O006738,C03221,2024-03-28,Cancelled,0
O006739,C03222,2024-03-28,Completed,0
O006740,C03222,01-Apr-2024,Completed,20
O006741,C03223,2024-03-28,Completed,0
O006742,C03223,2024-06-01,Completed,0
O006743,C03224,2024-03-27,Completed,0
O006744,C03224,2024-08-18,Completed,0
O006745,C03224,2024-10-28,Completed,0
O006746,C03225,2024-03-27,Completed,0
O006747,C03226,2024-03-29,Completed,0
O006748,C03227,2024-03-28,Completed,0
O006749,C03227,2024-06-28,Completed,0
O006750,C03228,2024-03-29,Completed,0
O006751,C03228,2024-05-07,Completed,0
O006752,C03228,13-May-2024,Completed,0
O006753,C03228,2024-08-24,Completed,0
O006754,C03228,2024-09-14,Completed,0
O006755,C03228,2024-09-25,Completed,0
O006756,C03228,2024-11-02,Completed,20
O006757,C03229,2024-03-28,Completed,0
O006758,C03230,2024-03-28,Completed,15
O006759,C03231,2024-03-28,Completed,0
O006760,C03232,2024-03-28,Completed,0
O006761,C03232,2024-08-06,Completed,0
O006762,C03232,2024-12-22,Completed,15
O006763,C03233,2024-03-29,Completed,0
O006764,C03233,2024-05-08,Completed,0
O006765,C03234,2024-03-30,Completed,20
O006766,C03234,2024-07-08,Completed,0
O006767,C03234,2024-07-14,Completed,0
O006768,C03234,2024-12-21,Completed,10
O006769,C03235,2024-03-28,Completed,0
O006770,C03236,2024-03-28,Completed,0
O006771,C03237,2024-03-28,Completed,0
O006772,C03238,2024-03-30,Cancelled,15
O006773,C03238,2024-08-28,Completed,20
O006774,C03238,2024-12-16,Completed,0
O006775,C03239,2024-03-28,Completed,20
O006776,C03240,2024-03-28,Completed,0
O006777,C03241,2024-03-28,Completed,15
O006778,C03241,2024-04-26,Completed,0
O006779,C03242,2024-03-30,Completed,0
O006780,C03242,2024-05-11,Cancelled,0
O006781,C03243,2024-03-30,Completed,0
O006782,C03243,2024-04-17,Completed,20
O006783,C03243,2024-06-13,Completed,0
O006784,C03243,2024-06-27,Completed,15
O006785,C03244,2024-03-29,Cancelled,0
O006786,C03244,2024-04-18,Completed,0
O006787,C03244,2024-10-09,Completed,0
O006788,C03244,2024-11-05,Completed,10
O006789,C03245,2024-03-29,Completed,10
O006790,C03246,2024-03-29,Completed,0
O006791,C03247,2024-03-29,Completed,20
O006792,C03248,2024-03-31,Completed,0
O006793,C03249,2024-03-31,Completed,15
O006794,C03249,2024-07-22,Completed,0
O006795,C03250,2024-03-30,Completed,0
O006796,C03251,30-Mar-2024,Completed,10
O006796,C03251,30-Mar-2024,Completed,10
O006797,C03252,2024-04-01,Completed,10
O006798,C03252,2024-05-08,Completed,0
O006799,C03253,2024-04-01,Completed,0
O006800,C03254,2024-03-30,Completed,0
O006801,C03255,2024-03-30,Completed,0
O006802,C03256,2024-03-31,Completed,15
O006803,C03257,2024-04-01,Completed,0
O006804,C03258,2024-03-31,Completed,0
O006805,C03258,2024-04-22,Completed,0
O006806,C03258,2024-05-05,Completed,15
O006807,C03259,2024-03-31,Completed,0
O006808,C03260,2024-04-02,Completed,10
O006809,C03260,2024-05-07,Completed,0
O006810,C03260,2024-07-08,Completed,0
O006811,C03261,2024-03-31,Completed,0
O006812,C03261,2024-07-22,Completed,20
O006813,C03262,2024-04-01,Completed,0
O006814,C03263,2024-03-31,Completed,0
O006815,C03263,2024-05-08,Completed,0
O006816,C03264,2024-04-02,Completed,0
O006817,C03264,2024-05-20,Completed,0
O006818,C03265,2024-04-02,Cancelled,0
O006819,C03266,2024-04-01,Cancelled,10
O006820,C03266,2024-04-20,Completed,0
O006821,C03266,2024-11-21,Completed,20
O006822,C03266,2024-12-02,Completed,30
O006823,C03267,2024-04-03,Completed,0
O006824,C03267,2024-04-14,Completed,0
O006825,C03268,2024-04-01,Completed,0
O006826,C03269,2024-04-03,Completed,0
O006827,C03269,2024-04-28,Completed,0
O006828,C03269,2024-05-25,Completed,0
O006829,C03270,2024-04-02,Completed,0
O006830,C03271,2024-04-01,Completed,0
O006831,C03271,13-Jun-2024,Completed,20
O006832,C03271,2024-07-06,Completed,20
O006833,C03272,2024-04-02,Completed,10
O006834,C03272,2024-05-12,Completed,0
O006835,C03273,2024-04-03,Completed,0
O006836,C03273,2024-07-08,Completed,20
O006837,C03274,2024-04-02,Completed,0
O006838,C03274,2024-05-06,Completed,15
O006839,C03274,2024-06-26,Completed,0
O006840,C03275,2024-04-03,Completed,0
O006841,C03275,2024-06-14,Completed,0
O006842,C03276,2024-04-04,Completed,10
O006843,C03277,2024-04-03,Completed,10
O006844,C03277,2024-05-06,Completed,15
O006845,C03277,2024-07-27,Completed,0
O006846,C03277,2024-09-19,Completed,0
O006847,C03277,2024-11-18,Completed,20
O006848,C03277,2024-12-29,Completed,10
O006849,C03278,2024-04-02,Completed,0
O006850,C03278,2024-06-17,Completed,20
O006851,C03279,2024-04-02,Completed,15
O006852,C03280,2024-04-04,Cancelled,10
O006853,C03281,2024-04-04,Completed,0
O006854,C03282,2024-04-04,Completed,0
O006855,C03282,2024-05-07,Completed,0
O006856,C03283,2024-04-05,Completed,0
O006857,C03283,2024-04-14,Completed,0
O006857,C03283,2024-04-14,Completed,0
O006858,C03284,2024-04-05,Completed,10
O006859,C03284,2024-07-15,Cancelled,0
O006860,C03284,2024-07-26,Completed,0
O006861,C03285,2024-04-03,Completed,0
O006862,C03286,2024-04-04,Completed,0
O006863,C03287,2024-04-06,Completed,0
O006864,C03287,2024-05-04,Completed,20
O006865,C03288,2024-04-05,Cancelled,10
O006866,C03288,2024-05-20,Completed,0
O006867,C03288,2024-05-26,Completed,10
O006868,C03288,2024-06-01,Completed,0
O006869,C03288,2024-07-24,Completed,0
O006870,C03288,2024-10-14,Completed,20
O006871,C03288,2024-11-11,Completed,10
O006872,C03289,2024-04-06,Completed,30
O006873,C03289,2024-04-18,Completed,10
O006874,C03290,2024-04-06,Completed,15
O006875,C03290,2024-10-18,Completed,0
O006876,C03291,2024-04-06,Cancelled,0
O006877,C03291,2024-05-01,Completed,0
O006878,C03291,2024-10-02,Completed,0
O006879,C03292,2024-04-06,Completed,10
O006880,C03293,2024-04-05,Completed,0
O006881,C03294,2024-04-04,Completed,10
O006882,C03294,2024-04-23,Completed,0
O006883,C03295,2024-04-05,Completed,0
O006884,C03296,2024-04-05,Completed,0
O006885,C03297,2024-04-06,Completed,0
O006886,C03298,2024-04-05,Completed,0
O006887,C03298,2024-04-07,Completed,0
O006887,C03298,2024-04-07,Completed,0
O006888,C03299,2024-04-05,Completed,10
O006889,C03299,2024-08-21,Completed,10
O006889,C03299,2024-08-21,Completed,10
O006890,C03299,2024-10-01,Completed,10
O006891,C03300,2024-04-06,Completed,0
O006892,C03301,2024-04-06,Completed,0
O006893,C03302,2024-04-06,Completed,0
O006894,C03303,2024-04-08,Completed,30
O006895,C03304,2024-04-08,Completed,0
O006896,C03305,2024-04-06,Completed,10
O006897,C03306,2024-04-06,Completed,0
O006898,C03307,2024-04-09,Completed,0
O006899,C03307,2024-08-06,Completed,0
O006900,C03307,2024-12-19,Completed,10
O006901,C03308,2024-04-07,Completed,0
O006902,C03309,2024-04-08,Completed,0
O006903,C03310,2024-04-08,Completed,10
O006904,C03310,2024-06-16,Completed,0
O006905,C03311,2024-04-08,Completed,15
O006906,C03312,2024-04-08,Completed,0
O006907,C03313,2024-04-08,Completed,0
O006908,C03313,2024-12-23,Completed,0
O006909,C03314,2024-04-08,Cancelled,0
O006910,C03314,2024-04-18,Completed,0
O006911,C03314,2024-04-27,Completed,0
O006912,C03315,09-Apr-2024,Completed,10
O006913,C03316,2024-04-09,Completed,0
O006914,C03316,2024-06-02,Completed,15
O006915,C03316,2024-09-15,Completed,0
O006916,C03317,2024-04-09,Completed,0
O006917,C03317,2024-05-07,Completed,10
O006918,C03318,2024-04-10,Completed,0
O006919,C03319,2024-04-11,Completed,0
O006920,C03320,2024-04-11,Completed,0
O006921,C03321,2024-04-12,Completed,0
O006922,C03321,2024-06-05,Completed,0
O006923,C03321,2024-06-27,Completed,0
O006924,C03321,2024-07-11,Completed,10
O006925,C03322,2024-04-12,Completed,0
O006926,C03322,2024-05-06,Completed,15
O006927,C03322,2024-09-12,Completed,0
O006928,C03322,2024-11-19,Completed,15
O006929,C03323,2024-04-11,Completed,0
O006930,C03324,2024-04-12,Completed,0
O006931,C03325,2024-04-11,Completed,0
O006932,C03326,2024-04-12,Completed,0
O006933,C03327,2024-04-11,Completed,0
O006934,C03328,2024-04-12,Completed,10
O006935,C03328,2024-04-26,Completed,0
O006936,C03329,2024-04-11,Completed,0
O006937,C03329,2024-07-30,Completed,10
O006938,C03329,2024-10-21,Completed,10
O006939,C03330,2024-04-11,Completed,0
O006940,C03330,2024-04-24,Completed,15
O006941,C03331,2024-04-11,Completed,0
O006942,C03332,2024-04-12,Completed,0
O006943,C03332,2024-05-05,Completed,10
O006944,C03332,2024-08-26,Completed,0
O006945,C03333,2024-04-12,Completed,15
O006946,C03333,2024-04-16,Completed,0
O006947,C03333,2024-04-21,Cancelled,0
O006948,C03334,2024-04-12,Completed,10
O006949,C03334,2024-05-09,Completed,0
O006950,C03334,2024-08-13,Completed,15
O006951,C03334,2024-09-13,Completed,0
O006952,C03335,2024-04-13,Completed,10
O006953,C03336,2024-04-12,Completed,10
O006954,C03337,2024-04-13,Completed,0
O006955,C03338,2024-04-14,Completed,10
O006956,C03339,2024-04-13,Completed,15
O006957,C03340,2024-04-12,Completed,10
O006958,C03341,2024-04-12,Completed,15
O006959,C03341,2024-04-30,Completed,20
O006960,C03342,2024-04-14,Completed,10
O006961,C03342,2024-06-28,Completed,0
O006962,C03342,2024-07-18,Completed,20
O006963,C03342,2024-07-20,Completed,0
O006964,C03343,2024-04-15,Completed,0
O006965,C03344,2024-04-13,Completed,0
O006966,C03344,2024-06-22,Completed,0
O006967,C03345,14-Apr-2024,Completed,0
O006968,C03346,2024-04-14,Completed,10
O006969,C03347,2024-04-15,Completed,0
O006970,C03347,2024-07-22,Completed,0
O006971,C03348,2024-04-14,Completed,0
O006972,C03349,2024-04-15,Completed,0
O006973,C03350,2024-04-14,Completed,0
O006974,C03350,2024-06-13,Completed,0
O006975,C03350,2024-07-22,Completed,0
O006976,C03351,2024-04-14,Completed,0
O006977,C03351,2024-04-23,Completed,0
O006978,C03351,2024-05-31,Completed,0
O006979,C03352,2024-04-13,Completed,20
O006980,C03353,2024-04-15,Completed,20
O006981,C03354,2024-04-13,Completed,0
O006982,C03355,2024-04-15,Completed,0
O006983,C03355,2024-05-11,Completed,0
O006984,C03355,2024-09-16,Completed,0
O006985,C03355,2024-09-21,Completed,10
O006986,C03356,2024-04-16,Completed,0
O006987,C03356,2024-05-15,Completed,0
O006988,C03357,2024-04-16,Completed,0
O006989,C03358,2024-04-16,Completed,0
O006990,C03358,2024-08-30,Completed,30
O006991,C03358,2024-11-08,Completed,0
O006992,C03359,2024-04-15,Completed,0
O006993,C03359,2024-05-07,Cancelled,0
O006994,C03360,2024-04-15,Completed,15
O006995,C03361,2024-04-14,Completed,0
O006996,C03362,2024-04-16,Completed,0
O006997,C03363,2024-04-16,Completed,0
O006998,C03363,2024-05-13,Completed,0
O006999,C03363,2024-07-25,Completed,0
O007000,C03363,2024-10-19,Completed,0
O007001,C03364,2024-04-15,Completed,10
O007002,C03364,2024-06-03,Completed,0
O007003,C03365,2024-04-16,Completed,0
O007004,C03366,2024-04-15,Completed,0
O007005,C03366,2024-04-18,Completed,10
O007006,C03367,2024-04-15,Completed,0
O007007,C03368,2024-04-17,Completed,20
O007008,C03369,2024-04-16,Completed,0
O007009,C03369,2024-06-18,Completed,0
O007010,C03369,2024-12-04,Completed,30
O007011,C03369,2024-12-21,Cancelled,0
O007012,C03370,2024-04-17,Completed,0
O007013,C03371,2024-04-18,Completed,0
O007014,C03372,2024-04-17,Completed,0
O007015,C03372,2024-04-21,Completed,0
O007016,C03372,2024-05-06,Completed,10
O007017,C03372,2024-05-10,Completed,20
O007018,C03372,2024-05-29,Completed,0
O007019,C03372,2024-11-09,Completed,20
O007020,C03372,2024-11-14,Completed,0
O007021,C03373,2024-04-18,Cancelled,15
O007022,C03374,2024-04-16,Completed,20
O007023,C03375,2024-04-17,Completed,0
O007024,C03376,16-Apr-2024,Completed,0
O007025,C03377,2024-04-16,Completed,0
O007026,C03378,2024-04-18,Completed,0
O007026,C03378,2024-04-18,Completed,0
O007027,C03378,2024-05-24,Completed,0
O007028,C03378,2024-06-27,Completed,10
O007029,C03378,2024-08-24,Completed,0
O007030,C03379,2024-04-17,Completed,15
O007031,C03380,2024-04-16,Completed,0
O007032,C03381,2024-04-16,Completed,20
O007033,C03381,2024-12-04,Completed,15
O007034,C03382,2024-04-17,Completed,10
O007035,C03382,2024-10-07,Completed,0
O007036,C03382,2024-11-04,Completed,0
O007037,C03383,2024-04-18,Completed,10
O007038,C03383,2024-04-19,Completed,0
O007039,C03384,2024-04-19,Completed,30
O007040,C03384,2024-04-27,Completed,0
O007041,C03385,2024-04-19,Completed,0
O007042,C03385,2024-09-23,Completed,0
O007043,C03386,2024-04-17,Completed,15
O007044,C03386,2024-05-11,Completed,10
O007045,C03386,2024-08-02,Completed,10
O007046,C03386,2024-08-29,Completed,0
O007047,C03386,2024-10-03,Completed,0
O007048,C03386,04-Oct-2024,Completed,0
O007049,C03387,18-Apr-2024,Completed,0
O007050,C03387,2024-06-06,Completed,0
O007051,C03388,2024-04-18,Completed,10
O007052,C03388,2024-05-23,Completed,0
O007053,C03388,2024-07-30,Completed,10
O007054,C03388,2024-10-29,Completed,0
O007055,C03389,2024-04-19,Completed,0
O007056,C03390,2024-04-19,Completed,0
O007057,C03391,2024-04-18,Completed,0
O007058,C03392,2024-04-19,Completed,0
O007059,C03393,2024-04-19,Completed,0
O007060,C03394,2024-04-20,Completed,15
O007061,C03395,2024-04-18,Cancelled,0
O007062,C03396,2024-04-18,Completed,0
O007063,C03397,2024-04-19,Completed,10
O007064,C03397,2024-09-25,Completed,15
O007065,C03397,2024-11-19,Completed,10
O007066,C03398,20-Apr-2024,Completed,0
O007067,C03399,2024-04-20,Completed,0
O007068,C03400,2024-04-19,Completed,10
O007069,C03401,2024-04-19,Completed,0
O007070,C03401,2024-04-20,Completed,10
O007071,C03402,2024-04-18,Completed,10
O007072,C03402,2024-09-18,Completed,0
O007073,C03402,2024-11-20,Completed,10
O007074,C03402,2024-11-27,Completed,15
O007075,C03403,2024-04-20,Completed,20
O007076,C03404,2024-04-19,Completed,0
O007077,C03405,2024-04-21,Completed,0
O007078,C03406,2024-04-21,Completed,10
O007079,C03406,2024-05-13,Completed,0
O007080,C03406,2024-07-08,Completed,15
O007081,C03407,2024-04-19,Completed,10
O007082,C03408,2024-04-20,Completed,0
O007083,C03409,2024-04-19,Cancelled,0
O007084,C03409,2024-05-13,Completed,15
O007085,C03410,2024-04-20,Completed,0
O007086,C03410,2024-12-02,Completed,20
O007087,C03411,2024-04-21,Completed,0
O007088,C03412,2024-04-22,Completed,10
O007089,C03413,2024-04-20,Completed,0
O007090,C03414,2024-04-20,Completed,0
O007091,C03415,2024-04-21,Completed,0
O007092,C03415,2024-05-13,Cancelled,10
O007093,C03415,2024-05-25,Completed,15
O007094,C03416,2024-04-22,Completed,15
O007095,C03416,2024-05-13,Completed,0
O007096,C03416,2024-06-20,Completed,10
O007097,C03416,2024-07-22,Completed,0
O007098,C03417,21-Apr-2024,Completed,0
O007099,C03418,2024-04-21,Completed,0
O007100,C03418,2024-09-18,Completed,0
O007101,C03419,2024-04-23,Completed,0
O007102,C03419,2024-05-03,Completed,20
O007103,C03420,2024-04-21,Completed,0
O007104,C03420,2024-11-10,Completed,20
O007105,C03421,2024-04-21,Completed,0
O007106,C03422,2024-04-21,Cancelled,0
O007107,C03422,2024-05-15,Completed,0
O007108,C03422,2024-05-26,Completed,0
O007109,C03422,2024-07-16,Completed,0
O007110,C03422,2024-07-29,Completed,10
O007111,C03423,2024-04-23,Completed,20
O007112,C03423,2024-11-14,Completed,0
O007113,C03423,2024-12-26,Completed,15
O007114,C03424,2024-04-22,Completed,0
O007115,C03424,2024-05-08,Completed,20
O007116,C03424,2024-05-26,Completed,0
O007117,C03425,2024-04-24,Completed,0
O007118,C03426,2024-04-22,Completed,15
O007119,C03427,2024-04-23,Completed,0
O007120,C03427,2024-06-07,Completed,15
O007121,C03428,2024-04-22,Completed,0
O007122,C03428,2024-10-11,Completed,0
O007122,C03428,2024-10-11,Completed,0
O007123,C03429,2024-04-23,Completed,20
O007124,C03430,2024-04-22,Completed,15
O007125,C03431,2024-04-22,Completed,30
O007126,C03432,25-Apr-2024,Completed,0
O007127,C03433,2024-04-24,Completed,0
O007128,C03433,2024-07-02,Completed,10
O007129,C03433,2024-08-12,Completed,0
O007130,C03434,2024-04-23,Completed,0
O007131,C03435,2024-04-24,Completed,0
O007132,C03435,2024-05-21,Completed,0
O007133,C03435,2024-07-17,Completed,0
O007134,C03435,2024-07-21,Completed,0
O007135,C03435,2024-09-05,Completed,15
O007136,C03436,2024-04-23,Completed,0
O007137,C03436,2024-04-26,Completed,0
O007138,C03436,2024-09-13,Completed,0
O007139,C03437,2024-04-23,Completed,0
O007140,C03437,2024-04-29,Completed,0
O007141,C03437,2024-05-29,Completed,0
O007142,C03437,2024-08-18,Completed,0
O007143,C03438,2024-04-25,Cancelled,0
O007144,C03439,23-Apr-2024,Completed,0
O007145,C03439,2024-08-05,Completed,0
O007146,C03439,2024-10-23,Completed,0
O007147,C03439,2024-11-07,Completed,0
O007148,C03440,2024-04-23,Completed,0
O007149,C03440,2024-06-16,Completed,20
O007150,C03440,2024-06-27,Completed,0
O007151,C03441,2024-04-23,Completed,0
O007152,C03441,2024-04-28,Completed,0
O007153,C03442,2024-04-24,Completed,10
O007154,C03442,2024-05-27,Completed,0
O007155,C03442,2024-10-18,Completed,0
O007156,C03443,2024-04-23,Completed,10
O007157,C03443,2024-05-29,Completed,0
O007158,C03443,2024-09-13,Completed,10
O007159,C03443,2024-10-14,Completed,20
O007160,C03444,2024-04-23,Cancelled,10
O007161,C03445,2024-04-24,Completed,0
O007162,C03446,2024-04-25,Completed,0
O007163,C03447,2024-04-26,Completed,0
O007164,C03447,2024-08-04,Completed,10
O007165,C03447,2024-10-02,Completed,20
O007166,C03448,2024-04-25,Completed,20
O007167,C03449,2024-04-25,Completed,0
O007168,C03450,2024-04-26,Completed,15
O007169,C03450,2024-08-20,Completed,20
O007170,C03450,2024-09-01,Completed,0
O007171,C03451,2024-04-25,Completed,0
O007172,C03452,2024-04-24,Completed,0
O007173,C03452,2024-08-01,Completed,0
O007174,C03453,2024-04-26,Cancelled,0
O007175,C03453,2024-05-12,Completed,0
O007176,C03453,2024-05-30,Completed,15
O007177,C03453,2024-09-11,Completed,20
O007178,C03454,2024-04-25,Completed,10
O007179,C03455,2024-04-24,Completed,10
O007180,C03455,2024-06-26,Completed,0
O007181,C03455,2024-07-15,Completed,10
O007182,C03455,2024-11-10,Completed,0
O007183,C03455,2024-11-20,Completed,0
O007184,C03455,2024-11-30,Completed,30
O007185,C03456,2024-04-26,Completed,0
O007186,C03457,2024-04-26,Completed,10
O007187,C03458,2024-04-27,Completed,15
O007188,C03459,2024-04-25,Completed,0
O007189,C03460,2024-04-26,Cancelled,15
O007190,C03461,2024-04-27,Completed,15
O007191,C03461,2024-09-08,Completed,0
O007192,C03461,2024-12-25,Completed,15
O007193,C03462,2024-04-25,Completed,0
O007194,C03462,2024-05-19,Completed,20
O007195,C03463,2024-04-26,Completed,0
O007196,C03463,2024-05-16,Completed,10
O007197,C03464,2024-04-25,Completed,10
O007198,C03464,22-Jul-2024,Completed,0
O007199,C03465,2024-04-27,Completed,20
O007200,C03466,2024-04-28,Completed,10
O007201,C03467,27-Apr-2024,Completed,0
O007202,C03468,2024-04-28,Completed,0
O007203,C03469,2024-04-28,Completed,0
O007204,C03470,2024-04-29,Completed,0
O007205,C03471,2024-04-27,Completed,0
O007206,C03472,2024-04-27,Completed,0
O007207,C03473,2024-04-28,Completed,0
O007208,C03473,2024-12-02,Completed,0
O007209,C03474,2024-04-28,Completed,0
O007210,C03475,2024-04-29,Completed,0
O007211,C03476,2024-04-27,Completed,0
O007212,C03477,2024-04-27,Completed,0
O007213,C03478,2024-04-29,Completed,0
O007214,C03479,2024-04-27,Completed,0
O007215,C03480,2024-04-28,Completed,0
O007216,C03481,2024-04-28,Completed,0
O007217,C03482,2024-04-28,Completed,0
O007218,C03483,2024-04-28,Completed,20
O007219,C03483,2024-06-11,Completed,20
O007220,C03483,2024-08-18,Completed,0
O007221,C03483,2024-10-10,Completed,15
O007222,C03483,2024-12-07,Completed,0
O007223,C03484,2024-04-30,Completed,0
O007224,C03484,2024-06-06,Completed,10
O007225,C03484,2024-06-12,Completed,0
O007226,C03485,2024-04-30,Completed,15
O007227,C03485,2024-06-13,Completed,10
O007228,C03485,2024-08-20,Completed,0
O007229,C03485,2024-10-11,Completed,0
O007230,C03485,2024-12-25,Completed,15
O007231,C03486,2024-04-30,Completed,0
O007232,C03487,2024-04-28,Completed,10
O007233,C03487,2024-07-11,Completed,0
O007234,C03488,2024-05-01,Completed,0
O007235,C03489,2024-04-29,Completed,0
O007236,C03490,2024-04-30,Completed,15
O007237,C03490,2024-06-21,Completed,0
O007238,C03490,2024-06-26,Completed,0
O007239,C03490,2024-07-05,Completed,0
O007240,C03491,2024-05-01,Completed,15
O007241,C03492,2024-05-01,Completed,0
O007242,C03492,27-May-2024,Completed,15
O007243,C03492,2024-07-24,Completed,0
O007244,C03492,2024-08-02,Completed,20
O007245,C03492,2024-12-22,Completed,20
O007246,C03493,2024-04-29,Completed,0
O007247,C03494,2024-04-30,Completed,10
O007248,C03494,2024-10-12,Completed,10
O007249,C03495,2024-04-29,Completed,0
O007250,C03495,2024-05-26,Completed,10
O007251,C03495,2024-07-06,Completed,0
O007252,C03496,2024-04-30,Completed,0
O007253,C03497,2024-04-30,Completed,0
O007254,C03497,2024-07-25,Completed,0
O007255,C03497,2024-11-08,Completed,0
O007256,C03498,2024-05-02,Completed,10
O007257,C03499,2024-05-02,Completed,15
O007258,C03499,2024-05-22,Completed,15
O007259,C03500,2024-05-01,Completed,0
O007260,C03500,2024-06-05,Completed,0
O007261,C03501,2024-05-02,Completed,10
O007262,C03501,2024-10-22,Completed,0
O007263,C03501,2024-11-07,Completed,30
O007264,C03502,2024-05-01,Completed,0
O007265,C03503,2024-05-03,Completed,0
O007266,C03503,2024-05-25,Completed,20
O007267,C03504,2024-05-01,Completed,15
O007268,C03504,2024-05-04,Completed,0
O007269,C03504,2024-07-22,Completed,10
O007270,C03505,2024-05-02,Completed,0
O007271,C03505,2024-12-15,Completed,0
O007272,C03506,2024-05-02,Completed,0
O007273,C03507,2024-05-01,Completed,10
O007274,C03508,2024-05-03,Completed,15
O007275,C03508,2024-08-03,Completed,15
O007276,C03508,2024-09-04,Completed,0
O007277,C03509,2024-05-04,Completed,10
O007278,C03509,2024-06-16,Completed,0
O007279,C03510,2024-05-03,Completed,0
O007280,C03511,2024-05-04,Completed,0
O007281,C03511,2024-10-14,Completed,30
O007282,C03512,2024-05-03,Cancelled,10
O007283,C03513,2024-05-04,Completed,0
O007284,C03514,2024-05-03,Completed,0
O007285,C03515,2024-05-04,Completed,20
O007286,C03515,2024-05-14,Completed,10
O007287,C03515,2024-09-11,Completed,10
O007288,C03515,2024-09-24,Completed,0
O007289,C03516,2024-05-04,Completed,30
O007290,C03516,2024-09-10,Completed,0
O007291,C03517,2024-05-03,Completed,0
O007291,C03517,2024-05-03,Completed,0
O007292,C03517,2024-06-23,Completed,15
O007293,C03518,2024-05-04,Cancelled,0
O007294,C03518,2024-05-14,Completed,10
O007295,C03518,21-Jun-2024,Completed,0
O007296,C03518,2024-06-30,Completed,20
O007297,C03518,2024-09-04,Completed,0
O007298,C03518,2024-09-06,Completed,0
O007299,C03518,2024-09-11,Cancelled,0
O007300,C03519,2024-05-04,Completed,0
O007301,C03520,2024-05-04,Completed,0
O007302,C03520,2024-10-04,Completed,10
O007303,C03521,2024-05-03,Completed,0
O007304,C03522,2024-05-03,Completed,0
O007305,C03522,2024-05-26,Completed,20
O007306,C03522,2024-06-15,Completed,10
O007307,C03522,2024-06-19,Completed,0
O007308,C03522,2024-06-24,Completed,0
O007309,C03522,2024-07-12,Completed,0
O007310,C03522,2024-07-16,Completed,0
O007311,C03523,2024-05-03,Completed,10
O007312,C03524,2024-05-04,Completed,0
O007313,C03525,2024-05-06,Completed,0
O007314,C03525,2024-07-14,Completed,0
O007315,C03525,2024-07-20,Completed,10
O007316,C03525,2024-08-02,Completed,0
O007317,C03526,2024-05-06,Completed,0
O007318,C03526,2024-08-24,Completed,0
O007319,C03527,2024-05-04,Completed,0
O007320,C03527,2024-06-27,Completed,0
O007321,C03528,2024-05-06,Completed,0
O007322,C03528,2024-06-10,Completed,0
O007323,C03528,2024-08-13,Completed,20
O007324,C03529,07-May-2024,Completed,10
O007325,C03530,2024-05-05,Completed,15
O007326,C03530,2024-06-14,Completed,0
O007327,C03530,2024-07-08,Completed,0
O007328,C03531,2024-05-06,Completed,0
O007329,C03531,2024-05-25,Completed,15
O007330,C03532,2024-05-05,Completed,10
O007331,C03532,2024-06-24,Completed,10
O007332,C03532,07-Jul-2024,Completed,10
O007333,C03533,2024-05-07,Completed,10
O007334,C03534,2024-05-05,Completed,0
O007335,C03535,06-May-2024,Completed,15
O007336,C03535,01-Jun-2024,Completed,0
O007337,C03536,2024-05-06,Completed,0
O007338,C03537,2024-05-05,Completed,0
O007339,C03537,2024-05-12,Completed,0
O007340,C03537,2024-08-03,Completed,0
O007341,C03538,2024-05-07,Completed,0
O007342,C03538,2024-07-12,Completed,0
O007343,C03538,2024-09-11,Completed,0
O007344,C03538,2024-09-19,Completed,0
O007345,C03538,2024-11-07,Completed,20
O007346,C03539,2024-05-08,Completed,30
O007347,C03540,2024-05-08,Completed,0
O007348,C03541,2024-05-08,Completed,0
O007349,C03541,2024-09-09,Completed,15
O007350,C03542,2024-05-07,Completed,0
O007351,C03542,2024-06-01,Completed,0
O007352,C03542,2024-06-21,Completed,0
O007353,C03542,2024-07-01,Completed,0
O007354,C03542,2024-09-21,Completed,0
O007355,C03543,2024-05-08,Completed,0
O007356,C03543,2024-10-16,Completed,10
O007357,C03544,2024-05-08,Completed,0
O007358,C03544,2024-06-07,Completed,10
O007359,C03545,2024-05-09,Completed,0
O007360,C03546,2024-05-07,Completed,0
O007361,C03547,2024-05-08,Completed,10
O007362,C03547,2024-07-02,Completed,15
O007363,C03548,2024-05-09,Completed,0
O007364,C03548,2024-06-11,Completed,0
O007365,C03548,2024-10-29,Completed,0
O007366,C03549,2024-05-08,Completed,0
O007367,C03550,2024-05-09,Completed,15
O007368,C03550,2024-07-21,Completed,0
O007369,C03550,2024-08-20,Completed,0
O007370,C03550,2024-11-02,Completed,0
O007371,C03551,2024-05-08,Completed,0
O007372,C03551,2024-06-21,Completed,0
O007373,C03551,2024-08-14,Completed,0
O007374,C03551,2024-09-12,Completed,0
O007375,C03551,2024-10-25,Completed,0
O007376,C03551,2024-12-17,Completed,10
O007377,C03551,2024-12-29,Completed,20
O007378,C03552,2024-05-09,Completed,0
O007379,C03553,2024-05-07,Completed,0
O007380,C03554,2024-05-09,Completed,0
O007381,C03555,2024-05-10,Completed,15
O007382,C03556,2024-05-08,Completed,0
O007383,C03556,2024-08-19,Completed,0
O007384,C03557,2024-05-08,Completed,0
O007385,C03557,2024-08-01,Completed,20
O007386,C03557,2024-12-11,Completed,0
O007387,C03558,2024-05-10,Completed,0
O007388,C03559,2024-05-10,Completed,0
O007389,C03559,2024-05-24,Completed,10
O007390,C03560,2024-05-11,Completed,20
O007391,C03560,16-Jul-2024,Completed,0
O007392,C03561,2024-05-10,Completed,0
O007393,C03561,2024-06-09,Completed,0
O007394,C03562,2024-05-10,Completed,0
O007395,C03563,2024-05-09,Completed,15
O007396,C03564,2024-05-11,Completed,0
O007397,C03564,2024-11-23,Completed,30
O007398,C03564,2024-12-20,Completed,10
O007399,C03565,2024-05-11,Completed,20
O007400,C03566,2024-05-10,Completed,0
O007401,C03566,2024-07-02,Completed,0
O007402,C03566,2024-11-06,Completed,30
O007403,C03566,2024-12-03,Completed,10
O007404,C03566,2024-12-30,Completed,0
O007405,C03567,2024-05-09,Completed,10
O007406,C03568,2024-05-09,Completed,0
O007407,C03569,2024-05-11,Completed,0
O007408,C03570,2024-05-10,Completed,0
O007409,C03570,2024-05-18,Completed,10
O007410,C03570,2024-06-23,Completed,15
O007411,C03571,11-May-2024,Completed,0
O007412,C03572,2024-05-11,Completed,0
O007413,C03572,2024-07-23,Completed,0
O007414,C03572,2024-08-03,Completed,20
O007415,C03572,2024-10-27,Completed,15
O007416,C03572,2024-12-01,Completed,15
O007417,C03573,2024-05-10,Completed,0
O007418,C03573,2024-07-18,Completed,0
O007419,C03573,2024-07-22,Completed,0
O007420,C03573,2024-07-26,Completed,0
O007420,C03573,2024-07-26,Completed,0
O007421,C03574,2024-05-11,Completed,30
O007422,C03575,2024-05-11,Completed,0
O007423,C03576,2024-05-12,Completed,0
O007424,C03577,2024-05-11,Completed,10
O007425,C03577,2024-07-30,Completed,0
O007426,C03577,2024-08-17,Completed,10
O007427,C03577,2024-11-23,Completed,20
O007428,C03578,2024-05-13,Completed,0
O007429,C03578,2024-11-17,Completed,10
O007430,C03579,2024-05-11,Completed,0
O007431,C03580,2024-05-11,Completed,10
O007432,C03581,2024-05-13,Completed,20
O007433,C03581,2024-08-13,Completed,15
O007434,C03582,2024-05-13,Completed,10
O007435,C03582,2024-06-17,Completed,0
O007436,C03582,2024-12-30,Completed,10
O007437,C03583,2024-05-13,Completed,10
O007438,C03584,2024-05-14,Completed,15
O007439,C03584,2024-08-08,Completed,0
O007440,C03584,2024-08-11,Completed,0
O007441,C03585,2024-05-13,Completed,0
O007442,C03585,2024-06-19,Completed,15
O007443,C03585,2024-11-13,Cancelled,10
O007444,C03585,2024-11-18,Completed,10
O007445,C03586,2024-05-13,Completed,0
O007446,C03587,2024-05-14,Completed,0
O007447,C03587,2024-07-21,Completed,0
O007448,C03587,2024-08-14,Cancelled,0
O007449,C03587,2024-11-12,Completed,0
O007450,C03588,2024-05-12,Completed,0
O007451,C03588,2024-06-15,Completed,0
O007452,C03589,2024-05-13,Completed,0
O007453,C03590,2024-05-13,Completed,20
O007454,C03591,2024-05-13,Completed,0
O007455,C03592,2024-05-12,Completed,15
O007456,C03592,2024-08-04,Completed,15
O007457,C03592,2024-09-14,Completed,0
O007458,C03593,2024-05-15,Completed,0
O007459,C03593,2024-11-17,Cancelled,0
O007460,C03594,15-May-2024,Completed,20
O007461,C03594,2024-06-10,Completed,0
O007462,C03594,2024-07-24,Cancelled,0
O007463,C03595,2024-05-13,Completed,0
O007464,C03595,2024-06-20,Completed,0
O007465,C03596,2024-05-14,Completed,0
O007466,C03597,2024-05-14,Completed,0
O007467,C03598,2024-05-13,Completed,0
O007468,C03599,2024-05-14,Completed,0
O007469,C03600,2024-05-14,Completed,0
O007470,C03600,2024-06-04,Completed,0
O007471,C03600,2024-10-28,Completed,0
O007472,C03601,2024-05-14,Completed,0
O007473,C03601,2024-08-05,Completed,0
O007474,C03601,2024-10-04,Completed,0
O007475,C03602,2024-05-15,Completed,0
O007476,C03603,2024-05-16,Completed,0
O007477,C03603,2024-12-19,Completed,20
O007478,C03604,2024-05-15,Completed,0
O007479,C03604,2024-06-12,Completed,20
O007480,C03604,2024-06-24,Completed,0
O007481,C03604,2024-07-22,Completed,0
O007482,C03604,2024-10-22,Completed,0
O007483,C03604,2024-11-29,Completed,0
O007484,C03605,2024-05-15,Completed,0
O007485,C03606,2024-05-14,Completed,0
O007486,C03606,2024-06-01,Completed,0
O007487,C03607,2024-05-15,Completed,0
O007488,C03607,2024-08-03,Completed,15
O007489,C03607,2024-09-28,Completed,0
O007490,C03608,2024-05-15,Completed,0
O007491,C03608,2024-08-27,Completed,0
O007492,C03609,2024-05-16,Completed,0
O007493,C03609,2024-07-14,Completed,20
O007494,C03610,2024-05-14,Completed,0
O007495,C03611,2024-05-16,Completed,0
O007496,C03612,2024-05-17,Completed,0
O007497,C03613,2024-05-16,Completed,0
O007498,C03613,2024-07-31,Completed,15
O007499,C03614,2024-05-16,Completed,30
O007500,C03615,2024-05-16,Completed,10
O007501,C03616,2024-05-17,Completed,15
O007502,C03617,2024-05-17,Completed,0
O007503,C03618,2024-05-17,Completed,0
O007504,C03619,2024-05-16,Completed,15
O007505,C03620,2024-05-16,Completed,15
O007506,C03621,2024-05-18,Completed,30
O007507,C03622,2024-05-16,Completed,0
O007508,C03622,2024-08-04,Completed,0
O007509,C03623,2024-05-18,Completed,0
O007510,C03624,2024-05-16,Completed,0
O007511,C03625,2024-05-17,Completed,30
O007512,C03626,2024-05-18,Completed,15
O007513,C03626,2024-08-13,Completed,10
O007514,C03627,2024-05-17,Completed,0
O007515,C03627,2024-05-24,Completed,0
O007516,C03627,2024-06-10,Completed,0
O007517,C03627,2024-06-26,Completed,0
O007518,C03628,2024-05-18,Completed,0
O007519,C03629,2024-05-18,Completed,0
O007520,C03629,2024-06-11,Completed,0
O007521,C03629,2024-11-06,Completed,20
O007522,C03629,2024-12-31,Completed,0
O007523,C03630,2024-05-17,Completed,15
O007524,C03630,2024-06-25,Completed,0
O007525,C03630,2024-09-29,Completed,0
O007526,C03631,2024-05-17,Completed,0
O007527,C03632,2024-05-17,Completed,0
O007528,C03632,2024-06-26,Completed,0
O007529,C03633,2024-05-17,Completed,10
O007530,C03633,2024-05-25,Completed,15
O007531,C03634,2024-05-17,Completed,15
O007532,C03635,2024-05-17,Completed,30
O007533,C03636,2024-05-18,Completed,0
O007534,C03636,2024-08-03,Completed,15
O007535,C03636,2024-09-06,Completed,10
O007536,C03636,2024-11-26,Completed,20
O007537,C03637,2024-05-18,Completed,0
O007538,C03637,2024-05-29,Completed,0
O007539,C03637,2024-08-20,Completed,0
O007540,C03637,2024-11-07,Completed,20
O007541,C03638,2024-05-17,Completed,0
O007542,C03639,2024-05-18,Completed,0
O007543,C03639,2024-06-22,Completed,0
O007544,C03639,2024-12-06,Completed,0
O007545,C03640,2024-05-18,Completed,0
O007546,C03640,2024-05-31,Completed,0
O007547,C03640,2024-06-29,Cancelled,0
O007548,C03641,2024-05-20,Completed,0
O007549,C03641,24-Jun-2024,Completed,20
O007550,C03641,2024-09-28,Completed,15
O007551,C03641,2024-11-05,Completed,0
O007552,C03642,2024-05-20,Completed,15
O007553,C03642,2024-09-28,Completed,0
O007554,C03643,2024-05-20,Completed,0
O007555,C03644,2024-05-20,Completed,10
O007556,C03644,2024-06-16,Completed,10
O007557,C03644,2024-09-29,Completed,0
O007558,C03645,2024-05-19,Completed,0
O007559,C03645,2024-06-30,Cancelled,0
O007560,C03646,2024-05-20,Completed,0
O007561,C03647,2024-05-20,Completed,0
O007562,C03648,2024-05-19,Completed,0
O007563,C03648,20-Aug-2024,Completed,0
O007564,C03649,2024-05-20,Completed,10
O007565,C03649,2024-12-30,Completed,10
O007566,C03650,2024-05-20,Completed,0
O007567,C03650,2024-05-28,Completed,20
O007568,C03650,2024-06-19,Completed,0
O007569,C03651,2024-05-21,Completed,0
O007570,C03652,2024-05-19,Completed,15
O007571,C03653,2024-05-21,Completed,0
O007572,C03653,2024-05-25,Completed,0
O007573,C03654,2024-05-20,Completed,0
O007574,C03655,2024-05-20,Completed,20
O007575,C03656,21-May-2024,Completed,0
O007576,C03657,2024-05-19,Completed,0
O007577,C03658,2024-05-20,Completed,0
O007578,C03659,2024-05-22,Cancelled,15
O007579,C03660,2024-05-20,Completed,0
O007580,C03661,2024-05-22,Completed,0
O007581,C03661,2024-11-25,Completed,20
O007582,C03662,2024-05-22,Completed,30
O007583,C03663,2024-05-22,Completed,0
O007584,C03664,2024-05-21,Completed,0
O007584,C03664,2024-05-21,Completed,0
O007585,C03664,2024-08-03,Completed,0
O007586,C03665,2024-05-21,Completed,0
O007587,C03666,2024-05-20,Completed,0
O007588,C03667,2024-05-22,Completed,0
O007589,C03668,2024-05-23,Completed,20
O007590,C03669,2024-05-21,Completed,10
O007591,C03669,2024-06-04,Completed,0
O007592,C03669,2024-07-10,Completed,10
O007593,C03670,2024-05-22,Completed,0
O007594,C03671,2024-05-21,Completed,0
O007595,C03672,2024-05-21,Completed,0
O007596,C03673,2024-05-23,Completed,0
O007597,C03674,2024-05-21,Completed,0
O007598,C03674,2024-07-18,Completed,0
O007599,C03674,2024-09-10,Completed,10
O007600,C03675,2024-05-21,Completed,0
O007601,C03676,2024-05-22,Completed,0
O007602,C03676,2024-07-08,Completed,0
O007603,C03676,2024-08-15,Completed,0
O007604,C03677,2024-05-23,Completed,0
O007605,C03678,2024-05-21,Completed,10
O007606,C03679,2024-05-23,Completed,0
O007607,C03679,2024-08-02,Completed,0
O007608,C03679,2024-10-04,Completed,0
O007609,C03680,2024-05-23,Completed,10
O007610,C03680,2024-07-17,Completed,0
O007611,C03680,2024-08-25,Completed,0
O007612,C03680,2024-10-27,Completed,0
O007613,C03681,2024-05-21,Completed,0
O007614,C03681,29-Jun-2024,Completed,10
O007615,C03682,24-May-2024,Completed,0
O007616,C03682,2024-05-25,Completed,0
O007617,C03683,2024-05-22,Completed,0
O007618,C03683,2024-07-28,Completed,0
O007619,C03684,2024-05-24,Completed,10
O007620,C03684,2024-07-14,Completed,0
O007621,C03685,2024-05-22,Completed,10
O007622,C03685,2024-07-12,Completed,0
O007623,C03685,2024-09-16,Completed,0
O007624,C03685,2024-10-06,Completed,0
O007625,C03686,2024-05-22,Completed,0
O007626,C03687,2024-05-24,Completed,0
O007627,C03688,2024-05-23,Completed,0
O007628,C03689,2024-05-22,Completed,0
O007629,C03690,2024-05-23,Completed,10
O007630,C03690,2024-07-06,Completed,0
O007631,C03690,2024-08-04,Completed,0
O007632,C03690,2024-09-06,Completed,10
O007633,C03691,2024-05-23,Completed,0
O007634,C03691,2024-08-04,Completed,0
O007635,C03691,2024-10-21,Completed,0
O007636,C03691,2024-11-05,Completed,30
O007637,C03691,2024-12-02,Completed,20
O007638,C03692,2024-05-25,Completed,0
O007639,C03693,2024-05-25,Completed,0
O007640,C03693,2024-11-08,Completed,20
O007641,C03694,2024-05-23,Completed,0
O007642,C03694,2024-06-21,Completed,0
O007643,C03695,2024-05-23,Completed,15
O007644,C03695,2024-05-28,Completed,10
O007645,C03695,2024-06-12,Completed,10
O007646,C03695,2024-07-31,Completed,10
O007647,C03695,05-Aug-2024,Completed,0
O007648,C03696,2024-05-24,Completed,0
O007649,C03696,2024-08-08,Completed,20
O007650,C03696,2024-08-16,Completed,0
O007651,C03697,2024-05-26,Completed,20
O007652,C03698,2024-05-26,Completed,0
O007653,C03699,2024-05-24,Completed,15
O007653,C03699,2024-05-24,Completed,15
O007654,C03700,2024-05-25,Completed,0
O007655,C03700,2024-08-05,Completed,0
O007656,C03701,2024-05-26,Completed,15
O007657,C03701,2024-07-03,Completed,20
O007658,C03702,26-May-2024,Completed,0
O007659,C03702,2024-08-07,Completed,0
O007660,C03702,2024-09-05,Completed,0
O007661,C03703,2024-05-24,Completed,0
O007662,C03704,2024-05-24,Completed,0
O007663,C03704,2024-06-20,Completed,20
O007664,C03704,2024-08-03,Completed,0
O007665,C03705,2024-05-25,Completed,0
O007666,C03705,2024-09-01,Completed,0
O007667,C03706,2024-05-26,Completed,10
O007668,C03706,2024-10-06,Completed,0
O007669,C03706,2024-10-18,Completed,0
O007670,C03706,2024-10-25,Completed,0
O007671,C03706,2024-11-03,Completed,10
O007672,C03707,2024-05-26,Completed,0
O007673,C03708,2024-05-25,Completed,0
O007674,C03708,2024-05-29,Completed,10
O007675,C03708,2024-06-02,Completed,20
O007676,C03709,2024-05-27,Completed,0
O007677,C03709,2024-11-13,Completed,0
O007678,C03710,2024-05-25,Completed,0
O007679,C03710,2024-06-07,Completed,0
O007680,C03710,2024-07-08,Completed,10
O007681,C03710,2024-08-03,Completed,0
O007682,C03710,2024-08-13,Completed,10
O007683,C03710,2024-11-06,Completed,10
O007684,C03710,2024-12-23,Completed,0
O007685,C03711,2024-05-25,Completed,0
O007686,C03712,2024-05-27,Completed,0
O007687,C03713,27-May-2024,Completed,0
O007688,C03713,2024-06-27,Completed,10
O007689,C03714,2024-05-26,Completed,15
O007690,C03714,2024-08-02,Completed,0
O007691,C03714,2024-09-12,Completed,20
O007692,C03714,2024-10-27,Completed,0
O007693,C03714,2024-12-30,Completed,10
O007694,C03715,2024-05-28,Completed,0
O007695,C03715,2024-07-21,Completed,0
O007696,C03715,2024-08-21,Completed,0
O007697,C03716,2024-05-26,Completed,15
O007698,C03716,2024-07-31,Completed,0
O007699,C03717,2024-05-28,Completed,15
O007700,C03717,2024-10-27,Completed,0
O007701,C03718,2024-05-27,Completed,0
O007702,C03719,2024-05-28,Completed,10
O007703,C03719,2024-10-19,Completed,15
O007704,C03719,2024-12-28,Completed,10
O007705,C03720,2024-05-26,Completed,0
O007706,C03720,24-Sep-2024,Completed,0
O007707,C03720,2024-09-29,Completed,0
O007708,C03721,2024-05-28,Completed,0
O007709,C03722,29-May-2024,Completed,0
O007710,C03722,2024-07-13,Cancelled,0
O007711,C03723,2024-05-27,Cancelled,0
O007712,C03723,2024-11-06,Completed,15
O007713,C03724,2024-05-28,Completed,0
O007714,C03725,28-May-2024,Completed,0
O007715,C03726,2024-05-28,Cancelled,10
O007716,C03727,2024-05-28,Cancelled,0
O007717,C03728,2024-05-29,Completed,0
O007718,C03729,2024-05-28,Completed,10
O007719,C03729,2024-06-01,Completed,15
O007720,C03730,2024-05-27,Completed,0
O007721,C03730,2024-06-11,Completed,20
O007722,C03730,2024-06-23,Completed,0
O007723,C03730,2024-07-05,Completed,0
O007724,C03731,2024-05-29,Cancelled,10
O007725,C03732,2024-05-28,Completed,0
O007726,C03733,2024-05-28,Completed,10
O007727,C03733,2024-06-09,Completed,0
O007728,C03733,2024-07-28,Completed,0
O007729,C03733,2024-08-03,Completed,0
O007730,C03733,2024-12-23,Completed,30
O007731,C03734,2024-05-30,Completed,0
O007732,C03734,2024-07-18,Completed,0
O007733,C03734,2024-12-03,Completed,0
O007734,C03735,2024-05-29,Completed,0
O007735,C03736,2024-05-30,Completed,15
O007736,C03737,2024-05-29,Completed,0
O007737,C03738,2024-05-29,Completed,0
O007738,C03738,2024-06-30,Completed,0
O007739,C03738,2024-07-21,Completed,0
O007740,C03738,2024-07-23,Completed,0
O007741,C03739,2024-05-28,Completed,0
O007742,C03740,2024-05-28,Completed,0
O007743,C03741,2024-05-29,Completed,20
O007744,C03742,2024-05-30,Completed,10
O007745,C03742,2024-06-13,Completed,0
O007746,C03742,2024-09-13,Completed,20
O007747,C03742,2024-09-23,Completed,15
O007748,C03743,2024-05-30,Completed,0
O007749,C03744,2024-05-30,Completed,0
O007750,C03745,2024-05-31,Completed,20
O007751,C03745,2024-11-04,Completed,10
O007752,C03746,2024-05-31,Completed,0
O007753,C03747,2024-05-30,Completed,0
O007754,C03748,2024-05-31,Completed,0
O007755,C03748,2024-12-14,Completed,0
O007756,C03749,2024-05-29,Completed,0
O007757,C03750,2024-05-30,Completed,10
O007758,C03750,2024-09-23,Completed,10
O007758,C03750,2024-09-23,Completed,10
O007759,C03751,2024-05-31,Completed,15
O007760,C03752,2024-06-01,Completed,0
O007761,C03753,2024-05-31,Completed,0
O007762,C03754,2024-05-30,Completed,0
O007763,C03754,2024-06-22,Completed,0
O007764,C03755,2024-05-31,Completed,0
O007765,C03755,2024-06-16,Completed,0
O007766,C03756,2024-06-01,Completed,0
O007767,C03757,2024-06-01,Completed,10
O007768,C03757,2024-06-18,Completed,0
O007769,C03757,2024-09-18,Completed,15
O007770,C03757,2024-11-24,Completed,0
O007771,C03757,2024-12-28,Completed,0
O007772,C03758,2024-06-01,Completed,0
O007773,C03759,2024-05-31,Completed,15
O007774,C03759,2024-09-03,Completed,0
O007775,C03760,2024-05-31,Completed,20
O007776,C03760,07-Jun-2024,Completed,0
O007777,C03760,2024-06-21,Completed,10
O007778,C03760,2024-07-26,Completed,0
O007779,C03760,2024-08-03,Completed,10
O007780,C03761,2024-06-01,Completed,10
O007781,C03762,2024-06-01,Completed,0
O007782,C03763,2024-05-31,Completed,0
O007783,C03764,2024-06-02,Completed,0
O007784,C03765,2024-05-31,Completed,0
O007785,C03765,2024-06-05,Completed,15
O007785,C03765,2024-06-05,Completed,15
O007786,C03766,2024-05-31,Completed,15
O007787,C03767,2024-05-31,Completed,10
O007788,C03768,2024-06-01,Completed,0
O007789,C03769,2024-06-01,Completed,10
O007790,C03770,2024-05-31,Completed,0
O007791,C03770,2024-06-05,Completed,0
O007792,C03771,2024-06-02,Completed,0
O007793,C03772,2024-06-02,Completed,0
O007794,C03773,2024-06-02,Completed,0
O007795,C03774,2024-06-03,Completed,0
O007796,C03775,2024-06-03,Completed,0
O007797,C03775,2024-10-25,Completed,15
O007798,C03776,2024-06-02,Completed,20
O007799,C03777,2024-06-01,Cancelled,0
O007800,C03777,2024-11-11,Completed,10
O007801,C03778,2024-06-03,Completed,0
O007802,C03779,2024-06-03,Completed,0
O007803,C03780,2024-06-04,Completed,0
O007804,C03780,2024-07-30,Completed,0
O007805,C03781,2024-06-04,Completed,20
O007806,C03782,2024-06-02,Completed,10
O007807,C03783,2024-06-03,Completed,15
O007808,C03783,2024-11-01,Completed,0
O007809,C03783,2024-12-20,Completed,10
O007810,C03784,2024-06-02,Completed,0
O007811,C03784,2024-10-03,Completed,15
O007812,C03784,2024-12-20,Completed,10
O007813,C03784,2024-12-29,Completed,15
O007814,C03785,2024-06-02,Completed,0
O007815,C03786,2024-06-05,Completed,10
O007816,C03787,2024-06-05,Completed,0
O007817,C03788,2024-06-03,Completed,0
O007818,C03789,2024-06-03,Completed,0
O007819,C03789,2024-08-31,Completed,0
O007820,C03790,2024-06-03,Completed,0
O007821,C03790,2024-06-13,Completed,10
O007822,C03791,2024-06-05,Completed,0
O007823,C03791,2024-07-01,Completed,0
O007824,C03792,2024-06-04,Completed,0
O007825,C03793,2024-06-04,Completed,0
O007826,C03794,2024-06-05,Completed,0
O007827,C03794,2024-08-22,Completed,10
O007828,C03794,2024-09-04,Completed,0
O007829,C03795,2024-06-03,Completed,0
O007830,C03796,2024-06-04,Completed,0
O007831,C03797,2024-06-05,Completed,0
O007832,C03797,2024-11-09,Completed,15
O007833,C03798,2024-06-06,Completed,0
O007834,C03799,2024-06-04,Completed,15
O007835,C03799,2024-10-07,Completed,10
O007836,C03800,2024-06-05,Completed,15
O007837,C03801,2024-06-05,Completed,0
O007838,C03802,2024-06-04,Completed,0
O007839,C03803,2024-06-04,Completed,0
O007839,C03803,2024-06-04,Completed,0
O007840,C03803,2024-07-11,Completed,15
O007841,C03803,2024-07-28,Completed,0
O007842,C03804,2024-06-06,Completed,0
O007843,C03805,2024-06-05,Completed,10
O007844,C03805,2024-06-16,Completed,10
O007845,C03805,2024-07-21,Completed,0
O007846,C03805,2024-12-02,Completed,15
O007847,C03806,2024-06-07,Completed,10
O007848,C03806,2024-09-13,Completed,0
O007849,C03806,2024-10-19,Completed,0
O007850,C03807,2024-06-07,Completed,0
O007851,C03808,2024-06-05,Completed,0
O007852,C03809,2024-06-07,Completed,20
O007852,C03809,2024-06-07,Completed,20
O007853,C03810,2024-06-07,Completed,0
O007854,C03810,2024-08-06,Cancelled,0
O007855,C03810,2024-11-14,Completed,10
O007856,C03810,2024-12-23,Completed,10
O007857,C03811,2024-06-05,Completed,0
O007858,C03812,2024-06-07,Completed,0
O007859,C03812,2024-09-07,Completed,0
O007860,C03812,2024-11-04,Completed,15
O007861,C03813,2024-06-07,Completed,0
O007862,C03814,2024-06-05,Completed,15
O007863,C03815,2024-06-07,Completed,10
O007864,C03815,2024-06-14,Completed,0
O007865,C03816,2024-06-07,Completed,0
O007866,C03816,2024-06-08,Completed,0
O007867,C03817,2024-06-07,Completed,0
O007868,C03818,2024-06-07,Completed,0
O007869,C03818,2024-07-26,Completed,0
O007870,C03819,2024-06-07,Completed,15
O007871,C03819,2024-06-16,Completed,0
O007872,C03819,2024-09-04,Completed,0
O007873,C03820,2024-06-09,Completed,0
O007874,C03820,2024-08-18,Completed,0
O007875,C03821,2024-06-09,Completed,0
O007876,C03821,2024-08-13,Completed,0
O007877,C03822,2024-06-08,Completed,20
O007878,C03822,04-Sep-2024,Completed,0
O007879,C03822,14-Dec-2024,Completed,30
O007880,C03823,2024-06-09,Completed,0
O007881,C03823,2024-08-11,Completed,0
O007882,C03824,2024-06-08,Completed,20
O007883,C03825,2024-06-08,Completed,10
O007884,C03825,2024-06-28,Completed,20
O007885,C03825,2024-07-17,Completed,0
O007886,C03825,2024-11-20,Completed,30
O007887,C03826,2024-06-08,Completed,20
O007888,C03826,2024-06-21,Completed,0
O007889,C03827,2024-06-09,Completed,0
O007890,C03828,07-Jun-2024,Completed,15
O007891,C03828,2024-06-24,Completed,20
O007892,C03828,2024-07-30,Completed,15
O007893,C03829,2024-06-08,Completed,20
O007893,C03829,2024-06-08,Completed,20
O007894,C03830,2024-06-09,Completed,15
O007895,C03830,2024-06-22,Completed,0
O007896,C03830,2024-08-10,Completed,0
O007897,C03831,2024-06-08,Completed,0
O007898,C03831,2024-08-21,Completed,0
O007899,C03831,2024-09-08,Completed,0
O007900,C03831,2024-09-10,Completed,0
O007901,C03832,2024-06-08,Completed,0
O007902,C03832,2024-06-30,Completed,0
O007903,C03833,2024-06-10,Completed,10
O007904,C03834,2024-06-09,Completed,15
O007905,C03834,2024-06-18,Completed,20
O007906,C03835,2024-06-08,Completed,0
O007907,C03836,2024-06-10,Completed,0
O007908,C03837,2024-06-09,Completed,0
O007909,C03837,2024-08-04,Completed,0
O007910,C03837,2024-08-21,Completed,0
O007911,C03838,2024-06-10,Completed,0
O007911,C03838,2024-06-10,Completed,0
O007912,C03838,2024-06-28,Completed,0
O007913,C03839,2024-06-09,Completed,20
O007914,C03839,2024-08-30,Completed,0
O007915,C03839,2024-09-02,Completed,0
O007916,C03840,2024-06-10,Completed,0
O007917,C03841,2024-06-10,Completed,0
O007918,C03841,2024-06-21,Completed,15
O007919,C03841,2024-06-28,Completed,0
O007920,C03842,10-Jun-2024,Completed,10
O007921,C03842,2024-09-28,Completed,0
O007922,C03842,2024-10-04,Completed,0
O007923,C03843,2024-06-10,Completed,10
O007924,C03843,2024-09-09,Completed,0
O007925,C03844,2024-06-09,Completed,0
O007926,C03845,2024-06-09,Completed,20
O007927,C03846,2024-06-09,Completed,10
O007928,C03847,2024-06-10,Completed,0
O007929,C03848,2024-06-12,Completed,0
O007930,C03849,11-Jun-2024,Completed,0
O007931,C03850,2024-06-12,Completed,0
O007932,C03850,2024-07-18,Completed,0
O007933,C03850,2024-08-14,Completed,0
O007934,C03850,2024-10-09,Completed,10
O007935,C03851,2024-06-12,Completed,10
O007936,C03852,2024-06-10,Completed,20
O007937,C03852,2024-12-15,Completed,0
O007938,C03853,2024-06-12,Completed,0
O007939,C03854,2024-06-13,Completed,0
O007940,C03854,2024-06-21,Completed,0
O007941,C03854,2024-07-21,Completed,20
O007942,C03855,2024-06-13,Completed,15
O007943,C03855,2024-09-04,Completed,0
O007944,C03856,2024-06-12,Completed,0
O007945,C03856,2024-08-09,Completed,0
O007946,C03856,2024-08-21,Completed,0
O007947,C03856,2024-11-23,Completed,0
O007948,C03857,2024-06-11,Completed,0
O007949,C03858,2024-06-11,Completed,20
O007950,C03859,2024-06-11,Completed,30
O007951,C03860,2024-06-13,Completed,10
O007952,C03861,2024-06-13,Completed,20
O007953,C03862,2024-06-12,Completed,0
O007954,C03862,2024-08-27,Completed,20
O007955,C03863,2024-06-12,Completed,0
O007956,C03864,2024-06-13,Completed,0
O007957,C03865,2024-06-13,Completed,0
O007958,C03866,14-Jun-2024,Completed,0
O007959,C03867,2024-06-14,Completed,0
O007960,C03868,2024-06-12,Completed,10
O007961,C03869,2024-06-15,Completed,20
O007962,C03869,2024-07-22,Completed,15
O007963,C03869,2024-09-14,Completed,20
O007964,C03870,2024-06-13,Completed,0
O007965,C03870,2024-11-01,Completed,30
O007966,C03871,2024-06-14,Completed,15
O007967,C03872,2024-06-13,Completed,0
O007968,C03873,2024-06-15,Completed,0
O007969,C03873,2024-10-10,Completed,15
O007970,C03873,2024-10-18,Completed,0
O007971,C03874,2024-06-16,Completed,0
O007972,C03874,2024-06-23,Completed,0
O007973,C03875,2024-06-16,Completed,0
O007974,C03876,2024-06-16,Completed,0
O007975,C03876,2024-06-21,Completed,0
O007976,C03877,2024-06-15,Completed,0
O007977,C03878,2024-06-14,Completed,0
O007978,C03879,2024-06-14,Completed,0
O007979,C03880,2024-06-16,Completed,0
O007980,C03881,2024-06-15,Completed,0
O007981,C03882,2024-06-15,Completed,0
O007982,C03882,2024-06-17,Completed,20
O007983,C03883,2024-06-17,Completed,15
O007984,C03884,2024-06-17,Completed,20
O007985,C03885,18-Jun-2024,Completed,0
O007986,C03885,2024-07-20,Completed,0
O007987,C03886,2024-06-17,Completed,0
O007988,C03886,2024-09-12,Completed,0
O007989,C03886,2024-12-18,Completed,0
O007990,C03886,2024-12-26,Completed,0
O007991,C03886,2024-12-30,Completed,0
O007992,C03887,2024-06-17,Completed,0
O007993,C03888,2024-06-16,Completed,0
O007994,C03888,2024-12-03,Completed,10
O007995,C03889,2024-06-16,Completed,10
O007996,C03890,2024-06-17,Completed,20
O007997,C03890,2024-06-30,Completed,0
O007998,C03891,2024-06-18,Completed,0
O007999,C03892,2024-06-17,Completed,0
O008000,C03892,2024-10-02,Completed,0
O008001,C03892,2024-10-18,Completed,10
O008002,C03892,2024-12-16,Completed,0
O008003,C03892,2024-12-24,Completed,10
O008004,C03893,2024-06-18,Completed,0
O008005,C03894,2024-06-17,Completed,0
O008006,C03894,2024-08-07,Completed,10
O008007,C03895,2024-06-17,Completed,0
O008008,C03896,2024-06-18,Completed,10
O008009,C03897,19-Jun-2024,Completed,0
O008010,C03898,2024-06-18,Completed,20
O008011,C03898,2024-06-24,Completed,0
O008012,C03899,2024-06-18,Completed,0
O008013,C03899,2024-08-28,Cancelled,0
O008014,C03900,2024-06-17,Completed,0
O008015,C03900,2024-10-05,Completed,0
O008016,C03901,2024-06-19,Completed,15
O008017,C03901,2024-09-02,Completed,20
O008018,C03901,2024-10-23,Completed,0
O008019,C03902,2024-06-17,Completed,0
O008020,C03903,2024-06-17,Completed,15
O008021,C03903,2024-08-29,Completed,0
O008022,C03903,2024-09-14,Completed,0
O008023,C03904,2024-06-20,Completed,0
O008024,C03904,2024-11-27,Completed,10
O008025,C03904,2024-12-07,Completed,10
O008026,C03905,2024-06-20,Completed,10
O008027,C03905,27-Jun-2024,Completed,0
O008028,C03906,2024-06-18,Completed,0
O008029,C03907,2024-06-19,Completed,10
O008030,C03908,2024-06-20,Completed,0
O008031,C03909,2024-06-18,Cancelled,10
O008032,C03910,2024-06-20,Completed,0
O008033,C03910,2024-09-28,Completed,20
O008034,C03910,2024-10-21,Completed,10
O008035,C03911,2024-06-20,Completed,0
O008036,C03912,2024-06-20,Completed,0
O008037,C03913,2024-06-21,Completed,10
O008038,C03914,2024-06-20,Completed,0
O008039,C03915,2024-06-20,Completed,0
O008040,C03916,2024-06-21,Completed,20
O008041,C03916,2024-08-26,Cancelled,10
O008042,C03916,2024-09-03,Completed,0
O008043,C03916,2024-12-18,Completed,20
O008044,C03917,2024-06-19,Completed,10
O008045,C03918,2024-06-19,Completed,0
O008046,C03918,2024-09-16,Completed,0
O008047,C03918,2024-10-17,Completed,0
O008048,C03919,2024-06-21,Completed,0
O008049,C03920,2024-06-20,Completed,10
O008050,C03921,2024-06-19,Completed,0
O008051,C03921,2024-07-26,Completed,0
O008051,C03921,2024-07-26,Completed,0
O008052,C03921,2024-08-02,Completed,20
O008053,C03922,2024-06-22,Completed,0
O008054,C03923,2024-06-20,Completed,0
O008055,C03924,2024-06-21,Completed,0
O008056,C03925,2024-06-20,Completed,0
O008057,C03925,2024-08-23,Completed,0
O008058,C03926,2024-06-21,Completed,0
O008059,C03926,2024-09-14,Completed,0
O008060,C03926,2024-09-17,Completed,20
O008061,C03927,2024-06-21,Completed,0
O008062,C03928,2024-06-21,Completed,0
O008063,C03929,2024-06-20,Completed,0
O008064,C03930,2024-06-21,Completed,0
O008065,C03931,21-Jun-2024,Completed,0
O008066,C03932,2024-06-21,Completed,0
O008067,C03932,2024-11-03,Completed,30
O008068,C03933,2024-06-21,Completed,10
O008069,C03934,2024-06-24,Completed,10
O008070,C03934,2024-12-29,Completed,0
O008071,C03935,2024-06-24,Completed,20
O008072,C03936,24-Jun-2024,Completed,0
O008073,C03936,2024-08-15,Completed,20
O008074,C03937,2024-06-24,Completed,0
O008075,C03937,2024-07-22,Completed,0
O008076,C03937,2024-10-17,Completed,0
O008077,C03938,2024-06-23,Completed,0
O008078,C03939,2024-06-23,Completed,15
O008079,C03939,2024-08-13,Completed,0
O008080,C03939,2024-08-29,Completed,10
O008081,C03940,2024-06-25,Completed,15
O008082,C03940,2024-08-02,Completed,0
O008083,C03940,2024-11-11,Completed,0
O008084,C03940,2024-12-30,Completed,10
O008085,C03941,2024-06-23,Completed,0
O008086,C03941,2024-07-18,Completed,0
O008087,C03941,2024-08-11,Completed,10
O008088,C03942,2024-06-23,Completed,0
O008089,C03943,2024-06-23,Completed,0
O008090,C03943,2024-12-14,Completed,30
O008091,C03944,2024-06-23,Completed,20
O008092,C03945,2024-06-25,Completed,0
O008093,C03945,2024-12-10,Completed,10
O008094,C03946,2024-06-23,Completed,0
O008095,C03947,24-Jun-2024,Completed,0
O008096,C03947,2024-06-29,Completed,10
O008097,C03947,2024-09-18,Completed,0
O008098,C03947,2024-12-14,Completed,20
O008099,C03948,2024-06-25,Completed,0
O008100,C03948,2024-07-05,Completed,0
O008101,C03949,2024-06-25,Completed,0
O008102,C03950,2024-06-24,Completed,0
O008103,C03950,2024-11-18,Completed,0
O008104,C03951,2024-06-24,Completed,0
O008105,C03952,2024-06-26,Completed,0
O008106,C03953,2024-06-24,Completed,0
O008107,C03953,27-Jun-2024,Completed,0
O008108,C03953,2024-08-29,Completed,0
O008109,C03953,2024-09-15,Completed,15
O008110,C03953,2024-11-30,Completed,30
O008111,C03953,2024-12-04,Completed,0
O008112,C03953,2024-12-30,Completed,30
O008113,C03954,2024-06-26,Completed,30
O008114,C03955,2024-06-26,Completed,0
O008115,C03955,2024-09-26,Completed,0
O008116,C03956,2024-06-24,Completed,0
O008117,C03957,2024-06-26,Completed,10
O008118,C03957,2024-12-12,Completed,0
O008119,C03958,2024-06-25,Completed,0
O008120,C03958,2024-08-02,Completed,0
O008121,C03958,2024-12-06,Cancelled,20
O008122,C03959,2024-06-25,Completed,0
O008123,C03959,2024-08-26,Completed,0
O008124,C03959,2024-08-31,Cancelled,0
O008125,C03960,2024-06-27,Completed,10
O008126,C03960,2024-09-18,Completed,0
O008127,C03960,2024-10-03,Completed,30
O008128,C03960,2024-11-09,Completed,10
O008129,C03961,2024-06-27,Completed,0
O008130,C03961,2024-08-18,Completed,0
O008131,C03962,2024-06-25,Completed,20
O008132,C03962,2024-08-20,Completed,0
O008133,C03963,2024-06-26,Completed,0
O008134,C03963,2024-07-25,Completed,0
O008135,C03964,2024-06-25,Completed,0
O008136,C03964,2024-08-31,Completed,0
O008137,C03964,2024-12-01,Completed,15
O008138,C03964,2024-12-07,Completed,10
O008139,C03965,2024-06-25,Completed,15
O008140,C03965,2024-07-12,Completed,20
O008141,C03965,2024-07-28,Completed,0
O008142,C03966,2024-06-26,Completed,20
O008143,C03967,2024-06-27,Completed,15
O008144,C03968,2024-06-25,Completed,0
O008145,C03969,2024-06-27,Completed,0
O008146,C03969,2024-11-15,Completed,15
O008147,C03970,2024-06-26,Completed,0
O008148,C03971,2024-06-28,Completed,0
O008149,C03971,2024-07-30,Completed,0
O008150,C03972,2024-06-27,Completed,0
O008151,C03972,2024-08-06,Completed,10
O008152,C03972,2024-11-26,Completed,20
O008153,C03972,2024-12-04,Completed,0
O008154,C03973,2024-06-26,Completed,10
O008155,C03973,2024-07-05,Completed,0
O008156,C03973,2024-08-17,Completed,0
O008156,C03973,2024-08-17,Completed,0
O008157,C03973,2024-12-24,Completed,0
O008158,C03973,2024-12-25,Completed,20
O008159,C03974,2024-06-28,Completed,15
O008160,C03975,2024-06-28,Completed,0
O008161,C03976,2024-06-28,Completed,0
O008162,C03976,2024-07-13,Completed,0
O008163,C03977,2024-06-27,Completed,0
O008164,C03977,2024-07-20,Completed,0
O008165,C03977,2024-08-23,Completed,20
O008166,C03977,2024-09-17,Completed,0
O008167,C03978,2024-06-27,Completed,10
O008168,C03979,2024-06-27,Completed,10
O008169,C03980,2024-06-26,Completed,0
O008170,C03980,2024-07-16,Completed,0
O008171,C03980,2024-07-26,Completed,20
O008172,C03980,2024-10-02,Completed,0
O008173,C03980,2024-10-21,Completed,15
O008174,C03980,2024-11-30,Completed,20
O008175,C03981,28-Jun-2024,Completed,0
O008176,C03981,2024-10-15,Completed,0
O008177,C03982,2024-06-26,Completed,20
O008178,C03982,2024-09-12,Completed,0
O008179,C03982,2024-12-18,Completed,20
O008180,C03983,2024-06-29,Completed,0
O008181,C03983,2024-09-10,Completed,0
O008182,C03984,2024-06-28,Completed,0
O008183,C03984,2024-10-26,Completed,0
O008184,C03985,2024-06-27,Completed,0
O008185,C03985,2024-08-13,Completed,10
O008186,C03985,2024-09-19,Completed,0
O008187,C03986,2024-06-29,Completed,0
O008188,C03987,2024-06-29,Completed,15
O008189,C03988,2024-06-29,Completed,0
O008190,C03989,2024-06-29,Completed,0
O008191,C03990,2024-06-28,Completed,10
O008192,C03990,03-Aug-2024,Completed,15
O008193,C03990,2024-08-04,Completed,0
O008194,C03990,2024-08-23,Completed,0
O008195,C03991,2024-06-29,Completed,0
O008196,C03992,2024-06-28,Completed,0
O008197,C03992,2024-08-05,Completed,0
O008198,C03993,2024-06-28,Completed,0
O008199,C03994,2024-06-27,Completed,0
O008200,C03994,2024-10-04,Completed,20
O008201,C03995,2024-06-28,Completed,0
O008202,C03996,2024-06-30,Completed,0
O008203,C03996,2024-08-17,Completed,10
O008204,C03997,2024-06-29,Completed,10
O008205,C03998,2024-06-29,Completed,0
O008206,C03998,2024-10-01,Completed,15
O008207,C03998,2024-11-22,Cancelled,0
O008208,C03999,2024-06-28,Completed,0
O008209,C03999,2024-07-07,Completed,15
O008210,C04000,2024-06-28,Completed,0
O008211,C04000,2024-08-25,Cancelled,0
O008212,C04001,2024-06-30,Completed,20
O008213,C04001,2024-07-30,Completed,0
O008214,C04001,2024-08-21,Completed,20
O008215,C04001,2024-08-23,Completed,10
O008216,C04001,2024-09-13,Completed,0
O008217,C04001,2024-11-09,Completed,0
O008218,C04001,2024-11-21,Completed,30
O008219,C04001,2024-11-23,Completed,10
O008220,C04001,2024-12-12,Completed,0
O008221,C04002,2024-06-28,Completed,15
O008222,C04003,2024-06-29,Completed,0
O008223,C04003,2024-12-30,Completed,10
O008224,C04004,2024-06-29,Completed,0
O008225,C04005,2024-06-29,Completed,15
O008226,C04006,2024-07-01,Completed,15
O008227,C04006,2024-10-06,Cancelled,0
O008228,C04007,2024-07-01,Completed,0
O008229,C04008,2024-06-29,Completed,0
O008230,C04009,2024-06-29,Completed,0
O008231,C04010,2024-06-29,Completed,15
O008232,C04010,2024-07-06,Completed,0
O008233,C04011,2024-06-29,Completed,0
O008234,C04012,2024-06-30,Completed,15
O008235,C04013,2024-06-30,Completed,10
O008236,C04014,2024-06-30,Completed,0
O008237,C04015,2024-07-02,Completed,10
O008238,C04015,2024-10-18,Completed,0
O008239,C04015,2024-12-01,Completed,30
O008240,C04016,2024-07-02,Completed,0
O008241,C04016,2024-10-16,Completed,0
O008242,C04017,2024-06-30,Completed,15
O008243,C04018,2024-07-01,Completed,0
O008244,C04019,2024-06-30,Completed,0
O008245,C04019,2024-07-25,Completed,0
O008246,C04019,2024-10-03,Completed,0
O008247,C04019,2024-10-28,Completed,0
O008248,C04019,2024-12-02,Completed,0
O008249,C04020,2024-06-30,Completed,15
O008250,C04021,2024-07-02,Completed,0
O008251,C04021,2024-07-05,Completed,10
O008252,C04022,2024-07-02,Completed,0
O008253,C04023,2024-07-03,Completed,0
O008254,C04023,2024-07-29,Completed,0
O008255,C04023,2024-08-14,Completed,0
O008256,C04024,2024-07-01,Completed,0
O008257,C04025,2024-07-03,Completed,0
O008258,C04026,2024-07-03,Completed,20
O008259,C04027,2024-07-03,Completed,0
O008260,C04027,2024-10-31,Completed,0
O008261,C04027,2024-12-05,Completed,20
O008262,C04028,2024-07-03,Completed,0
O008263,C04029,2024-07-02,Completed,0
O008264,C04030,2024-07-01,Completed,15
O008265,C04030,2024-09-08,Completed,10
O008266,C04030,2024-10-11,Completed,15
O008267,C04030,2024-10-22,Completed,0
O008268,C04030,2024-11-10,Completed,0
O008269,C04031,2024-07-03,Completed,0
O008270,C04032,2024-07-02,Completed,0
O008271,C04033,2024-07-02,Completed,0
O008272,C04033,02-Aug-2024,Completed,20
O008273,C04034,2024-07-04,Completed,10
O008274,C04035,2024-07-04,Completed,0
O008275,C04035,2024-07-08,Completed,0
O008276,C04036,2024-07-04,Completed,30
O008277,C04036,2024-10-25,Completed,10
O008278,C04036,2024-11-28,Completed,0
O008279,C04036,2024-12-20,Completed,20
O008280,C04037,2024-07-02,Completed,0
O008281,C04038,2024-07-03,Completed,15
O008282,C04038,2024-09-09,Completed,0
O008283,C04039,2024-07-04,Completed,0
O008284,C04040,2024-07-02,Completed,0
O008285,C04040,2024-07-08,Completed,0
O008286,C04041,2024-07-03,Completed,0
O008287,C04042,05-Jul-2024,Completed,0
O008288,C04042,2024-08-14,Completed,15
O008289,C04043,2024-07-04,Completed,0
O008290,C04044,2024-07-03,Completed,0
O008291,C04045,2024-07-05,Completed,0
O008292,C04046,2024-07-05,Completed,30
O008293,C04047,2024-07-06,Completed,10
O008294,C04047,2024-07-19,Completed,0
O008295,C04047,2024-08-19,Completed,15
O008296,C04048,2024-07-06,Completed,0
O008297,C04049,2024-07-04,Completed,0
O008298,C04050,2024-07-05,Completed,0
O008299,C04051,2024-07-05,Completed,0
O008300,C04052,2024-07-04,Completed,0
O008301,C04053,2024-07-05,Completed,0
O008302,C04054,2024-07-06,Completed,0
O008303,C04055,2024-07-06,Cancelled,0
O008304,C04055,2024-07-17,Completed,0
O008305,C04055,2024-09-18,Completed,0
O008306,C04056,2024-07-07,Completed,0
O008307,C04057,2024-07-05,Completed,0
O008308,C04058,2024-07-05,Completed,0
O008309,C04058,2024-09-10,Completed,10
O008310,C04059,2024-07-06,Completed,0
O008311,C04060,2024-07-07,Completed,10
O008312,C04060,2024-07-11,Completed,0
O008313,C04061,2024-07-07,Completed,0
O008314,C04062,2024-07-06,Completed,10
O008315,C04063,2024-07-07,Completed,0
O008316,C04064,2024-07-06,Completed,0
O008317,C04065,2024-07-08,Completed,0
O008318,C04066,2024-07-09,Completed,10
O008319,C04067,2024-07-07,Completed,0
O008320,C04067,2024-08-24,Completed,10
O008321,C04067,2024-08-27,Completed,0
O008322,C04067,2024-09-29,Completed,0
O008323,C04067,2024-11-29,Completed,30
O008324,C04068,2024-07-07,Completed,0
O008325,C04069,2024-07-09,Completed,0
O008326,C04070,2024-07-09,Completed,0
O008327,C04071,2024-07-08,Completed,15
O008328,C04072,2024-07-08,Cancelled,0
O008329,C04073,2024-07-09,Completed,10
O008330,C04073,2024-09-06,Completed,0
O008331,C04074,2024-07-10,Completed,0
O008332,C04074,2024-07-17,Completed,0
O008333,C04074,2024-11-02,Completed,30
O008334,C04075,2024-07-08,Completed,0
O008335,C04075,2024-11-14,Completed,20
O008336,C04076,2024-07-10,Completed,20
O008337,C04077,2024-07-08,Completed,0
O008338,C04078,2024-07-08,Completed,0
O008339,C04078,2024-08-01,Completed,0
O008340,C04079,2024-07-09,Completed,0
O008341,C04079,2024-09-06,Completed,0
O008342,C04079,2024-09-22,Completed,30
O008343,C04080,2024-07-08,Completed,0
O008344,C04081,2024-07-10,Completed,0
O008345,C04082,2024-07-09,Completed,10
O008346,C04083,2024-07-10,Cancelled,15
O008347,C04083,2024-11-18,Completed,30
O008348,C04084,2024-07-09,Completed,15
O008349,C04085,2024-07-09,Completed,15
O008350,C04086,2024-07-09,Completed,10
O008351,C04087,2024-07-11,Completed,15
O008352,C04088,2024-07-09,Cancelled,0
O008353,C04089,2024-07-09,Completed,0
O008354,C04089,2024-09-29,Completed,0
O008355,C04089,2024-11-03,Completed,15
O008356,C04090,2024-07-12,Completed,0
O008357,C04090,2024-07-30,Completed,15
O008357,C04090,2024-07-30,Completed,15
O008358,C04091,2024-07-12,Completed,15
O008359,C04092,2024-07-10,Completed,20
O008360,C04093,2024-07-11,Completed,0
O008361,C04094,2024-07-13,Completed,0
O008362,C04095,2024-07-11,Completed,0
O008363,C04095,2024-08-12,Completed,20
O008364,C04095,2024-11-08,Completed,10
O008365,C04096,2024-07-12,Completed,0
O008366,C04097,2024-07-12,Completed,0
O008367,C04097,2024-11-18,Completed,10
O008368,C04097,2024-12-11,Completed,30
O008369,C04098,2024-07-12,Completed,20
O008370,C04098,2024-08-25,Completed,15
O008371,C04099,2024-07-13,Cancelled,10
O008372,C04100,2024-07-13,Completed,0
O008373,C04100,2024-08-10,Completed,10
O008374,C04101,2024-07-12,Completed,20
O008375,C04101,2024-12-31,Completed,20
O008376,C04102,2024-07-14,Completed,0
O008377,C04103,2024-07-12,Completed,0
O008378,C04103,2024-12-03,Completed,20
O008379,C04104,2024-07-12,Completed,0
O008380,C04104,2024-10-27,Completed,10
O008381,C04105,2024-07-14,Completed,0
O008382,C04106,2024-07-13,Completed,0
O008383,C04107,2024-07-12,Completed,0
O008384,C04108,2024-07-14,Completed,15
O008385,C04108,2024-08-07,Cancelled,10
O008386,C04108,2024-08-12,Completed,0
O008387,C04109,2024-07-15,Completed,0
O008388,C04109,2024-09-16,Completed,0
O008389,C04109,2024-11-15,Completed,30
O008390,C04110,2024-07-15,Completed,10
O008391,C04110,2024-07-21,Completed,15
O008392,C04110,2024-08-02,Completed,0
O008392,C04110,2024-08-02,Completed,0
O008393,C04110,2024-10-04,Completed,0
O008394,C04111,2024-07-13,Completed,0
O008395,C04111,2024-09-10,Completed,0
O008396,C04111,2024-09-16,Completed,0
O008397,C04111,2024-10-10,Completed,0
O008398,C04111,2024-12-01,Completed,0
O008399,C04112,2024-07-14,Completed,15
O008400,C04113,2024-07-15,Completed,0
O008401,C04114,2024-07-15,Completed,10
O008402,C04115,2024-07-16,Completed,15
O008403,C04115,2024-09-27,Completed,0
O008404,C04116,2024-07-15,Completed,0
O008405,C04116,2024-11-03,Completed,20
O008406,C04117,2024-07-15,Completed,0
O008407,C04118,14-Jul-2024,Completed,0
O008408,C04118,2024-07-28,Completed,20
O008409,C04118,2024-10-23,Completed,20
O008410,C04118,2024-11-05,Completed,0
O008411,C04118,2024-11-19,Completed,0
O008412,C04118,2024-12-03,Completed,0
O008413,C04119,2024-07-14,Completed,15
O008414,C04120,2024-07-16,Completed,0
O008415,C04120,2024-07-18,Completed,0
O008416,C04121,2024-07-16,Completed,0
O008417,C04122,2024-07-17,Completed,0
O008418,C04122,2024-10-08,Completed,0
O008419,C04123,2024-07-15,Completed,10
O008420,C04123,2024-07-25,Completed,0
O008421,C04123,2024-10-29,Completed,0
O008422,C04124,2024-07-15,Completed,20
O008423,C04125,2024-07-15,Completed,0
O008424,C04126,2024-07-17,Completed,10
O008425,C04127,2024-07-15,Completed,0
O008426,C04127,2024-07-30,Completed,20
O008427,C04127,2024-08-30,Completed,15
O008428,C04127,2024-10-15,Completed,15
O008429,C04127,2024-11-29,Completed,0
O008430,C04127,2024-12-13,Completed,30
O008431,C04128,2024-07-16,Completed,10
O008432,C04129,2024-07-15,Completed,0
O008433,C04129,2024-09-02,Completed,0
O008434,C04129,2024-10-09,Completed,0
O008435,C04129,2024-11-17,Cancelled,20
O008436,C04130,2024-07-15,Completed,0
O008437,C04131,2024-07-17,Completed,10
O008438,C04132,2024-07-17,Completed,20
O008439,C04133,2024-07-16,Completed,0
O008440,C04134,2024-07-16,Completed,10
O008441,C04135,2024-07-17,Completed,15
O008442,C04136,2024-07-16,Completed,0
O008443,C04136,2024-07-31,Completed,10
O008444,C04136,2024-11-25,Completed,0
O008445,C04137,2024-07-17,Completed,10
O008446,C04138,2024-07-17,Completed,0
O008447,C04139,2024-07-18,Completed,0
O008448,C04139,2024-08-18,Completed,15
O008449,C04139,2024-09-02,Completed,15
O008450,C04140,2024-07-18,Completed,0
O008451,C04141,2024-07-18,Completed,15
O008452,C04142,2024-07-18,Completed,20
O008453,C04143,2024-07-19,Completed,0
O008454,C04143,2024-08-11,Completed,10
O008455,C04144,2024-07-18,Completed,0
O008456,C04145,2024-07-17,Completed,20
O008457,C04145,2024-12-29,Completed,30
O008458,C04146,2024-07-17,Completed,0
O008459,C04146,2024-09-27,Completed,0
O008460,C04146,2024-10-31,Completed,0
O008461,C04147,2024-07-19,Completed,0
O008462,C04148,2024-07-20,Completed,0
O008463,C04148,2024-09-01,Completed,0
O008464,C04149,2024-07-20,Completed,0
O008465,C04150,2024-07-18,Completed,20
O008466,C04151,2024-07-18,Completed,0
O008467,C04152,2024-07-19,Completed,0
O008468,C04153,2024-07-19,Completed,0
O008469,C04154,2024-07-20,Completed,0
O008470,C04155,2024-07-18,Completed,15
O008471,C04155,2024-07-30,Completed,0
O008472,C04155,2024-10-14,Completed,0
O008473,C04155,2024-12-20,Completed,0
O008474,C04156,2024-07-20,Completed,0
O008475,C04157,2024-07-19,Completed,0
O008476,C04158,2024-07-19,Completed,15
O008477,C04158,2024-09-15,Completed,30
O008478,C04159,2024-07-21,Completed,0
O008479,C04159,2024-11-29,Completed,0
O008480,C04160,2024-07-21,Completed,20
O008481,C04161,2024-07-21,Completed,0
O008482,C04162,2024-07-21,Completed,0
O008483,C04163,2024-07-20,Completed,20
O008484,C04163,2024-11-16,Completed,20
O008485,C04164,2024-07-20,Completed,20
O008486,C04164,2024-09-15,Completed,10
O008487,C04164,2024-10-01,Cancelled,10
O008488,C04165,2024-07-22,Completed,15
O008489,C04166,2024-07-20,Completed,20
O008490,C04167,2024-07-20,Completed,20
O008491,C04167,2024-08-06,Completed,0
O008492,C04167,2024-08-11,Completed,0
O008493,C04168,2024-07-21,Completed,0
O008494,C04168,2024-09-10,Completed,0
O008495,C04168,2024-10-22,Completed,0
O008496,C04169,21-Jul-2024,Completed,30
O008497,C04169,2024-11-12,Completed,10
O008498,C04170,2024-07-23,Completed,0
O008499,C04171,2024-07-23,Completed,0
O008500,C04172,2024-07-23,Completed,0
O008501,C04173,2024-07-21,Completed,0
O008502,C04174,2024-07-22,Completed,15
O008503,C04175,2024-07-22,Completed,0
O008504,C04176,2024-07-23,Completed,10
O008505,C04177,2024-07-23,Completed,0
O008506,C04177,2024-10-05,Completed,10
O008507,C04178,2024-07-22,Completed,0
O008508,C04179,2024-07-22,Cancelled,0
O008509,C04179,2024-09-22,Completed,15
O008510,C04180,2024-07-22,Completed,0
O008511,C04181,2024-07-22,Completed,0
O008512,C04181,2024-11-13,Completed,0
O008513,C04181,2024-12-30,Completed,0
O008514,C04182,2024-07-23,Completed,0
O008515,C04183,2024-07-23,Completed,0
O008516,C04183,2024-08-15,Completed,10
O008517,C04184,2024-07-22,Completed,10
O008518,C04185,2024-07-22,Completed,0
O008519,C04186,2024-07-22,Completed,0
O008520,C04187,2024-07-23,Cancelled,15
O008521,C04188,2024-07-23,Completed,15
O008522,C04189,2024-07-24,Completed,10
O008523,C04190,2024-07-25,Completed,10
O008524,C04191,2024-07-23,Completed,0
O008525,C04191,2024-10-31,Completed,20
O008526,C04192,2024-07-25,Completed,0
O008527,C04193,2024-07-26,Completed,0
O008528,C04193,2024-08-02,Completed,20
O008529,C04193,2024-08-03,Completed,0
O008530,C04194,2024-07-26,Completed,20
O008531,C04195,2024-07-26,Completed,0
O008532,C04196,2024-07-24,Completed,0
O008533,C04197,2024-07-26,Completed,0
O008534,C04197,2024-09-12,Completed,10
O008535,C04197,2024-09-20,Completed,0
O008536,C04197,2024-10-22,Completed,0
O008537,C04198,2024-07-26,Completed,0
O008538,C04199,2024-07-24,Completed,0
O008539,C04200,2024-07-24,Completed,10
O008540,C04201,2024-07-26,Completed,15
O008541,C04201,2024-08-31,Completed,0
O008542,C04201,2024-10-20,Completed,0
O008542,C04201,2024-10-20,Completed,0
O008543,C04202,2024-07-27,Completed,10
O008544,C04202,2024-08-21,Completed,15
O008545,C04202,2024-09-01,Completed,10
O008546,C04202,2024-09-10,Completed,0
O008547,C04202,2024-09-30,Completed,0
O008548,C04202,2024-10-09,Completed,0
O008549,C04202,2024-10-11,Completed,0
O008550,C04203,2024-07-25,Completed,0
O008551,C04204,2024-07-26,Completed,0
O008552,C04205,2024-07-26,Cancelled,0
O008553,C04206,2024-07-26,Completed,0
O008554,C04207,2024-07-25,Completed,0
O008555,C04208,2024-07-27,Completed,0
O008556,C04208,2024-08-02,Completed,0
O008557,C04209,26-Jul-2024,Completed,0
O008558,C04210,2024-07-27,Completed,20
O008559,C04211,2024-07-27,Completed,0
O008560,C04212,2024-07-27,Completed,0
O008561,C04212,2024-08-14,Completed,0
O008562,C04213,2024-07-27,Completed,20
O008563,C04214,2024-07-26,Completed,0
O008564,C04214,2024-08-01,Completed,0
O008565,C04214,2024-08-24,Completed,0
O008566,C04214,2024-11-10,Completed,0
O008567,C04214,2024-12-18,Completed,10
O008568,C04214,2024-12-25,Completed,20
O008569,C04215,2024-07-28,Completed,10
O008570,C04215,2024-12-26,Completed,0
O008571,C04216,2024-07-27,Completed,0
O008572,C04217,2024-07-27,Completed,0
O008573,C04217,2024-09-26,Completed,15
O008574,C04218,2024-07-26,Completed,0
O008575,C04219,2024-07-28,Completed,0
O008576,C04219,2024-12-06,Completed,20
O008577,C04220,2024-07-27,Completed,0
O008578,C04221,2024-07-29,Completed,10
O008579,C04221,2024-11-28,Completed,0
O008580,C04222,2024-07-29,Completed,0
O008581,C04222,2024-08-08,Completed,0
O008582,C04223,2024-07-27,Completed,15
O008583,C04224,2024-07-27,Completed,20
O008584,C04224,2024-10-29,Completed,0
O008585,C04224,2024-11-20,Completed,30
O008586,C04225,2024-07-30,Completed,15
O008587,C04226,2024-07-30,Completed,20
O008588,C04227,2024-07-28,Completed,20
O008589,C04227,2024-07-31,Completed,10
O008590,C04227,2024-08-20,Completed,0
O008591,C04227,2024-11-13,Completed,0
O008592,C04227,2024-12-20,Completed,30
O008593,C04228,2024-07-29,Completed,15
O008594,C04228,2024-10-08,Completed,0
O008595,C04228,2024-10-26,Completed,0
O008596,C04229,2024-07-30,Completed,0
O008597,C04229,2024-09-13,Completed,20
O008598,C04230,2024-07-28,Completed,10
O008599,C04230,2024-08-30,Completed,30
O008600,C04230,2024-10-01,Completed,10
O008601,C04231,2024-07-28,Completed,0
O008602,C04232,2024-07-30,Completed,30
O008603,C04233,2024-07-29,Completed,15
O008604,C04234,2024-07-29,Completed,0
O008605,C04235,2024-07-31,Completed,20
O008606,C04236,2024-07-31,Completed,15
O008607,C04237,2024-07-30,Completed,0
O008608,C04238,2024-07-31,Completed,10
O008609,C04238,2024-09-04,Completed,0
O008610,C04239,31-Jul-2024,Completed,0
O008611,C04239,2024-08-20,Completed,0
O008612,C04239,2024-09-07,Completed,10
O008613,C04240,2024-07-29,Completed,0
O008614,C04241,2024-07-30,Completed,0
O008615,C04241,2024-09-04,Completed,0
O008616,C04241,2024-11-30,Completed,20
O008617,C04242,2024-08-01,Completed,0
O008618,C04243,2024-07-31,Completed,0
O008619,C04243,2024-09-24,Completed,15
O008620,C04244,2024-07-30,Completed,0
O008621,C04244,2024-09-02,Completed,0
O008622,C04244,2024-12-05,Completed,20
O008623,C04245,2024-08-01,Completed,0
O008624,C04246,2024-07-30,Completed,15
O008625,C04247,2024-08-01,Completed,0
O008626,C04247,2024-10-26,Completed,20
O008627,C04248,2024-08-02,Completed,0
O008628,C04248,2024-09-03,Completed,15
O008629,C04248,2024-10-28,Completed,0
O008630,C04249,2024-08-02,Completed,20
O008631,C04250,2024-07-31,Completed,0
O008632,C04251,2024-08-02,Completed,0
O008633,C04252,2024-07-31,Completed,0
O008634,C04253,2024-07-31,Completed,0
O008635,C04254,2024-08-02,Completed,15
O008636,C04254,2024-11-22,Completed,0
O008637,C04255,2024-08-02,Completed,0
O008638,C04256,2024-08-01,Completed,0
O008639,C04257,2024-08-03,Completed,10
O008640,C04258,2024-08-02,Completed,10
O008641,C04258,2024-08-16,Completed,0
O008642,C04258,2024-10-02,Completed,0
O008643,C04259,2024-08-02,Completed,10
O008644,C04259,2024-08-16,Completed,20
O008645,C04260,2024-08-02,Completed,0
O008646,C04260,2024-10-12,Completed,0
O008647,C04261,2024-08-02,Completed,10
O008648,C04261,2024-09-03,Completed,0
O008649,C04262,2024-08-03,Completed,15
O008650,C04263,2024-08-04,Completed,0
O008651,C04263,2024-11-06,Completed,10
O008652,C04264,2024-08-04,Completed,0
O008653,C04265,2024-08-03,Completed,0
O008654,C04266,2024-08-05,Completed,15
O008655,C04266,2024-09-04,Completed,0
O008656,C04266,2024-10-17,Completed,0
O008657,C04266,2024-10-18,Completed,15
O008658,C04266,2024-10-24,Completed,0
O008659,C04267,2024-08-04,Completed,15
O008660,C04268,2024-08-03,Completed,0
O008661,C04268,2024-09-12,Completed,0
O008662,C04268,2024-10-04,Completed,0
O008663,C04269,2024-08-03,Completed,0
O008664,C04270,2024-08-06,Completed,15
O008665,C04270,2024-10-16,Completed,0
O008666,C04271,2024-08-04,Completed,0
O008666,C04271,2024-08-04,Completed,0
O008667,C04272,2024-08-06,Completed,0
O008668,C04273,2024-08-06,Completed,0
O008669,C04273,2024-08-30,Completed,10
O008670,C04273,2024-09-02,Completed,15
O008671,C04273,2024-12-26,Completed,20
O008672,C04274,05-Aug-2024,Completed,0
O008673,C04275,2024-08-06,Completed,0
O008674,C04276,2024-08-06,Completed,10
O008675,C04276,2024-08-12,Completed,0
O008676,C04277,2024-08-04,Completed,0
O008677,C04278,2024-08-04,Completed,0
O008678,C04278,2024-09-29,Completed,0
O008679,C04278,2024-10-16,Completed,0
O008680,C04279,2024-08-05,Completed,0
O008681,C04279,2024-08-25,Completed,0
O008682,C04279,2024-08-29,Completed,0
O008683,C04279,2024-12-24,Completed,0
O008684,C04280,2024-08-04,Completed,10
O008685,C04281,2024-08-04,Completed,15
O008686,C04281,2024-09-24,Completed,0
O008687,C04282,2024-08-05,Completed,0
O008688,C04282,2024-09-25,Completed,10
O008689,C04283,2024-08-06,Completed,0
O008690,C04284,2024-08-04,Completed,0
O008691,C04284,2024-08-12,Completed,0
O008692,C04285,2024-08-07,Completed,15
O008693,C04285,2024-12-26,Completed,0
O008694,C04286,2024-08-06,Completed,0
O008695,C04287,2024-08-06,Completed,15
O008696,C04288,2024-08-05,Completed,0
O008697,C04289,2024-08-07,Completed,0
O008698,C04289,2024-09-14,Completed,0
O008699,C04290,2024-08-07,Completed,0
O008700,C04291,2024-08-05,Completed,0
O008701,C04292,2024-08-06,Completed,20
O008702,C04292,2024-09-08,Completed,15
O008703,C04293,2024-08-08,Completed,0
O008704,C04294,2024-08-08,Completed,10
O008705,C04294,2024-08-17,Completed,0
O008706,C04295,07-Aug-2024,Completed,0
O008707,C04296,2024-08-06,Completed,20
O008708,C04297,2024-08-06,Completed,0
O008709,C04298,2024-08-08,Completed,10
O008710,C04299,2024-08-07,Completed,20
O008711,C04300,2024-08-07,Completed,0
O008712,C04300,2024-11-22,Completed,0
O008712,C04300,2024-11-22,Completed,0
O008713,C04301,2024-08-07,Completed,0
O008714,C04301,2024-11-27,Completed,0
O008715,C04302,2024-08-09,Completed,0
O008716,C04303,2024-08-09,Completed,0
O008717,C04303,2024-10-12,Completed,0
O008718,C04304,2024-08-07,Completed,30
O008719,C04305,2024-08-09,Completed,15
O008720,C04305,2024-11-29,Completed,0
O008721,C04305,2024-12-29,Completed,10
O008722,C04306,2024-08-07,Completed,0
O008723,C04306,2024-08-16,Completed,15
O008724,C04306,2024-11-27,Completed,10
O008725,C04307,2024-08-08,Completed,0
O008726,C04308,2024-08-09,Completed,15
O008727,C04309,2024-08-07,Completed,0
O008728,C04310,2024-08-09,Completed,15
O008729,C04311,2024-08-08,Completed,10
O008730,C04311,2024-08-10,Completed,10
O008731,C04312,2024-08-10,Completed,0
O008732,C04313,2024-08-10,Completed,10
O008733,C04314,2024-08-08,Completed,0
O008734,C04315,2024-08-09,Completed,10
O008735,C04315,2024-10-03,Cancelled,20
O008736,C04316,2024-08-08,Completed,0
O008737,C04317,2024-08-10,Completed,0
O008738,C04317,2024-08-16,Completed,0
O008739,C04317,2024-09-01,Completed,0
O008740,C04318,2024-08-08,Completed,0
O008741,C04318,2024-10-05,Completed,0
O008742,C04319,2024-08-09,Completed,0
O008743,C04320,2024-08-09,Completed,0
O008744,C04320,2024-08-20,Completed,0
O008745,C04321,2024-08-10,Completed,0
O008746,C04322,2024-08-10,Completed,0
O008747,C04322,2024-10-11,Completed,10
O008748,C04323,2024-08-11,Completed,0
O008749,C04324,2024-08-09,Completed,0
O008750,C04324,2024-10-21,Completed,0
O008751,C04324,2024-11-09,Completed,30
O008752,C04325,09-Aug-2024,Completed,0
O008753,C04325,2024-09-02,Completed,15
O008754,C04325,2024-09-13,Completed,10
O008755,C04325,2024-09-19,Completed,0
O008756,C04325,2024-10-14,Completed,15
O008757,C04326,2024-08-11,Completed,10
O008758,C04326,2024-10-21,Completed,0
O008759,C04326,2024-10-29,Completed,0
O008760,C04327,2024-08-10,Completed,0
O008761,C04328,2024-08-10,Completed,0
O008762,C04328,2024-11-22,Completed,10
O008763,C04329,2024-08-12,Completed,0
O008764,C04330,2024-08-10,Completed,0
O008765,C04330,2024-09-11,Completed,0
O008766,C04331,2024-08-12,Completed,0
O008767,C04332,2024-08-12,Completed,0
O008768,C04332,2024-10-09,Completed,20
O008769,C04332,2024-12-08,Completed,30
O008770,C04332,2024-12-15,Completed,0
O008771,C04333,2024-08-10,Completed,0
O008772,C04333,2024-08-11,Completed,0
O008773,C04334,2024-08-12,Completed,0
O008774,C04335,13-Aug-2024,Completed,0
O008775,C04336,2024-08-12,Completed,0
O008776,C04337,2024-08-13,Completed,0
O008777,C04337,2024-10-19,Completed,0
O008778,C04338,2024-08-13,Completed,0
O008779,C04339,2024-08-13,Completed,0
O008780,C04339,2024-10-26,Completed,0
O008781,C04340,2024-08-11,Completed,0
O008782,C04340,2024-12-07,Completed,10
O008783,C04341,2024-08-12,Completed,15
O008784,C04342,2024-08-12,Completed,0
O008785,C04342,2024-10-14,Completed,10
O008786,C04343,2024-08-14,Completed,10
O008787,C04343,2024-08-25,Completed,0
O008788,C04344,2024-08-13,Completed,20
O008789,C04345,2024-08-12,Completed,10
O008790,C04346,2024-08-14,Completed,15
O008791,C04346,2024-10-08,Completed,0
O008792,C04347,2024-08-13,Completed,0
O008793,C04347,2024-10-08,Completed,0
O008794,C04347,2024-10-31,Completed,0
O008795,C04348,2024-08-12,Completed,10
O008796,C04349,2024-08-12,Completed,0
O008797,C04350,2024-08-13,Completed,0
O008798,C04350,2024-11-21,Completed,20
O008799,C04351,2024-08-14,Completed,0
O008800,C04351,2024-11-09,Completed,0
O008801,C04351,2024-11-12,Completed,15
O008801,C04351,2024-11-12,Completed,15
O008802,C04352,2024-08-13,Completed,15
O008803,C04352,2024-09-08,Completed,15
O008804,C04352,2024-10-24,Completed,0
O008805,C04352,2024-11-16,Completed,0
O008806,C04353,2024-08-13,Completed,20
O008807,C04353,2024-10-07,Cancelled,30
O008808,C04354,2024-08-12,Completed,15
O008809,C04354,2024-08-28,Completed,0
O008809,C04354,2024-08-28,Completed,0
O008810,C04354,2024-10-20,Completed,0
O008811,C04354,2024-10-27,Completed,0
O008812,C04354,2024-11-08,Completed,15
O008813,C04354,2024-11-25,Completed,10
O008814,C04355,2024-08-13,Completed,20
O008815,C04355,2024-10-23,Completed,0
O008816,C04356,2024-08-14,Completed,0
O008817,C04357,2024-08-14,Completed,10
O008818,C04358,2024-08-14,Completed,0
O008819,C04359,2024-08-15,Completed,0
O008820,C04360,2024-08-13,Completed,0
O008821,C04361,2024-08-14,Completed,20
O008822,C04362,2024-08-15,Completed,0
O008823,C04363,2024-08-13,Completed,0
O008824,C04363,2024-12-20,Completed,0
O008825,C04364,2024-08-16,Completed,10
O008826,C04365,2024-08-16,Completed,10
O008827,C04365,2024-08-30,Completed,10
O008828,C04365,2024-12-22,Completed,30
O008829,C04365,2024-12-28,Completed,0
O008830,C04366,2024-08-16,Completed,10
O008831,C04367,2024-08-16,Completed,10
O008832,C04368,14-Aug-2024,Completed,15
O008833,C04369,2024-08-15,Completed,0
O008834,C04370,2024-08-16,Completed,0
O008835,C04371,2024-08-16,Completed,10
O008836,C04371,2024-10-10,Completed,0
O008837,C04372,2024-08-17,Completed,0
O008838,C04373,2024-08-16,Completed,10
O008839,C04373,2024-10-12,Completed,0
O008840,C04374,2024-08-16,Completed,0
O008841,C04375,2024-08-16,Completed,0
O008842,C04376,2024-08-15,Completed,10
O008843,C04376,2024-09-29,Completed,0
O008844,C04377,2024-08-15,Completed,0
O008845,C04378,2024-08-15,Completed,30
O008846,C04379,2024-08-18,Completed,0
O008847,C04380,17-Aug-2024,Completed,0
O008848,C04380,2024-08-26,Completed,0
O008849,C04380,2024-09-24,Completed,0
O008850,C04380,2024-12-22,Completed,0
O008851,C04380,2024-12-23,Completed,10
O008852,C04381,2024-08-17,Completed,10
O008853,C04382,2024-08-18,Completed,0
O008854,C04383,2024-08-17,Completed,0
O008855,C04384,2024-08-17,Completed,0
O008856,C04384,2024-09-15,Completed,0
O008857,C04384,2024-11-03,Completed,30
O008858,C04385,2024-08-16,Completed,0
O008859,C04385,2024-12-05,Completed,0
O008860,C04386,2024-08-16,Completed,20
O008861,C04387,2024-08-18,Completed,0
O008862,C04388,2024-08-19,Completed,0
O008863,C04389,2024-08-18,Completed,0
O008864,C04390,2024-08-19,Completed,0
O008865,C04391,18-Aug-2024,Completed,0
O008866,C04391,2024-08-25,Completed,0
O008867,C04391,2024-10-19,Completed,15
O008868,C04391,2024-11-17,Completed,0
O008869,C04391,2024-11-19,Completed,10
O008870,C04392,2024-08-19,Completed,0
O008871,C04393,2024-08-19,Completed,0
O008872,C04394,2024-08-17,Completed,0
O008873,C04394,2024-08-18,Completed,30
O008874,C04394,2024-08-21,Completed,30
O008875,C04394,2024-09-07,Completed,0
O008876,C04395,2024-08-18,Completed,20
O008877,C04395,2024-08-26,Completed,0
O008878,C04396,2024-08-18,Completed,0
O008879,C04396,2024-09-21,Completed,0
O008880,C04397,2024-08-19,Completed,10
O008881,C04398,2024-08-19,Completed,0
O008882,C04399,2024-08-17,Cancelled,15
O008883,C04399,2024-09-06,Completed,0
O008884,C04399,2024-11-30,Completed,15
O008885,C04400,2024-08-19,Completed,0
O008886,C04400,2024-10-03,Completed,0
O008887,C04401,2024-08-18,Completed,0
O008888,C04402,2024-08-17,Completed,0
O008889,C04403,2024-08-19,Completed,0
O008890,C04404,2024-08-20,Completed,0
O008891,C04405,2024-08-18,Cancelled,0
O008892,C04406,2024-08-20,Completed,0
O008893,C04407,2024-08-19,Completed,10
O008894,C04408,2024-08-18,Completed,0
O008895,C04409,2024-08-20,Completed,20
O008896,C04410,2024-08-19,Completed,0
O008897,C04411,2024-08-20,Completed,0
O008898,C04412,2024-08-19,Completed,0
O008899,C04412,2024-10-01,Completed,0
O008900,C04413,2024-08-19,Completed,0
O008901,C04414,2024-08-20,Cancelled,15
O008902,C04414,2024-10-29,Completed,20
O008903,C04414,2024-11-12,Completed,15
O008904,C04414,2024-12-12,Completed,0
O008905,C04415,2024-08-20,Completed,0
O008906,C04415,2024-09-03,Completed,0
O008907,C04415,2024-09-09,Completed,0
O008908,C04415,2024-09-24,Completed,0
O008909,C04416,2024-08-19,Completed,20
O008910,C04417,2024-08-21,Completed,0
O008911,C04417,2024-10-23,Completed,0
O008912,C04418,2024-08-20,Completed,0
O008913,C04418,2024-08-24,Completed,15
O008914,C04418,2024-09-29,Completed,0
O008915,C04419,2024-08-21,Completed,0
O008916,C04420,2024-08-20,Completed,0
O008917,C04420,2024-08-30,Completed,15
O008918,C04420,2024-12-24,Completed,15
O008919,C04421,2024-08-22,Completed,10
O008920,C04422,2024-08-21,Completed,0
O008921,C04422,2024-08-27,Completed,0
O008922,C04422,2024-09-05,Completed,0
O008923,C04423,2024-08-20,Completed,0
O008924,C04423,2024-11-04,Completed,0
O008925,C04424,2024-08-22,Completed,0
O008926,C04425,2024-08-21,Completed,0
O008927,C04425,2024-08-30,Completed,15
O008928,C04426,2024-08-23,Completed,0
O008929,C04426,2024-12-13,Completed,0
O008930,C04427,2024-08-21,Completed,0
O008931,C04428,2024-08-23,Completed,10
O008932,C04428,2024-11-13,Completed,20
O008933,C04429,2024-08-22,Completed,10
O008934,C04430,2024-08-23,Completed,0
O008935,C04431,2024-08-23,Completed,0
O008936,C04432,2024-08-22,Completed,20
O008937,C04433,2024-08-22,Completed,0
O008938,C04434,2024-08-22,Completed,0
O008939,C04434,2024-10-28,Completed,0
O008940,C04434,2024-12-08,Completed,0
O008941,C04435,2024-08-22,Completed,0
O008942,C04436,2024-08-23,Completed,0
O008943,C04437,2024-08-23,Completed,10
O008944,C04437,2024-10-08,Completed,0
O008945,C04438,2024-08-24,Completed,0
O008946,C04438,2024-11-30,Completed,0
O008947,C04439,2024-08-22,Completed,0
O008948,C04440,2024-08-24,Completed,0
O008949,C04441,2024-08-22,Completed,10
O008950,C04441,2024-09-23,Completed,20
O008951,C04441,2024-09-27,Completed,10
O008952,C04441,2024-10-07,Completed,0
O008953,C04442,2024-08-22,Completed,10
O008954,C04442,2024-11-07,Completed,0
O008955,C04443,2024-08-24,Completed,15
O008956,C04443,2024-12-23,Completed,10
O008957,C04444,2024-08-24,Completed,0
O008958,C04444,2024-11-15,Completed,0
O008959,C04445,2024-08-23,Completed,0
O008960,C04446,2024-08-25,Completed,0
O008961,C04447,2024-08-25,Completed,0
O008962,C04447,2024-12-03,Completed,0
O008963,C04447,2024-12-20,Completed,0
O008964,C04448,2024-08-26,Completed,10
O008965,C04448,2024-09-01,Completed,0
O008966,C04448,2024-10-20,Completed,0
O008967,C04449,2024-08-26,Completed,0
O008968,C04450,2024-08-24,Completed,15
O008969,C04450,2024-10-02,Completed,10
O008970,C04451,2024-08-26,Completed,0
O008971,C04452,2024-08-26,Completed,10
O008972,C04453,2024-08-24,Completed,0
O008973,C04453,2024-10-02,Completed,15
O008974,C04453,2024-12-28,Completed,0
O008975,C04454,2024-08-26,Completed,0
O008976,C04454,2024-09-07,Completed,0
O008977,C04455,2024-08-26,Completed,0
O008978,C04456,2024-08-26,Completed,0
O008979,C04457,2024-08-26,Completed,0
O008980,C04457,2024-08-31,Completed,10
O008981,C04458,2024-08-27,Completed,15
O008982,C04458,2024-10-30,Completed,0
O008983,C04458,2024-11-17,Completed,0
O008984,C04458,2024-12-19,Completed,0
O008985,C04459,2024-08-26,Completed,0
O008986,C04459,2024-10-16,Completed,0
O008987,C04460,2024-08-25,Completed,0
O008988,C04461,2024-08-28,Cancelled,0
O008989,C04462,2024-08-27,Completed,0
O008990,C04463,2024-08-26,Completed,10
O008991,C04464,2024-08-28,Completed,0
O008992,C04464,2024-09-04,Completed,0
O008993,C04464,2024-09-06,Completed,0
O008994,C04464,2024-09-22,Completed,0
O008995,C04464,2024-09-24,Completed,0
O008996,C04464,2024-10-24,Completed,0
O008997,C04464,2024-11-23,Completed,0
O008998,C04465,2024-08-27,Completed,0
O008999,C04465,2024-10-28,Completed,15
O009000,C04466,2024-08-27,Completed,0
O009001,C04467,2024-08-27,Completed,0
O009002,C04468,2024-08-28,Completed,0
O009003,C04469,2024-08-27,Completed,30
O009004,C04470,2024-08-28,Completed,30
O009005,C04471,2024-08-27,Completed,0
O009006,C04472,2024-08-28,Completed,10
O009007,C04473,2024-08-28,Completed,20
O009008,C04473,2024-11-12,Completed,30
O009009,C04474,2024-08-29,Completed,15
O009010,C04474,2024-10-21,Completed,0
O009011,C04475,2024-08-29,Completed,0
O009012,C04476,2024-08-30,Completed,0
O009013,C04476,2024-09-01,Completed,0
O009014,C04476,2024-09-21,Completed,0
O009015,C04476,2024-10-04,Completed,10
O009016,C04477,2024-08-28,Completed,0
O009017,C04477,2024-09-10,Completed,0
O009018,C04477,2024-10-08,Completed,15
O009019,C04478,2024-08-30,Completed,0
O009020,C04478,12-Sep-2024,Completed,20
O009021,C04479,30-Aug-2024,Completed,0
O009022,C04479,2024-10-11,Completed,15
O009023,C04479,2024-11-19,Completed,30
O009024,C04480,2024-08-30,Completed,0
O009025,C04480,2024-09-20,Completed,0
O009026,C04480,2024-11-26,Completed,0
O009027,C04480,2024-12-04,Completed,20
O009028,C04480,2024-12-05,Completed,15
O009029,C04481,2024-08-28,Completed,20
O009030,C04482,2024-08-29,Completed,15
O009031,C04482,2024-09-02,Completed,0
O009032,C04482,2024-11-28,Completed,15
O009033,C04483,2024-08-30,Completed,0
O009034,C04484,2024-08-30,Completed,10
O009035,C04485,2024-08-31,Completed,10
O009036,C04485,2024-12-20,Completed,15
O009037,C04486,2024-08-31,Completed,15
O009038,C04486,2024-09-28,Completed,0
O009039,C04486,2024-10-08,Cancelled,0
O009040,C04486,2024-11-28,Cancelled,30
O009041,C04487,2024-09-01,Completed,0
O009042,C04488,2024-08-30,Completed,0
O009043,C04488,2024-10-02,Completed,20
O009044,C04489,2024-08-31,Completed,0
O009045,C04489,2024-09-13,Completed,0
O009046,C04489,2024-10-29,Completed,0
O009047,C04489,2024-12-15,Completed,20
O009048,C04490,2024-09-01,Completed,15
O009049,C04490,2024-09-17,Completed,0
O009050,C04490,2024-10-27,Completed,0
O009051,C04490,2024-12-14,Completed,20
O009052,C04490,2024-12-31,Completed,0
O009053,C04491,2024-08-30,Completed,0
O009054,C04491,2024-12-29,Completed,10
O009055,C04491,2024-12-30,Completed,0
O009056,C04492,2024-08-31,Completed,10
O009057,C04493,2024-08-31,Completed,0
O009058,C04493,2024-12-02,Completed,30
O009059,C04494,2024-09-02,Completed,20
O009060,C04494,2024-09-19,Completed,0
O009061,C04495,2024-09-01,Completed,10
O009062,C04495,2024-09-23,Completed,0
O009063,C04496,2024-09-02,Completed,0
O009064,C04497,2024-09-02,Completed,0
O009065,C04497,2024-09-09,Completed,0
O009066,C04497,2024-12-22,Completed,10
O009067,C04498,2024-09-01,Completed,0
O009068,C04498,2024-09-26,Completed,0
O009069,C04498,2024-10-18,Completed,10
O009070,C04498,2024-12-29,Completed,30
O009071,C04499,2024-09-01,Completed,15
O009072,C04499,2024-11-04,Completed,20
O009073,C04500,2024-08-31,Completed,15
O009074,C04501,2024-09-01,Completed,0
O009075,C04501,2024-10-04,Completed,20
O009076,C04502,2024-09-03,Completed,15
O009077,C04502,2024-12-21,Completed,0
O009078,C04503,2024-09-01,Completed,0
O009079,C04504,2024-09-02,Completed,0
O009080,C04505,2024-09-01,Completed,0
O009081,C04506,2024-09-01,Completed,0
O009082,C04507,2024-09-03,Completed,20
O009083,C04508,2024-09-03,Completed,0
O009084,C04508,2024-10-12,Completed,0
O009085,C04509,2024-09-03,Completed,0
O009086,C04509,2024-09-15,Cancelled,15
O009087,C04510,2024-09-01,Completed,20
O009088,C04510,2024-09-07,Completed,0
O009089,C04511,2024-09-01,Completed,10
O009090,C04511,2024-12-31,Completed,0
O009091,C04512,2024-09-01,Completed,15
O009092,C04513,2024-09-03,Cancelled,0
O009093,C04514,2024-09-02,Completed,0
O009094,C04514,2024-10-13,Completed,0
O009095,C04515,2024-09-01,Completed,10
O009096,C04516,2024-09-02,Completed,0
O009097,C04516,2024-11-24,Completed,20
O009098,C04517,2024-09-02,Completed,15
O009099,C04517,13-Oct-2024,Completed,10
O009100,C04517,2024-11-16,Completed,0
O009101,C04518,2024-09-04,Completed,0
O009102,C04519,2024-09-03,Completed,10
O009103,C04519,2024-11-20,Completed,20
O009104,C04520,2024-09-02,Completed,15
O009105,C04521,2024-09-03,Completed,0
O009106,C04521,2024-10-11,Completed,15
O009107,C04521,2024-10-24,Completed,0
O009108,C04521,2024-12-02,Completed,10
O009109,C04522,02-Sep-2024,Completed,15
O009110,C04523,2024-09-02,Completed,0
O009111,C04524,2024-09-03,Completed,0
O009112,C04525,2024-09-02,Cancelled,0
O009113,C04525,2024-11-11,Completed,0
O009114,C04525,2024-12-23,Completed,10
O009115,C04526,04-Sep-2024,Completed,0
O009116,C04527,2024-09-03,Completed,0
O009117,C04528,2024-09-05,Completed,0
O009118,C04529,2024-09-03,Completed,10
O009119,C04530,03-Sep-2024,Completed,0
O009120,C04531,2024-09-05,Completed,0
O009121,C04532,2024-09-04,Completed,10
O009122,C04532,2024-09-07,Completed,0
O009123,C04533,2024-09-03,Completed,0
O009124,C04533,2024-09-20,Completed,10
O009125,C04534,2024-09-03,Completed,0
O009126,C04535,2024-09-03,Completed,0
O009127,C04536,03-Sep-2024,Completed,0
O009128,C04537,2024-09-04,Completed,0
O009129,C04537,2024-10-18,Completed,10
O009130,C04538,2024-09-04,Completed,0
O009131,C04538,2024-09-05,Completed,0
O009132,C04538,2024-09-12,Completed,20
O009133,C04538,08-Dec-2024,Completed,10
O009134,C04539,2024-09-06,Completed,20
O009135,C04540,2024-09-06,Completed,0
O009136,C04540,2024-10-19,Completed,0
O009137,C04541,2024-09-04,Completed,0
O009138,C04541,2024-11-10,Completed,0
O009139,C04542,2024-09-04,Completed,0
O009140,C04543,06-Sep-2024,Completed,0
O009141,C04544,2024-09-06,Completed,15
O009142,C04545,2024-09-05,Completed,0
O009143,C04546,2024-09-06,Completed,10
O009144,C04547,2024-09-06,Completed,20
O009145,C04547,2024-10-20,Completed,0
O009146,C04547,2024-11-10,Completed,20
O009147,C04548,2024-09-06,Completed,0
O009148,C04548,2024-11-16,Completed,0
O009149,C04549,2024-09-07,Completed,10
O009150,C04549,2024-11-26,Completed,30
O009151,C04550,2024-09-05,Completed,20
O009152,C04550,2024-10-05,Completed,10
O009153,C04550,2024-10-24,Completed,0
O009154,C04551,2024-09-07,Completed,10
O009155,C04552,2024-09-07,Completed,0
O009156,C04552,2024-09-24,Completed,15
O009157,C04553,2024-09-06,Completed,0
O009158,C04554,2024-09-07,Completed,0
O009159,C04554,2024-11-10,Completed,10
O009160,C04555,2024-09-05,Completed,0
O009161,C04555,2024-09-18,Completed,10
O009162,C04555,2024-11-10,Completed,30
O009163,C04556,2024-09-07,Completed,0
O009164,C04557,2024-09-06,Completed,0
O009165,C04557,2024-09-29,Completed,0
O009166,C04557,2024-10-04,Completed,20
O009167,C04558,2024-09-07,Completed,0
O009168,C04558,2024-10-02,Completed,0
O009169,C04558,2024-10-06,Completed,0
O009170,C04559,07-Sep-2024,Completed,20
O009171,C04559,2024-11-03,Completed,0
O009172,C04560,2024-09-05,Completed,0
O009173,C04561,2024-09-07,Cancelled,0
O009174,C04562,2024-09-06,Cancelled,0
O009175,C04563,2024-09-08,Completed,0
O009176,C04564,2024-09-07,Completed,0
O009177,C04565,2024-09-07,Completed,0
O009178,C04566,2024-09-07,Completed,10
O009179,C04566,2024-09-24,Completed,0
O009180,C04566,2024-10-08,Completed,0
O009181,C04567,2024-09-07,Completed,0
O009182,C04567,2024-10-20,Completed,15
O009183,C04568,2024-09-06,Completed,0
O009184,C04569,2024-09-07,Completed,0
O009185,C04570,2024-09-07,Completed,10
O009186,C04571,2024-09-07,Completed,0
O009187,C04571,2024-09-09,Completed,0
O009188,C04571,2024-10-24,Completed,0
O009189,C04572,2024-09-08,Completed,15
O009190,C04572,2024-10-05,Completed,10
O009191,C04572,2024-10-14,Completed,0
O009192,C04572,2024-11-03,Completed,0
O009193,C04573,2024-09-09,Completed,10
O009194,C04573,2024-10-07,Completed,0
O009195,C04574,2024-09-07,Completed,0
O009196,C04575,2024-09-09,Completed,0
O009197,C04575,2024-09-24,Completed,0
O009198,C04575,2024-10-22,Completed,0
O009199,C04576,2024-09-09,Completed,0
O009200,C04576,2024-09-25,Completed,20
O009201,C04577,2024-09-09,Completed,20
O009202,C04578,2024-09-09,Completed,0
O009203,C04578,2024-12-27,Completed,10
O009204,C04579,2024-09-08,Completed,0
O009205,C04579,2024-10-26,Completed,10
O009206,C04580,2024-09-08,Completed,10
O009207,C04581,2024-09-07,Completed,0
O009208,C04581,2024-12-16,Completed,0
O009209,C04582,2024-09-09,Completed,15
O009210,C04582,2024-10-21,Completed,0
O009211,C04582,2024-12-06,Completed,30
O009212,C04582,2024-12-30,Completed,0
O009213,C04583,2024-09-08,Completed,0
O009214,C04584,2024-09-10,Completed,20
O009215,C04585,2024-09-09,Completed,15
O009216,C04586,2024-09-10,Completed,0
O009217,C04587,2024-09-08,Completed,0
O009218,C04588,08-Sep-2024,Completed,20
O009219,C04589,2024-09-08,Completed,0
O009220,C04590,2024-09-09,Completed,10
O009221,C04591,2024-09-10,Completed,0
O009222,C04592,2024-09-10,Completed,10
O009223,C04593,2024-09-10,Completed,0
O009224,C04593,2024-10-03,Completed,0
O009225,C04593,04-Oct-2024,Completed,10
O009226,C04593,2024-10-13,Completed,0
O009227,C04593,2024-10-17,Completed,0
O009228,C04593,2024-10-30,Completed,0
O009229,C04594,2024-09-10,Completed,10
O009230,C04595,2024-09-11,Completed,0
O009231,C04595,2024-11-30,Completed,0
O009231,C04595,2024-11-30,Completed,0
O009232,C04596,2024-09-11,Completed,30
O009233,C04596,2024-11-25,Completed,30
O009234,C04596,2024-12-07,Completed,0
O009235,C04597,2024-09-09,Completed,0
O009236,C04598,2024-09-11,Completed,0
O009237,C04598,2024-09-16,Completed,0
O009238,C04599,2024-09-11,Completed,0
O009239,C04600,2024-09-10,Completed,0
O009240,C04600,2024-12-13,Completed,0
O009241,C04601,2024-09-09,Completed,0
O009242,C04602,2024-09-09,Completed,10
O009243,C04603,2024-09-09,Completed,0
O009244,C04604,2024-09-11,Completed,0
O009245,C04605,2024-09-11,Completed,0
O009246,C04605,2024-10-26,Completed,10
O009247,C04606,2024-09-09,Completed,0
O009248,C04607,2024-09-10,Completed,0
O009249,C04608,2024-09-12,Completed,0
O009250,C04609,2024-09-11,Completed,0
O009251,C04609,2024-09-25,Completed,10
O009252,C04610,2024-09-11,Completed,0
O009253,C04610,2024-11-19,Completed,10
O009254,C04611,2024-09-12,Completed,0
O009255,C04611,2024-09-13,Completed,30
O009256,C04611,2024-11-17,Completed,20
O009257,C04611,2024-11-27,Completed,0
O009258,C04611,2024-12-09,Completed,0
O009259,C04612,2024-09-12,Completed,0
O009260,C04612,2024-11-16,Completed,10
O009261,C04612,2024-11-17,Completed,10
O009262,C04613,2024-09-12,Completed,0
O009263,C04614,2024-09-11,Completed,0
O009264,C04614,2024-12-09,Completed,0
O009265,C04615,2024-09-12,Completed,0
O009266,C04616,2024-09-12,Completed,10
O009267,C04616,2024-12-21,Completed,0
O009268,C04616,2024-12-23,Completed,0
O009269,C04617,2024-09-12,Completed,20
O009270,C04617,2024-12-11,Completed,0
O009271,C04618,2024-09-11,Completed,0
O009272,C04618,28-Sep-2024,Completed,0
O009273,C04619,2024-09-12,Completed,15
O009274,C04620,2024-09-11,Completed,15
O009275,C04621,2024-09-11,Completed,0
O009276,C04622,2024-09-13,Completed,0
O009277,C04622,2024-11-10,Completed,0
O009278,C04622,2024-11-23,Completed,10
O009279,C04622,2024-12-12,Completed,0
O009280,C04623,2024-09-12,Completed,0
O009281,C04623,2024-10-13,Completed,0
O009282,C04623,2024-10-22,Completed,0
O009283,C04624,2024-09-12,Completed,0
O009284,C04624,2024-12-03,Completed,0
O009285,C04625,2024-09-13,Completed,0
O009286,C04625,2024-10-29,Completed,0
O009287,C04626,2024-09-13,Completed,0
O009288,C04627,2024-09-13,Completed,0
O009289,C04628,14-Sep-2024,Completed,0
O009290,C04629,14-Sep-2024,Completed,0
O009291,C04630,2024-09-14,Completed,15
O009292,C04631,2024-09-14,Completed,20
O009293,C04632,2024-09-13,Completed,10
O009294,C04633,2024-09-14,Completed,0
O009295,C04634,2024-09-14,Completed,10
O009296,C04635,2024-09-14,Completed,0
O009297,C04635,2024-11-14,Completed,30
O009298,C04635,2024-11-24,Cancelled,20
O009299,C04636,2024-09-14,Completed,20
O009300,C04637,2024-09-12,Completed,0
O009301,C04638,2024-09-12,Completed,0
O009302,C04638,2024-10-07,Completed,20
O009303,C04638,2024-11-24,Completed,0
O009304,C04639,2024-09-14,Completed,0
O009305,C04639,2024-11-02,Completed,10
O009306,C04639,2024-11-05,Completed,20
O009307,C04640,2024-09-14,Completed,0
O009308,C04640,2024-11-20,Completed,0
O009309,C04641,2024-09-15,Completed,20
O009310,C04642,2024-09-14,Completed,0
O009311,C04643,2024-09-14,Completed,0
O009312,C04644,2024-09-14,Completed,0
O009313,C04645,2024-09-14,Completed,10
O009314,C04646,2024-09-15,Completed,0
O009315,C04647,2024-09-15,Completed,0
O009316,C04647,2024-09-21,Completed,0
O009317,C04648,2024-09-14,Completed,0
O009318,C04648,2024-10-02,Completed,10
O009319,C04649,2024-09-15,Completed,0
O009320,C04649,2024-12-21,Completed,0
O009321,C04650,2024-09-14,Completed,0
O009322,C04650,2024-10-21,Completed,0
O009323,C04651,2024-09-16,Completed,20
O009324,C04652,2024-09-14,Completed,0
O009325,C04652,2024-12-08,Completed,0
O009326,C04653,2024-09-15,Completed,15
O009327,C04653,2024-11-11,Completed,0
O009328,C04654,2024-09-16,Completed,15
O009329,C04655,2024-09-16,Completed,0
O009330,C04656,2024-09-17,Completed,20
O009331,C04656,2024-09-26,Completed,15
O009332,C04657,2024-09-17,Completed,0
O009333,C04658,2024-09-16,Completed,0
O009334,C04658,2024-09-30,Completed,15
O009335,C04659,2024-09-16,Completed,20
O009336,C04660,2024-09-17,Completed,0
O009337,C04660,2024-11-19,Completed,0
O009338,C04661,2024-09-17,Completed,0
O009339,C04662,2024-09-16,Completed,0
O009340,C04663,2024-09-18,Completed,10
O009341,C04663,2024-10-25,Completed,0
O009342,C04664,2024-09-18,Completed,0
O009343,C04665,2024-09-17,Completed,0
O009344,C04666,2024-09-17,Completed,20
O009345,C04667,2024-09-19,Completed,15
O009346,C04668,2024-09-19,Completed,15
O009347,C04668,2024-10-26,Completed,0
O009348,C04669,2024-09-18,Completed,20
O009349,C04670,2024-09-19,Completed,0
O009350,C04670,2024-10-06,Completed,0
O009351,C04670,2024-10-15,Completed,0
O009352,C04670,2024-12-12,Completed,15
O009353,C04671,2024-09-19,Completed,10
O009354,C04672,2024-09-19,Completed,0
O009355,C04672,2024-10-23,Completed,0
O009356,C04673,2024-09-19,Completed,0
O009357,C04674,2024-09-17,Completed,10
O009358,C04675,2024-09-17,Completed,0
O009359,C04675,2024-10-27,Completed,15
O009360,C04675,2024-10-31,Completed,0
O009361,C04676,2024-09-19,Completed,10
O009362,C04677,2024-09-18,Completed,0
O009363,C04677,2024-10-15,Completed,0
O009364,C04677,2024-10-30,Completed,0
O009365,C04678,2024-09-18,Completed,0
O009366,C04679,2024-09-19,Completed,30
O009367,C04679,2024-12-18,Completed,0
O009368,C04679,2024-12-19,Completed,20
O009369,C04680,2024-09-20,Completed,0
O009370,C04681,2024-09-20,Completed,15
O009371,C04682,2024-09-19,Completed,0
O009372,C04683,2024-09-19,Completed,0
O009373,C04684,2024-09-19,Completed,0
O009374,C04685,2024-09-21,Completed,0
O009375,C04686,2024-09-20,Completed,15
O009376,C04687,2024-09-21,Completed,0
O009377,C04687,2024-10-10,Completed,15
O009378,C04687,2024-10-28,Completed,0
O009379,C04688,2024-09-20,Completed,10
O009380,C04689,2024-09-19,Completed,0
O009381,C04690,2024-09-21,Completed,0
O009382,C04690,2024-10-15,Completed,0
O009383,C04690,2024-11-07,Completed,15
O009384,C04691,2024-09-20,Completed,0
O009385,C04691,2024-11-18,Completed,10
O009386,C04692,2024-09-20,Completed,0
O009387,C04693,2024-09-20,Completed,15
O009388,C04694,2024-09-21,Completed,0
O009389,C04695,2024-09-20,Completed,0
O009390,C04696,2024-09-22,Completed,0
O009391,C04697,2024-09-22,Completed,10
O009392,C04698,2024-09-21,Completed,15
O009393,C04699,2024-09-20,Completed,0
O009394,C04699,2024-10-26,Completed,15
O009395,C04700,2024-09-22,Completed,0
O009396,C04700,2024-10-31,Completed,0
O009397,C04700,2024-12-15,Completed,30
O009398,C04701,2024-09-20,Completed,0
O009399,C04702,2024-09-20,Completed,0
O009400,C04703,2024-09-21,Completed,0
O009401,C04704,2024-09-20,Completed,20
O009402,C04704,2024-09-22,Completed,0
O009403,C04705,2024-09-22,Completed,0
O009404,C04706,2024-09-22,Completed,0
O009405,C04707,2024-09-20,Completed,0
O009406,C04708,2024-09-21,Completed,0
O009407,C04709,2024-09-23,Completed,10
O009408,C04709,2024-10-07,Completed,0
O009409,C04710,2024-09-21,Completed,0
O009410,C04710,2024-11-20,Completed,30
O009411,C04711,2024-09-22,Completed,20
O009412,C04711,2024-10-10,Completed,10
O009413,C04712,2024-09-23,Cancelled,30
O009413,C04712,2024-09-23,Cancelled,30
O009414,C04713,2024-09-22,Completed,20
O009415,C04713,2024-10-01,Completed,0
O009416,C04714,2024-09-24,Completed,0
O009417,C04715,2024-09-22,Completed,20
O009418,C04715,2024-12-11,Completed,0
O009419,C04716,2024-09-25,Completed,10
O009420,C04717,2024-09-23,Completed,10
O009421,C04718,2024-09-24,Completed,20
O009422,C04719,2024-09-24,Completed,0
O009423,C04720,2024-09-23,Completed,15
O009424,C04721,2024-09-25,Completed,0
O009425,C04722,2024-09-24,Completed,0
O009426,C04722,2024-12-17,Completed,0
O009427,C04723,2024-09-26,Completed,15
O009428,C04723,2024-12-31,Completed,20
O009429,C04724,2024-09-26,Completed,0
O009430,C04725,2024-09-24,Completed,10
O009431,C04726,2024-09-27,Completed,15
O009432,C04727,2024-09-27,Completed,0
O009433,C04728,2024-09-26,Completed,0
O009434,C04729,2024-09-27,Completed,15
O009435,C04729,2024-10-04,Completed,0
O009436,C04729,2024-11-01,Completed,10
O009437,C04730,2024-09-27,Completed,0
O009438,C04730,2024-10-09,Completed,0
O009439,C04730,2024-11-10,Completed,0
O009440,C04731,2024-09-27,Completed,15
O009441,C04731,2024-10-02,Completed,0
O009442,C04731,2024-10-25,Completed,20
O009443,C04732,2024-09-26,Completed,10
O009444,C04733,2024-09-25,Completed,15
O009445,C04734,2024-09-25,Completed,0
O009446,C04735,2024-09-25,Completed,15
O009447,C04735,2024-12-21,Completed,30
O009448,C04736,2024-09-26,Completed,10
O009449,C04736,2024-09-30,Completed,0
O009450,C04737,2024-09-26,Completed,10
O009451,C04738,2024-09-27,Completed,10
O009452,C04739,2024-09-28,Completed,0
O009453,C04740,2024-09-28,Completed,0
O009454,C04740,2024-10-10,Completed,0
O009455,C04741,2024-09-27,Completed,10
O009456,C04742,2024-09-28,Completed,0
O009457,C04743,2024-09-27,Completed,20
O009458,C04743,2024-10-24,Completed,0
O009459,C04743,2024-10-29,Completed,0
O009460,C04744,2024-09-29,Completed,15
O009461,C04745,2024-09-27,Completed,0
O009462,C04745,2024-11-02,Completed,0
O009463,C04745,2024-11-03,Completed,0
O009464,C04746,2024-09-27,Cancelled,0
O009465,C04747,2024-09-28,Completed,10
O009466,C04748,2024-09-29,Completed,30
O009467,C04749,2024-09-29,Completed,0
O009468,C04750,2024-09-28,Completed,0
O009469,C04751,2024-09-29,Completed,0
O009470,C04752,2024-09-28,Cancelled,0
O009471,C04753,2024-09-29,Completed,0
O009472,C04754,2024-09-28,Completed,0
O009473,C04755,2024-09-29,Completed,0
O009474,C04756,2024-09-29,Completed,0
O009475,C04757,2024-09-29,Completed,15
O009476,C04757,2024-11-14,Completed,15
O009477,C04757,2024-11-23,Completed,20
O009478,C04758,2024-09-28,Completed,0
O009479,C04759,2024-09-30,Cancelled,15
O009480,C04760,2024-09-30,Completed,0
O009481,C04761,2024-09-28,Completed,20
O009482,C04762,2024-09-30,Completed,0
O009483,C04763,2024-09-29,Completed,0
O009483,C04763,2024-09-29,Completed,0
O009484,C04763,2024-11-01,Completed,10
O009485,C04763,2024-11-10,Completed,20
O009486,C04764,2024-09-29,Completed,20
O009487,C04764,2024-11-22,Completed,20
O009488,C04765,2024-09-30,Completed,0
O009489,C04765,03-Oct-2024,Completed,0
O009490,C04766,2024-09-30,Completed,0
O009491,C04766,2024-12-10,Completed,30
O009492,C04767,2024-09-30,Completed,0
O009493,C04767,2024-10-29,Completed,15
O009494,C04768,2024-10-01,Completed,0
O009495,C04769,2024-10-01,Completed,20
O009496,C04770,2024-09-30,Completed,0
O009497,C04771,2024-10-01,Completed,0
O009498,C04771,2024-10-12,Completed,15
O009499,C04771,2024-10-16,Completed,0
O009500,C04772,2024-09-30,Completed,0
O009501,C04773,2024-10-02,Completed,0
O009502,C04774,30-Sep-2024,Completed,0
O009503,C04774,26-Dec-2024,Completed,15
O009504,C04775,2024-09-30,Completed,0
O009505,C04775,2024-10-06,Completed,20
O009506,C04776,2024-10-01,Completed,30
O009507,C04776,11-Dec-2024,Completed,10
O009508,C04777,2024-10-02,Completed,0
O009509,C04778,2024-10-02,Completed,0
O009510,C04779,2024-10-03,Completed,0
O009511,C04780,2024-10-02,Completed,0
O009512,C04780,2024-10-20,Completed,20
O009513,C04780,2024-11-15,Completed,15
O009514,C04781,2024-10-03,Completed,0
O009515,C04781,2024-11-02,Completed,0
O009516,C04781,2024-11-12,Completed,0
O009517,C04781,2024-11-19,Completed,30
O009518,C04782,2024-10-01,Completed,20
O009519,C04782,2024-11-08,Completed,30
O009520,C04783,2024-10-01,Cancelled,0
O009521,C04783,2024-10-11,Completed,0
O009522,C04783,2024-10-21,Completed,0
O009523,C04784,2024-10-01,Completed,0
O009524,C04785,2024-10-03,Completed,10
O009525,C04786,2024-10-03,Completed,0
O009526,C04786,2024-11-03,Completed,15
O009527,C04787,2024-10-01,Completed,0
O009528,C04788,2024-10-01,Completed,0
O009529,C04788,2024-10-11,Completed,0
O009530,C04789,2024-10-03,Completed,10
O009531,C04790,2024-10-03,Completed,0
O009532,C04791,2024-10-02,Completed,15
O009533,C04791,2024-10-24,Completed,20
O009534,C04792,2024-10-02,Completed,0
O009535,C04792,2024-10-12,Completed,0
O009536,C04792,2024-10-17,Completed,0
O009537,C04793,2024-10-02,Completed,0
O009538,C04793,2024-11-17,Completed,20
O009539,C04794,2024-10-03,Completed,0
O009540,C04795,2024-10-03,Completed,15
O009541,C04796,2024-10-04,Completed,10
O009542,C04797,2024-10-04,Completed,0
O009543,C04798,2024-10-03,Completed,0
O009544,C04799,2024-10-03,Completed,0
O009545,C04799,2024-10-19,Completed,20
O009546,C04800,2024-10-04,Completed,0
O009547,C04800,2024-11-12,Completed,10
O009548,C04801,2024-10-05,Completed,0
O009549,C04801,2024-11-30,Completed,30
O009550,C04802,2024-10-05,Completed,0
O009551,C04803,2024-10-03,Cancelled,0
O009552,C04804,2024-10-04,Completed,0
O009553,C04804,2024-12-14,Completed,0
O009554,C04805,2024-10-05,Completed,0
O009555,C04806,05-Oct-2024,Completed,15
O009556,C04807,2024-10-05,Completed,0
O009557,C04808,2024-10-03,Completed,0
O009558,C04809,2024-10-04,Completed,0
O009559,C04809,2024-11-18,Completed,10
O009560,C04809,2024-12-18,Completed,0
O009561,C04810,2024-10-05,Completed,10
O009562,C04811,2024-10-05,Completed,0
O009563,C04811,2024-12-07,Completed,20
O009564,C04812,2024-10-04,Completed,20
O009565,C04813,2024-10-05,Completed,15
O009566,C04814,2024-10-06,Completed,0
O009567,C04814,2024-11-07,Completed,15
O009568,C04814,2024-11-22,Completed,0
O009569,C04814,2024-11-29,Completed,0
O009570,C04815,2024-10-06,Completed,10
O009571,C04816,2024-10-06,Completed,10
O009572,C04816,2024-10-11,Completed,0
O009573,C04817,2024-10-06,Completed,30
O009574,C04818,2024-10-05,Completed,0
O009575,C04819,2024-10-06,Completed,0
O009576,C04819,2024-10-14,Completed,20
O009577,C04820,2024-10-07,Cancelled,0
O009578,C04820,2024-10-22,Completed,0
O009579,C04821,2024-10-06,Completed,0
O009580,C04821,2024-12-11,Completed,10
O009581,C04822,2024-10-06,Completed,15
O009582,C04822,2024-12-28,Completed,30
O009583,C04823,2024-10-05,Completed,15
O009584,C04824,2024-10-05,Completed,0
O009585,C04824,2024-12-26,Completed,30
O009586,C04825,2024-10-06,Completed,0
O009587,C04826,2024-10-06,Completed,20
O009588,C04827,2024-10-07,Completed,10
O009589,C04828,2024-10-06,Completed,0
O009590,C04829,2024-10-06,Completed,0
O009591,C04830,2024-10-06,Completed,30
O009592,C04831,2024-10-05,Cancelled,10
O009593,C04832,2024-10-07,Completed,0
O009594,C04833,2024-10-08,Completed,10
O009595,C04834,2024-10-07,Completed,10
O009596,C04835,2024-10-08,Completed,0
O009597,C04835,2024-11-29,Completed,30
O009598,C04836,2024-10-08,Completed,0
O009599,C04837,2024-10-07,Completed,15
O009600,C04838,2024-10-07,Completed,10
O009601,C04838,2024-11-04,Completed,10
O009602,C04839,2024-10-08,Completed,0
O009603,C04840,2024-10-08,Completed,20
O009604,C04841,2024-10-08,Cancelled,0
O009605,C04842,2024-10-07,Completed,0
O009606,C04843,2024-10-07,Completed,0
O009607,C04844,2024-10-07,Cancelled,0
O009608,C04844,2024-12-13,Completed,15
O009609,C04845,2024-10-06,Completed,10
O009610,C04845,2024-10-20,Completed,10
O009611,C04845,2024-11-19,Completed,10
O009612,C04845,2024-11-30,Completed,0
O009613,C04846,2024-10-07,Completed,10
O009614,C04847,2024-10-07,Completed,0
O009615,C04847,2024-11-07,Completed,15
O009616,C04848,2024-10-08,Completed,0
O009617,C04849,2024-10-09,Completed,0
O009618,C04850,2024-10-09,Completed,0
O009619,C04850,2024-12-05,Completed,20
O009620,C04850,2024-12-22,Completed,0
O009621,C04851,2024-10-09,Completed,20
O009622,C04852,2024-10-08,Completed,0
O009623,C04853,2024-10-08,Completed,0
O009624,C04854,2024-10-09,Completed,0
O009625,C04855,2024-10-09,Completed,0
O009626,C04855,2024-12-30,Completed,0
O009627,C04856,2024-10-10,Completed,0
O009628,C04857,2024-10-08,Completed,0
O009629,C04858,2024-10-08,Completed,0
O009630,C04859,2024-10-10,Completed,0
O009631,C04859,2024-10-12,Completed,20
O009632,C04859,2024-10-20,Completed,10
O009633,C04860,2024-10-10,Completed,10
O009634,C04860,2024-12-10,Completed,0
O009635,C04860,2024-12-31,Completed,10
O009636,C04861,2024-10-09,Completed,15
O009637,C04862,2024-10-09,Completed,0
O009638,C04863,2024-10-09,Completed,15
O009639,C04863,2024-10-26,Completed,0
O009640,C04864,2024-10-10,Completed,0
O009641,C04865,2024-10-11,Completed,0
O009642,C04866,2024-10-09,Completed,0
O009643,C04866,2024-10-10,Completed,0
O009644,C04867,2024-10-11,Completed,15
O009645,C04868,2024-10-10,Completed,0
O009646,C04869,10-Oct-2024,Completed,15
O009647,C04869,2024-12-03,Completed,10
O009648,C04870,2024-10-11,Completed,0
O009649,C04870,2024-10-14,Completed,15
O009650,C04870,2024-11-01,Completed,0
O009651,C04870,2024-11-13,Completed,10
O009652,C04871,12-Oct-2024,Completed,0
O009653,C04872,2024-10-10,Completed,0
O009654,C04873,2024-10-12,Completed,10
O009655,C04874,2024-10-11,Completed,15
O009656,C04874,2024-10-19,Completed,0
O009657,C04874,2024-11-06,Completed,10
O009658,C04874,2024-11-14,Completed,0
O009659,C04874,2024-12-29,Completed,0
O009660,C04875,2024-10-10,Completed,0
O009661,C04876,2024-10-12,Completed,0
O009662,C04876,2024-12-11,Completed,30
O009663,C04877,2024-10-11,Completed,0
O009664,C04878,2024-10-11,Completed,20
O009665,C04879,2024-10-11,Completed,0
O009666,C04880,2024-10-13,Cancelled,0
O009667,C04881,2024-10-13,Completed,0
O009668,C04881,2024-10-31,Completed,15
O009669,C04881,2024-11-08,Completed,20
O009670,C04882,2024-10-14,Completed,0
O009671,C04882,2024-11-04,Completed,30
O009672,C04883,2024-10-13,Completed,0
O009673,C04884,2024-10-13,Completed,0
O009674,C04885,14-Oct-2024,Cancelled,20
O009675,C04885,2024-11-04,Completed,20
O009676,C04886,2024-10-14,Completed,0
O009677,C04887,2024-10-13,Completed,0
O009678,C04888,2024-10-13,Completed,0
O009679,C04889,2024-10-13,Completed,0
O009680,C04890,2024-10-14,Completed,0
O009681,C04890,2024-11-22,Completed,20
O009682,C04891,2024-10-15,Completed,0
O009683,C04892,2024-10-13,Completed,15
O009684,C04893,2024-10-13,Completed,0
O009685,C04894,2024-10-15,Completed,10
O009686,C04895,2024-10-15,Completed,15
O009687,C04895,2024-10-20,Completed,0
O009688,C04896,2024-10-13,Completed,0
O009689,C04897,2024-10-14,Completed,0
O009690,C04898,2024-10-13,Completed,0
O009691,C04898,2024-12-15,Completed,0
O009692,C04899,2024-10-13,Completed,0
O009693,C04900,2024-10-13,Completed,0
O009694,C04901,2024-10-15,Completed,0
O009695,C04901,2024-10-16,Completed,0
O009696,C04902,2024-10-13,Completed,0
O009697,C04903,2024-10-13,Completed,20
O009698,C04904,2024-10-13,Completed,0
O009699,C04904,2024-10-14,Completed,0
O009700,C04905,2024-10-13,Completed,0
O009701,C04906,15-Oct-2024,Completed,20
O009702,C04907,2024-10-15,Completed,10
O009703,C04907,2024-12-05,Completed,20
O009704,C04908,2024-10-14,Completed,20
O009705,C04908,2024-11-04,Completed,20
O009706,C04909,2024-10-14,Completed,0
O009707,C04910,2024-10-14,Completed,0
O009708,C04910,2024-11-29,Completed,10
O009709,C04910,2024-12-16,Cancelled,20
O009710,C04911,15-Oct-2024,Completed,0
O009711,C04912,2024-10-16,Completed,15
O009712,C04913,2024-10-17,Completed,20
O009713,C04914,2024-10-16,Completed,10
O009714,C04914,2024-10-22,Completed,0
O009715,C04914,2024-11-14,Completed,10
O009716,C04915,2024-10-15,Completed,20
O009717,C04916,2024-10-15,Completed,10
O009718,C04917,2024-10-16,Completed,10
O009719,C04917,2024-12-13,Completed,15
O009720,C04918,2024-10-15,Completed,0
O009721,C04918,2024-11-14,Completed,0
O009722,C04919,2024-10-16,Completed,10
O009723,C04920,2024-10-17,Completed,15
O009724,C04920,2024-10-24,Completed,0
O009725,C04921,2024-10-17,Completed,0
O009726,C04921,2024-11-12,Completed,0
O009727,C04921,2024-12-27,Completed,0
O009728,C04922,2024-10-15,Completed,0
O009729,C04922,2024-10-24,Completed,0
O009730,C04923,2024-10-16,Completed,20
O009731,C04923,2024-11-13,Completed,0
O009732,C04924,2024-10-16,Completed,0
O009733,C04924,2024-11-20,Cancelled,10
O009734,C04925,2024-10-18,Completed,20
O009735,C04926,2024-10-18,Completed,0
O009736,C04927,2024-10-17,Completed,0
O009737,C04927,2024-11-22,Completed,30
O009738,C04928,2024-10-18,Completed,0
O009739,C04929,2024-10-18,Completed,20
O009740,C04930,2024-10-18,Completed,0
O009741,C04930,2024-11-28,Completed,0
O009742,C04930,2024-12-15,Completed,0
O009743,C04931,2024-10-18,Completed,0
O009744,C04932,2024-10-18,Completed,0
O009745,C04933,2024-10-19,Completed,0
O009746,C04933,2024-12-25,Completed,30
O009747,C04934,19-Oct-2024,Completed,10
O009748,C04935,2024-10-19,Completed,10
O009749,C04935,2024-10-31,Completed,0
O009750,C04936,2024-10-17,Completed,10
O009751,C04936,2024-11-16,Completed,0
O009752,C04936,2024-11-17,Completed,20
O009753,C04937,2024-10-18,Completed,0
O009754,C04937,2024-11-27,Completed,20
O009755,C04937,2024-12-13,Completed,30
O009756,C04938,2024-10-17,Completed,20
O009757,C04938,2024-11-02,Completed,0
O009758,C04939,2024-10-19,Completed,10
O009759,C04939,2024-10-24,Completed,0
O009760,C04940,2024-10-17,Completed,0
O009761,C04941,2024-10-18,Completed,30
O009762,C04941,2024-11-02,Completed,0
O009763,C04941,2024-11-12,Completed,0
O009764,C04942,2024-10-18,Completed,0
O009765,C04942,2024-11-11,Completed,20
O009766,C04942,2024-11-18,Completed,15
O009767,C04943,2024-10-17,Completed,0
O009768,C04943,2024-10-21,Completed,0
O009769,C04943,2024-11-14,Completed,0
O009770,C04944,2024-10-19,Completed,0
O009771,C04945,2024-10-19,Completed,10
O009772,C04945,2024-11-07,Completed,0
O009773,C04946,2024-10-18,Completed,0
O009774,C04947,2024-10-19,Completed,0
O009775,C04947,2024-10-28,Completed,0
O009776,C04947,2024-11-22,Completed,10
O009777,C04948,20-Oct-2024,Completed,0
O009778,C04949,2024-10-18,Completed,0
O009779,C04949,2024-11-17,Completed,20
O009780,C04950,2024-10-20,Completed,0
O009781,C04951,2024-10-19,Completed,0
O009782,C04951,2024-12-10,Completed,0
O009783,C04951,2024-12-13,Completed,30
O009784,C04952,2024-10-18,Completed,15
O009785,C04953,2024-10-18,Completed,10
O009786,C04954,2024-10-19,Completed,15
O009787,C04955,2024-10-18,Completed,0
O009788,C04956,2024-10-18,Completed,0
O009789,C04957,2024-10-19,Completed,0
O009790,C04958,2024-10-18,Completed,0
O009791,C04958,2024-10-28,Completed,0
O009792,C04959,2024-10-18,Completed,0
O009793,C04959,2024-11-19,Completed,10
O009794,C04960,2024-10-18,Completed,0
O009795,C04961,2024-10-19,Completed,0
O009796,C04962,2024-10-20,Completed,30
O009797,C04963,2024-10-19,Completed,10
O009798,C04963,2024-12-14,Completed,30
O009799,C04964,2024-10-20,Completed,0
O009800,C04964,2024-11-02,Completed,15
O009801,C04964,2024-11-21,Completed,0
O009802,C04965,2024-10-19,Completed,0
O009803,C04965,2024-11-11,Completed,20
O009804,C04966,2024-10-20,Completed,0
O009805,C04967,2024-10-19,Completed,15
O009806,C04968,2024-10-20,Completed,10
O009807,C04969,20-Oct-2024,Cancelled,20
O009808,C04970,2024-10-21,Completed,0
O009809,C04971,2024-10-22,Completed,0
O009810,C04972,2024-10-21,Completed,10
O009811,C04973,2024-10-22,Completed,0
O009812,C04974,2024-10-21,Completed,0
O009813,C04975,2024-10-21,Completed,0
O009814,C04975,2024-11-20,Completed,20
O009815,C04976,2024-10-20,Completed,0
O009816,C04977,2024-10-21,Completed,10
O009817,C04977,2024-12-05,Completed,30
O009818,C04978,2024-10-21,Completed,0
O009819,C04979,2024-10-21,Completed,0
O009820,C04980,2024-10-21,Completed,0
O009821,C04981,2024-10-21,Completed,0
O009822,C04981,2024-12-11,Completed,10
O009823,C04982,2024-10-23,Completed,0
O009824,C04982,2024-12-22,Completed,10
O009825,C04983,2024-10-21,Completed,15
O009826,C04983,2024-12-16,Completed,30
O009827,C04984,2024-10-23,Completed,10
O009828,C04985,2024-10-22,Completed,0
O009829,C04985,2024-11-25,Completed,0
O009830,C04985,2024-12-23,Completed,0
O009831,C04985,2024-12-30,Completed,15
O009832,C04986,2024-10-22,Completed,0
O009833,C04986,2024-11-17,Completed,0
O009834,C04986,2024-11-26,Completed,0
O009835,C04987,2024-10-22,Completed,0
O009836,C04988,2024-10-23,Completed,20
O009837,C04989,2024-10-23,Completed,10
O009838,C04990,2024-10-22,Completed,15
O009839,C04991,2024-10-24,Completed,0
O009840,C04992,23-Oct-2024,Completed,0
O009841,C04993,2024-10-23,Completed,0
O009842,C04993,2024-12-06,Completed,20
O009843,C04994,2024-10-22,Completed,0
O009844,C04995,2024-10-23,Completed,0
O009845,C04995,2024-11-13,Completed,30
O009846,C04996,2024-10-23,Completed,15
O009847,C04997,2024-10-22,Completed,0
O009848,C04998,2024-10-23,Completed,10
O009849,C04999,2024-10-23,Completed,10
O009850,C05000,2024-10-24,Completed,30
O009851,C05000,2024-11-18,Completed,0
O009852,C05001,2024-10-24,Completed,0
O009853,C05002,2024-10-24,Completed,0
O009854,C05002,2024-11-29,Completed,0
O009855,C05003,2024-10-24,Completed,0
O009856,C05004,2024-10-24,Completed,0
O009856,C05004,2024-10-24,Completed,0
O009857,C05004,2024-11-07,Completed,0
O009858,C05005,2024-10-25,Completed,0
O009859,C05006,2024-10-24,Completed,10
O009860,C05006,2024-11-12,Completed,20
O009861,C05007,2024-10-25,Completed,0
O009862,C05007,2024-11-07,Completed,20
O009863,C05007,2024-12-29,Completed,0
O009864,C05008,2024-10-25,Completed,0
O009865,C05009,2024-10-23,Completed,0
O009866,C05009,2024-12-10,Completed,0
O009867,C05010,2024-10-25,Completed,20
O009868,C05011,2024-10-25,Completed,0
O009869,C05011,2024-11-27,Completed,0
O009870,C05012,2024-10-23,Completed,30
O009871,C05013,2024-10-23,Completed,0
O009872,C05013,2024-11-14,Completed,10
O009873,C05013,2024-12-15,Completed,0
O009874,C05014,2024-10-25,Completed,20
O009875,C05014,2024-10-30,Completed,0
O009876,C05015,2024-10-25,Completed,0
O009877,C05016,2024-10-24,Completed,10
O009878,C05017,2024-10-25,Completed,0
O009879,C05017,02-Dec-2024,Completed,15
O009880,C05018,2024-10-24,Completed,0
O009881,C05019,2024-10-25,Completed,0
O009882,C05020,2024-10-25,Completed,0
O009883,C05021,2024-10-26,Completed,0
O009884,C05021,2024-10-28,Completed,0
O009885,C05022,2024-10-25,Completed,0
O009886,C05023,2024-10-25,Completed,0
O009887,C05023,2024-11-22,Completed,30
O009888,C05024,2024-10-26,Completed,20
O009889,C05024,2024-11-24,Completed,20
O009890,C05024,2024-11-25,Completed,10
O009891,C05025,2024-10-26,Completed,0
O009892,C05026,2024-10-26,Completed,0
O009893,C05027,2024-10-26,Completed,0
O009894,C05028,2024-10-26,Completed,0
O009895,C05028,2024-11-02,Completed,20
O009896,C05028,2024-11-14,Completed,30
O009897,C05029,2024-10-28,Completed,20
O009898,C05030,2024-10-26,Completed,0
O009899,C05030,2024-12-18,Completed,10
O009900,C05031,2024-10-26,Cancelled,0
O009901,C05031,2024-11-30,Completed,0
O009902,C05032,2024-10-28,Completed,0
O009903,C05033,2024-10-29,Completed,0
O009904,C05034,2024-10-29,Completed,0
O009905,C05035,2024-10-27,Completed,0
O009906,C05035,2024-11-27,Completed,30
O009907,C05035,2024-12-18,Completed,0
O009908,C05036,2024-10-27,Completed,30
O009909,C05036,2024-12-17,Completed,0
O009910,C05037,2024-10-29,Completed,0
O009911,C05037,2024-12-06,Completed,15
O009912,C05038,2024-10-29,Completed,0
O009913,C05038,2024-11-16,Completed,0
O009914,C05039,2024-10-27,Completed,0
O009915,C05040,2024-10-29,Completed,0
O009916,C05041,29-Oct-2024,Completed,10
O009917,C05042,2024-10-28,Completed,0
O009918,C05043,2024-10-27,Completed,0
O009919,C05044,2024-10-28,Completed,0
O009920,C05045,2024-10-29,Completed,10
O009921,C05046,2024-10-28,Completed,15
O009922,C05047,2024-10-30,Completed,20
O009923,C05047,2024-12-06,Completed,20
O009924,C05048,2024-10-29,Completed,0
O009925,C05049,2024-10-28,Completed,0
O009926,C05049,2024-11-17,Completed,0
O009927,C05050,2024-10-29,Completed,20
O009928,C05051,2024-10-29,Cancelled,0
O009929,C05051,2024-10-30,Completed,0
O009930,C05051,2024-12-13,Completed,20
O009931,C05052,2024-10-28,Completed,0
O009932,C05052,2024-11-18,Completed,10
O009933,C05053,2024-10-29,Completed,15
O009934,C05053,2024-12-11,Completed,0
O009935,C05054,2024-10-28,Completed,0
O009936,C05055,2024-10-31,Completed,0
O009937,C05056,2024-10-31,Completed,0
O009938,C05056,2024-11-22,Completed,30
O009939,C05056,2024-11-24,Completed,30
O009940,C05056,2024-12-08,Completed,15
O009941,C05057,2024-10-31,Completed,0
O009942,C05058,2024-10-29,Completed,20
O009943,C05058,2024-12-20,Completed,0
O009944,C05059,2024-10-30,Completed,0
O009945,C05060,2024-10-31,Completed,15
O009946,C05060,2024-11-16,Completed,0
O009947,C05061,2024-10-29,Completed,0
O009948,C05062,2024-10-30,Completed,20
O009949,C05063,2024-10-29,Completed,15
O009950,C05064,2024-10-29,Completed,0
O009951,C05065,2024-10-29,Completed,0
O009952,C05066,2024-10-30,Completed,0
O009953,C05066,2024-11-09,Completed,0
O009954,C05067,2024-10-30,Completed,0
O009955,C05067,2024-10-31,Completed,20
O009956,C05068,2024-10-31,Completed,0
O009957,C05069,30-Oct-2024,Completed,0
O009958,C05069,2024-12-16,Completed,15
O009959,C05070,2024-10-31,Completed,0
O009960,C05071,2024-10-31,Completed,15
O009961,C05071,2024-11-30,Completed,20
O009962,C05072,2024-10-31,Completed,0
O009963,C05072,2024-12-21,Completed,0
O009964,C05073,2024-10-30,Completed,0
O009965,C05074,2024-11-01,Completed,0
O009966,C05075,2024-10-30,Completed,0
O009967,C05076,2024-11-02,Cancelled,15
O009968,C05076,2024-12-02,Completed,0
O009969,C05077,2024-11-01,Completed,15
O009970,C05078,2024-10-31,Completed,10
O009971,C05078,2024-11-07,Completed,20
O009972,C05079,2024-10-31,Completed,10
O009973,C05079,2024-11-23,Completed,0
O009974,C05080,2024-11-02,Completed,0
O009975,C05080,2024-11-27,Completed,30
O009976,C05080,2024-12-01,Completed,15
O009977,C05080,2024-12-20,Completed,15
O009978,C05081,2024-10-31,Completed,0
O009979,C05081,2024-12-07,Completed,0
O009980,C05081,2024-12-31,Completed,10
O009981,C05082,2024-11-01,Completed,20
O009982,C05082,2024-12-15,Completed,20
O009983,C05083,2024-11-02,Completed,30
O009984,C05084,2024-11-01,Completed,0
O009985,C05084,2024-11-08,Completed,10
O009986,C05085,2024-11-01,Completed,0
O009987,C05085,2024-11-25,Completed,0
O009988,C05085,2024-12-10,Completed,30
O009989,C05085,2024-12-28,Completed,20
O009990,C05086,2024-10-31,Completed,0
O009991,C05087,2024-11-02,Completed,0
O009992,C05088,2024-11-03,Completed,20
O009993,C05088,2024-11-10,Completed,0
O009994,C05089,2024-11-01,Completed,10
O009995,C05089,2024-12-19,Completed,0
O009996,C05090,2024-11-01,Completed,10
O009997,C05091,2024-11-01,Completed,0
O009998,C05092,2024-11-03,Completed,0
O009999,C05093,2024-11-03,Completed,0
O010000,C05094,2024-11-02,Completed,0
O010001,C05094,2024-11-26,Completed,30
O010002,C05095,2024-11-04,Cancelled,30
O010003,C05096,2024-11-04,Completed,0
O010004,C05097,2024-11-03,Completed,30
O010005,C05098,2024-11-02,Completed,0
O010006,C05098,2024-12-15,Completed,10
O010007,C05099,2024-11-03,Completed,0
O010008,C05100,2024-11-03,Completed,10
O010009,C05101,2024-11-04,Completed,0
O010010,C05102,2024-11-04,Completed,30
O010011,C05102,2024-11-17,Completed,15
O010012,C05103,2024-11-03,Completed,0
O010013,C05104,2024-11-04,Completed,20
O010014,C05105,2024-11-02,Completed,15
O010015,C05106,2024-11-04,Completed,0
O010016,C05107,2024-11-03,Completed,15
O010017,C05107,2024-12-12,Completed,0
O010018,C05108,2024-11-04,Completed,30
O010019,C05109,2024-11-02,Completed,0
O010020,C05110,2024-11-04,Completed,20
O010021,C05111,2024-11-03,Completed,0
O010022,C05111,2024-11-25,Completed,10
O010023,C05111,2024-11-28,Completed,20
O010024,C05111,2024-12-07,Completed,20
O010025,C05112,2024-11-05,Completed,0
O010026,C05113,2024-11-04,Completed,0
O010027,C05114,2024-11-05,Completed,10
O010028,C05115,2024-11-05,Completed,30
O010029,C05115,2024-12-12,Completed,30
O010030,C05116,2024-11-04,Completed,0
O010031,C05116,2024-12-04,Completed,0
O010032,C05117,2024-11-04,Completed,20
O010032,C05117,2024-11-04,Completed,20
O010033,C05117,2024-11-17,Completed,10
O010034,C05117,2024-12-11,Completed,0
O010035,C05118,2024-11-04,Completed,10
O010036,C05119,2024-11-03,Completed,20
O010037,C05119,2024-11-29,Completed,20
O010038,C05120,2024-11-04,Completed,0
O010039,C05121,2024-11-05,Completed,10
O010040,C05122,2024-11-03,Completed,20
O010041,C05122,2024-11-10,Completed,30
O010042,C05122,2024-11-22,Completed,30
O010043,C05122,2024-11-27,Completed,15
O010044,C05122,20-Dec-2024,Completed,0
O010045,C05122,2024-12-28,Completed,15
O010046,C05123,2024-11-05,Completed,0
O010047,C05124,2024-11-05,Completed,10
O010048,C05125,2024-11-04,Completed,20
O010049,C05125,2024-11-17,Completed,10
O010050,C05126,2024-11-03,Completed,0
O010051,C05127,2024-11-05,Completed,20
O010052,C05127,2024-11-06,Completed,10
O010053,C05128,2024-11-06,Completed,30
O010054,C05129,2024-11-06,Completed,10
O010055,C05130,2024-11-04,Completed,30
O010056,C05131,2024-11-04,Completed,15
O010057,C05132,2024-11-04,Completed,20
O010058,C05133,2024-11-06,Completed,10
O010059,C05133,2024-11-16,Completed,10
O010060,C05134,2024-11-06,Completed,0
O010061,C05135,04-Nov-2024,Completed,20
O010062,C05136,2024-11-06,Completed,20
O010063,C05136,2024-11-20,Completed,30
O010064,C05137,2024-11-05,Completed,0
O010065,C05137,2024-11-19,Completed,0
O010066,C05138,2024-11-05,Completed,30
O010067,C05139,2024-11-04,Completed,0
O010068,C05139,2024-11-17,Completed,30
O010069,C05140,2024-11-04,Completed,0
O010070,C05141,2024-11-04,Completed,10
O010071,C05142,2024-11-06,Completed,0
O010072,C05143,2024-11-06,Completed,10
O010073,C05143,2024-11-10,Completed,10
O010074,C05144,2024-11-05,Completed,30
O010075,C05145,2024-11-06,Completed,20
O010076,C05146,2024-11-06,Completed,10
O010077,C05147,2024-11-07,Completed,15
O010078,C05148,2024-11-05,Completed,10
O010079,C05149,2024-11-07,Completed,30
O010080,C05150,2024-11-07,Completed,0
O010081,C05151,2024-11-06,Completed,0
O010082,C05151,2024-12-02,Completed,0
O010083,C05152,2024-11-05,Completed,20
O010084,C05152,2024-12-11,Completed,0
O010085,C05153,2024-11-06,Completed,10
O010086,C05154,2024-11-06,Completed,0
O010087,C05155,2024-11-05,Completed,0
O010088,C05155,2024-12-28,Completed,0
O010089,C05156,2024-11-07,Completed,0
O010090,C05157,2024-11-08,Completed,0
O010091,C05158,2024-11-08,Completed,15
O010092,C05158,2024-11-13,Completed,0
O010093,C05158,2024-12-06,Completed,0
O010094,C05158,2024-12-14,Completed,20
O010095,C05159,2024-11-06,Completed,0
O010096,C05160,2024-11-07,Completed,20
O010097,C05160,2024-12-17,Completed,0
O010098,C05161,2024-11-07,Completed,20
O010099,C05161,2024-11-14,Completed,20
O010100,C05162,2024-11-07,Completed,0
O010101,C05163,2024-11-07,Completed,10
O010102,C05164,2024-11-08,Completed,10
O010103,C05165,07-Nov-2024,Completed,30
O010104,C05165,2024-12-01,Completed,10
O010105,C05166,2024-11-08,Completed,0
O010106,C05166,2024-11-22,Completed,10
O010107,C05167,07-Nov-2024,Completed,30
O010108,C05168,2024-11-07,Completed,20
O010109,C05168,2024-11-12,Completed,0
O010110,C05169,2024-11-08,Completed,20
O010111,C05170,2024-11-06,Completed,15
O010112,C05171,2024-11-06,Completed,0
O010113,C05172,2024-11-06,Completed,0
O010114,C05173,2024-11-06,Completed,10
O010115,C05174,2024-11-09,Completed,15
O010116,C05174,2024-11-20,Cancelled,0
O010117,C05175,2024-11-08,Completed,0
O010118,C05176,2024-11-07,Completed,0
O010119,C05176,2024-11-22,Completed,10
O010120,C05177,2024-11-08,Completed,0
O010121,C05178,2024-11-07,Completed,20
O010122,C05178,2024-12-04,Completed,30
O010123,C05179,2024-11-07,Completed,20
O010124,C05180,2024-11-09,Completed,20
O010125,C05181,2024-11-09,Completed,10
O010126,C05181,2024-11-14,Completed,15
O010127,C05181,2024-12-01,Completed,20
O010128,C05181,2024-12-10,Completed,10
O010129,C05182,09-Nov-2024,Completed,15
O010130,C05183,2024-11-10,Completed,30
O010131,C05184,2024-11-09,Completed,0
O010132,C05185,09-Nov-2024,Completed,30
O010133,C05186,10-Nov-2024,Completed,0
O010134,C05186,2024-12-20,Completed,10
O010135,C05186,2024-12-24,Completed,0
O010135,C05186,2024-12-24,Completed,0
O010136,C05187,2024-11-09,Completed,30
O010137,C05188,2024-11-08,Completed,30
O010138,C05188,2024-11-09,Completed,30
O010139,C05188,2024-12-18,Completed,15
O010140,C05188,23-Dec-2024,Completed,0
O010141,C05189,2024-11-08,Completed,0
O010142,C05189,2024-12-05,Completed,20
O010143,C05190,2024-11-08,Completed,20
O010144,C05191,2024-11-08,Completed,20
O010145,C05192,2024-11-09,Completed,15
O010146,C05192,2024-11-26,Completed,0
O010147,C05193,2024-11-08,Completed,20
O010148,C05194,2024-11-08,Completed,30
O010149,C05194,2024-11-15,Completed,30
O010150,C05194,2024-12-17,Completed,20
O010151,C05194,2024-12-27,Completed,30
O010152,C05195,2024-11-08,Completed,20
O010153,C05196,2024-11-10,Completed,10
O010154,C05197,10-Nov-2024,Completed,15
O010155,C05198,2024-11-08,Cancelled,0
O010156,C05199,2024-11-09,Completed,0
O010157,C05200,2024-11-10,Completed,15
O010158,C05201,2024-11-11,Completed,20
O010159,C05202,2024-11-10,Completed,0
O010160,C05202,2024-12-03,Completed,20
O010161,C05203,2024-11-09,Completed,10
O010162,C05204,2024-11-11,Completed,0
O010163,C05205,2024-11-11,Completed,20
O010164,C05206,2024-11-11,Completed,30
O010165,C05207,2024-11-09,Completed,0
O010166,C05207,2024-12-14,Completed,20
O010167,C05208,2024-11-09,Completed,0
O010168,C05208,2024-11-30,Completed,0
O010169,C05209,2024-11-10,Completed,15
O010170,C05209,2024-12-15,Completed,10
O010171,C05210,2024-11-09,Completed,10
O010172,C05211,2024-11-09,Completed,0
O010173,C05212,2024-11-10,Completed,15
O010174,C05213,2024-11-10,Completed,0
O010175,C05214,2024-11-11,Completed,0
O010176,C05214,2024-11-26,Completed,10
O010177,C05215,2024-11-11,Completed,10
O010178,C05216,2024-11-12,Completed,0
O010179,C05217,2024-11-10,Completed,20
O010180,C05218,2024-11-11,Completed,0
O010181,C05218,2024-11-21,Completed,0
O010182,C05218,2024-11-27,Completed,0
O010183,C05219,2024-11-11,Completed,20
O010184,C05219,2024-12-25,Completed,20
O010185,C05220,2024-11-11,Completed,10
O010186,C05221,2024-11-12,Completed,20
O010187,C05222,2024-11-12,Completed,0
O010188,C05222,2024-12-28,Completed,0
O010189,C05223,2024-11-10,Completed,0
O010190,C05224,2024-11-10,Completed,20
O010191,C05225,2024-11-10,Completed,0
O010192,C05226,2024-11-12,Completed,0
O010193,C05227,2024-11-10,Completed,10
O010194,C05228,2024-11-10,Completed,20
O010195,C05229,2024-11-12,Completed,30
O010196,C05229,2024-12-30,Completed,10
O010197,C05230,2024-11-13,Completed,10
O010198,C05230,2024-11-30,Completed,15
O010199,C05231,2024-11-13,Completed,15
O010200,C05231,2024-12-06,Completed,0
O010201,C05232,2024-11-13,Completed,15
O010202,C05233,2024-11-13,Completed,0
O010203,C05234,2024-11-13,Completed,15
O010204,C05234,2024-12-08,Completed,10
O010205,C05235,2024-11-11,Completed,10
O010206,C05236,2024-11-12,Completed,0
O010207,C05237,2024-11-13,Completed,0
O010208,C05238,2024-11-12,Completed,0
O010209,C05239,13-Nov-2024,Completed,10
O010210,C05239,2024-12-01,Completed,10
O010211,C05240,2024-11-13,Completed,0
O010212,C05241,2024-11-11,Completed,20
O010213,C05242,2024-11-12,Completed,20
O010214,C05243,2024-11-13,Completed,0
O010215,C05243,2024-12-31,Completed,30
O010216,C05244,2024-11-14,Completed,0
O010216,C05244,2024-11-14,Completed,0
O010217,C05245,2024-11-14,Completed,0
O010218,C05246,2024-11-13,Completed,10
O010219,C05247,2024-11-14,Completed,20
O010220,C05248,2024-11-12,Completed,15
O010221,C05249,2024-11-12,Completed,0
O010222,C05250,2024-11-12,Completed,20
O010223,C05251,2024-11-14,Completed,15
O010224,C05252,2024-11-12,Completed,0
O010225,C05253,2024-11-13,Completed,30
O010226,C05253,2024-12-18,Completed,0
O010227,C05254,2024-11-12,Completed,0
O010228,C05255,2024-11-12,Completed,10
O010229,C05256,2024-11-15,Completed,30
O010230,C05256,2024-11-23,Completed,0
O010231,C05257,2024-11-15,Completed,0
O010232,C05258,2024-11-13,Completed,0
O010233,C05258,2024-12-23,Cancelled,0
O010234,C05258,2024-12-29,Completed,10
O010235,C05259,2024-11-13,Completed,0
O010236,C05260,2024-11-14,Completed,30
O010237,C05261,2024-11-14,Completed,0
O010238,C05262,2024-11-15,Completed,20
O010238,C05262,2024-11-15,Completed,20
O010239,C05263,2024-11-15,Completed,10
O010240,C05264,2024-11-15,Completed,20
O010241,C05264,2024-12-16,Completed,15
O010242,C05265,2024-11-14,Cancelled,0
O010243,C05266,2024-11-14,Completed,0
O010244,C05267,2024-11-15,Completed,20
O010245,C05268,2024-11-14,Completed,0
O010246,C05269,2024-11-14,Completed,30
O010247,C05270,2024-11-15,Completed,0
O010248,C05271,2024-11-16,Completed,20
O010249,C05271,2024-12-01,Completed,10
O010250,C05272,2024-11-14,Completed,20
O010251,C05273,2024-11-15,Completed,15
O010252,C05273,2024-12-09,Completed,0
O010253,C05274,2024-11-15,Completed,30
O010254,C05275,2024-11-15,Completed,0
O010255,C05276,2024-11-14,Completed,0
O010256,C05277,2024-11-16,Completed,0
O010257,C05277,2024-11-26,Completed,30
O010258,C05278,2024-11-16,Completed,15
O010259,C05279,2024-11-14,Completed,30
O010260,C05279,2024-12-03,Completed,0
O010261,C05280,2024-11-15,Completed,0
O010262,C05281,2024-11-15,Completed,15
O010263,C05281,2024-12-25,Completed,0
O010264,C05282,2024-11-16,Completed,10
O010265,C05283,2024-11-14,Completed,10
O010266,C05283,2024-12-09,Completed,10
O010267,C05284,2024-11-16,Completed,15
O010268,C05285,2024-11-16,Completed,0
O010269,C05286,2024-11-17,Completed,0
O010270,C05287,2024-11-17,Completed,20
O010271,C05288,2024-11-17,Completed,10
O010272,C05289,2024-11-15,Completed,10
O010273,C05290,2024-11-15,Completed,20
O010274,C05291,2024-11-17,Completed,20
O010275,C05292,2024-11-17,Completed,0
O010276,C05293,2024-11-17,Completed,0
O010277,C05294,2024-11-15,Completed,0
O010278,C05295,2024-11-17,Cancelled,30
O010279,C05295,2024-12-14,Completed,10
O010280,C05295,2024-12-18,Completed,20
O010281,C05296,2024-11-15,Completed,30
O010282,C05297,2024-11-16,Completed,0
O010283,C05298,2024-11-16,Completed,20
O010284,C05299,2024-11-16,Completed,10
O010285,C05299,2024-12-04,Completed,0
O010286,C05300,2024-11-17,Completed,0
O010287,C05300,2024-12-07,Completed,20
O010288,C05301,2024-11-16,Completed,10
O010289,C05301,2024-12-19,Completed,0
O010290,C05302,2024-11-17,Completed,0
O010291,C05303,2024-11-16,Completed,30
O010292,C05304,2024-11-18,Completed,30
O010293,C05305,2024-11-17,Completed,0
O010294,C05306,2024-11-18,Completed,15
O010295,C05307,2024-11-16,Completed,20
O010296,C05307,2024-11-27,Completed,0
O010297,C05308,2024-11-17,Completed,20
O010298,C05309,18-Nov-2024,Completed,15
O010299,C05309,2024-12-31,Completed,0
O010300,C05310,2024-11-18,Completed,0
O010301,C05311,2024-11-18,Completed,0
O010302,C05312,2024-11-18,Completed,20
O010303,C05313,2024-11-18,Completed,10
O010304,C05313,2024-11-23,Completed,0
O010305,C05314,2024-11-16,Completed,30
O010306,C05315,2024-11-17,Completed,0
O010307,C05316,2024-11-17,Completed,0
O010308,C05316,2024-12-09,Completed,0
O010309,C05317,2024-11-18,Completed,0
O010310,C05318,2024-11-16,Completed,0
O010311,C05318,2024-11-21,Completed,20
O010312,C05319,2024-11-16,Completed,0
O010313,C05320,2024-11-18,Cancelled,0
O010314,C05321,19-Nov-2024,Completed,10
O010315,C05322,2024-11-19,Completed,10
O010316,C05322,2024-11-25,Completed,0
O010317,C05323,2024-11-19,Completed,0
O010318,C05323,2024-12-20,Completed,20
O010319,C05324,17-Nov-2024,Completed,15
O010320,C05324,2024-11-22,Completed,0
O010321,C05325,2024-11-19,Completed,0
O010322,C05326,2024-11-19,Completed,20
O010323,C05327,2024-11-17,Completed,30
O010324,C05328,2024-11-17,Completed,20
O010325,C05329,2024-11-19,Cancelled,10
O010326,C05330,17-Nov-2024,Completed,10
O010327,C05330,2024-12-03,Completed,10
O010328,C05331,2024-11-18,Completed,0
O010329,C05331,2024-11-26,Completed,10
O010330,C05332,2024-11-17,Completed,15
O010331,C05333,2024-11-17,Completed,15
O010332,C05333,2024-12-05,Completed,0
O010333,C05334,2024-11-17,Completed,0
O010334,C05335,2024-11-18,Completed,0
O010335,C05336,2024-11-20,Completed,15
O010336,C05337,2024-11-19,Completed,10
O010337,C05338,2024-11-18,Completed,15
O010338,C05339,2024-11-20,Completed,0
O010339,C05340,2024-11-18,Completed,20
O010340,C05341,2024-11-19,Completed,10
O010341,C05342,2024-11-20,Completed,10
O010342,C05343,2024-11-19,Completed,10
O010343,C05344,2024-11-19,Completed,15
O010344,C05344,2024-12-08,Completed,0
O010345,C05345,2024-11-20,Completed,20
O010346,C05345,2024-12-31,Completed,30
O010347,C05346,2024-11-18,Completed,20
O010348,C05347,2024-11-18,Completed,30
O010349,C05347,2024-11-21,Completed,30
O010350,C05347,2024-11-27,Completed,20
O010351,C05347,2024-12-28,Completed,30
O010352,C05348,2024-11-20,Completed,0
O010353,C05348,2024-12-15,Completed,0
O010354,C05349,2024-11-20,Completed,10
O010355,C05350,2024-11-19,Completed,0
O010356,C05350,2024-12-05,Completed,30
O010357,C05351,2024-11-19,Completed,30
O010358,C05352,2024-11-20,Completed,0
O010359,C05352,2024-12-02,Completed,0
O010360,C05352,2024-12-05,Completed,0
O010361,C05353,2024-11-21,Completed,10
O010362,C05354,2024-11-19,Completed,0
O010363,C05355,2024-11-19,Completed,0
O010364,C05356,2024-11-21,Completed,20
O010365,C05356,2024-12-09,Completed,0
O010366,C05357,2024-11-19,Completed,0
O010367,C05358,2024-11-21,Completed,0
O010368,C05359,2024-11-20,Completed,0
O010369,C05360,2024-11-21,Completed,0
O010370,C05361,2024-11-19,Completed,0
O010371,C05362,2024-11-21,Completed,0
O010372,C05362,2024-12-05,Completed,0
O010373,C05363,2024-11-20,Completed,0
O010374,C05364,2024-11-21,Completed,10
O010375,C05365,2024-11-21,Completed,0
O010376,C05365,2024-11-27,Completed,0
O010377,C05366,19-Nov-2024,Completed,0
O010378,C05366,2024-12-30,Completed,0
O010379,C05367,2024-11-20,Cancelled,15
O010380,C05368,2024-11-20,Completed,10
O010381,C05368,2024-12-30,Completed,20
O010382,C05369,2024-11-21,Completed,10
O010383,C05370,2024-11-21,Completed,10
O010384,C05371,2024-11-21,Completed,0
O010385,C05372,2024-11-20,Completed,20
O010386,C05373,2024-11-22,Completed,20
O010387,C05374,2024-11-22,Completed,10
O010388,C05375,21-Nov-2024,Completed,0
O010389,C05376,2024-11-22,Completed,20
O010390,C05377,2024-11-22,Completed,0
O010391,C05378,2024-11-20,Completed,0
O010392,C05379,22-Nov-2024,Completed,20
O010393,C05379,2024-11-28,Completed,10
O010394,C05380,2024-11-21,Completed,0
O010395,C05381,2024-11-23,Completed,0
O010396,C05382,2024-11-22,Completed,30
O010397,C05383,2024-11-21,Completed,10
O010398,C05384,2024-11-23,Completed,0
O010399,C05384,2024-12-13,Completed,0
O010400,C05385,2024-11-21,Completed,20
O010401,C05385,2024-12-10,Completed,0
O010402,C05386,2024-11-22,Completed,0
O010403,C05387,2024-11-22,Completed,10
O010404,C05387,2024-12-18,Completed,10
O010405,C05388,2024-11-23,Completed,0
O010406,C05389,2024-11-21,Completed,0
O010407,C05390,2024-11-21,Completed,20
O010408,C05390,2024-11-22,Completed,30
O010409,C05391,21-Nov-2024,Completed,15
O010409,C05391,21-Nov-2024,Completed,15
O010410,C05392,2024-11-21,Completed,10
O010411,C05392,2024-12-13,Completed,20
O010412,C05393,2024-11-22,Completed,0
O010413,C05393,2024-11-27,Completed,0
O010414,C05394,2024-11-22,Completed,10
O010415,C05395,2024-11-23,Completed,0
O010416,C05396,2024-11-23,Completed,0
O010417,C05397,2024-11-23,Completed,0
O010418,C05398,2024-11-23,Completed,15
O010419,C05399,2024-11-23,Completed,10
O010420,C05400,2024-11-23,Completed,0
O010421,C05401,2024-11-23,Completed,0
O010422,C05402,2024-11-22,Completed,10
O010423,C05403,2024-11-22,Completed,20
O010424,C05404,2024-11-22,Completed,10
O010425,C05405,2024-11-24,Completed,0
O010426,C05406,2024-11-24,Completed,20
O010427,C05407,2024-11-24,Completed,0
O010428,C05408,2024-11-24,Completed,10
O010429,C05409,2024-11-25,Completed,0
O010430,C05410,2024-11-23,Completed,0
O010431,C05411,2024-11-24,Completed,20
O010432,C05411,2024-12-18,Completed,10
O010433,C05411,2024-12-24,Completed,20
O010434,C05412,2024-11-24,Completed,20
O010435,C05412,2024-11-28,Completed,15
O010436,C05413,2024-11-23,Completed,30
O010437,C05414,2024-11-25,Completed,10
O010438,C05414,2024-11-29,Completed,10
O010439,C05414,30-Nov-2024,Completed,0
O010440,C05415,2024-11-23,Completed,0
O010441,C05416,2024-11-24,Completed,20
O010442,C05417,2024-11-23,Completed,0
O010443,C05417,2024-12-03,Completed,10
O010444,C05418,2024-11-25,Completed,0
O010445,C05419,2024-11-25,Completed,20
O010446,C05420,2024-11-26,Completed,0
O010447,C05420,2024-11-27,Completed,20
O010448,C05420,2024-12-05,Completed,0
O010449,C05421,2024-11-25,Completed,30
O010450,C05422,2024-11-24,Completed,30
O010451,C05423,2024-11-24,Completed,10
O010452,C05424,2024-11-24,Completed,10
O010453,C05425,2024-11-25,Completed,30
O010454,C05426,2024-11-24,Completed,15
O010455,C05427,2024-11-27,Completed,30
O010456,C05427,2024-12-19,Completed,20
O010457,C05428,2024-11-27,Completed,0
O010458,C05429,2024-11-25,Completed,0
O010459,C05430,2024-11-27,Completed,0
O010460,C05430,2024-12-15,Cancelled,30
O010461,C05431,2024-11-27,Completed,10
O010462,C05431,2024-12-31,Completed,10
O010463,C05432,2024-11-25,Completed,20
O010464,C05433,2024-11-25,Completed,10
O010465,C05433,2024-12-04,Completed,10
O010466,C05434,2024-11-25,Completed,0
O010467,C05434,2024-12-01,Completed,0
O010468,C05434,2024-12-20,Completed,0
O010469,C05435,2024-11-28,Completed,10
O010470,C05436,2024-11-26,Completed,30
O010471,C05436,2024-12-25,Completed,0
O010472,C05437,2024-11-27,Completed,0
O010473,C05438,2024-11-26,Completed,0
O010474,C05439,2024-11-27,Completed,30
O010475,C05440,2024-11-28,Completed,0
O010476,C05441,2024-11-28,Completed,0
O010477,C05441,2024-12-13,Completed,30
O010478,C05441,2024-12-21,Completed,0
O010479,C05442,2024-11-28,Completed,0
O010480,C05442,2024-12-08,Completed,30
O010481,C05442,2024-12-23,Completed,10
O010482,C05443,2024-11-28,Completed,20
O010483,C05444,2024-11-27,Completed,20
O010484,C05445,2024-11-27,Completed,0
O010485,C05446,29-Nov-2024,Completed,20
O010486,C05447,2024-11-29,Completed,0
O010487,C05448,2024-11-29,Completed,10
O010488,C05449,28-Nov-2024,Completed,0
O010489,C05450,2024-11-28,Completed,0
O010490,C05450,2024-12-05,Completed,0
O010491,C05450,2024-12-16,Completed,15
O010492,C05450,2024-12-28,Completed,10
O010492,C05450,2024-12-28,Completed,10
O010493,C05451,2024-11-27,Completed,15
O010494,C05452,2024-11-28,Completed,20
O010495,C05452,2024-12-24,Completed,0
O010496,C05452,2024-12-28,Completed,0
O010497,C05453,2024-11-28,Completed,30
O010498,C05454,2024-11-27,Completed,20
O010499,C05454,2024-12-07,Completed,0
O010500,C05455,2024-11-27,Completed,0
O010501,C05456,2024-11-29,Completed,10
O010502,C05457,2024-11-29,Completed,15
O010503,C05458,2024-11-28,Completed,0
O010504,C05459,29-Nov-2024,Completed,0
O010505,C05459,27-Dec-2024,Completed,0
O010506,C05460,2024-11-28,Completed,15
O010507,C05460,2024-12-06,Completed,30
O010508,C05460,2024-12-29,Completed,10
O010509,C05461,2024-11-28,Completed,0
O010510,C05462,2024-11-29,Completed,30
O010511,C05462,2024-12-15,Completed,15
O010512,C05463,29-Nov-2024,Completed,0
O010513,C05463,2024-12-14,Completed,10
O010514,C05463,2024-12-23,Completed,0
O010515,C05463,2024-12-24,Completed,0
O010516,C05464,2024-11-28,Completed,10
O010517,C05465,2024-11-29,Completed,0
O010518,C05465,2024-12-06,Completed,0
O010519,C05466,2024-11-30,Completed,0
O010520,C05467,2024-11-30,Completed,20
O010521,C05467,2024-12-07,Completed,15
O010522,C05468,2024-11-28,Completed,0
O010523,C05469,2024-11-29,Completed,0
O010524,C05470,2024-11-29,Completed,30
O010525,C05471,2024-11-29,Completed,0
O010526,C05472,2024-12-01,Completed,0
O010527,C05473,2024-12-01,Completed,15
O010528,C05474,2024-11-30,Completed,30
O010529,C05475,2024-11-30,Completed,0
O010530,C05476,2024-11-29,Completed,20
O010531,C05477,2024-11-30,Completed,30
O010532,C05478,2024-11-29,Completed,20
O010533,C05479,2024-12-01,Completed,30
O010534,C05480,2024-12-01,Completed,0
O010535,C05481,2024-12-01,Completed,15
O010536,C05482,2024-12-01,Completed,20
O010537,C05483,2024-11-29,Completed,0
O010538,C05484,2024-12-01,Completed,10
O010539,C05484,2024-12-25,Completed,20
O010540,C05485,2024-12-01,Completed,10
O010541,C05486,2024-12-01,Completed,10
O010542,C05487,2024-11-29,Completed,0
O010543,C05488,2024-11-30,Completed,10
O010544,C05489,2024-12-01,Completed,20
O010545,C05490,2024-12-02,Completed,20
O010546,C05491,2024-12-01,Completed,10
O010547,C05491,2024-12-21,Cancelled,15
O010548,C05492,2024-12-01,Completed,20
O010549,C05492,2024-12-05,Completed,0
O010550,C05493,2024-11-30,Completed,20
O010551,C05493,2024-12-14,Completed,0
O010552,C05494,2024-11-30,Completed,30
O010553,C05495,2024-12-02,Completed,0
O010554,C05496,2024-11-30,Completed,30
O010555,C05497,30-Nov-2024,Completed,30
O010556,C05498,2024-12-02,Completed,20
O010557,C05498,2024-12-29,Completed,15
O010558,C05499,2024-12-02,Completed,0
O010559,C05500,2024-12-01,Completed,0
O010560,C05501,2024-11-30,Completed,0
O010561,C05502,2024-11-30,Completed,20
O010562,C05502,2024-12-23,Completed,10
O010563,C05503,2024-12-02,Completed,0
O010564,C05504,2024-12-03,Completed,15
O010565,C05505,2024-12-03,Completed,20
O010566,C05505,2024-12-16,Completed,20
O010567,C05505,2024-12-26,Completed,0
O010568,C05506,2024-12-03,Completed,0
O010569,C05507,2024-12-01,Completed,0
O010570,C05508,2024-12-03,Completed,0
O010571,C05509,2024-12-02,Completed,10
O010572,C05510,2024-12-03,Completed,0
O010573,C05511,2024-12-01,Completed,0
O010574,C05511,2024-12-30,Completed,20
O010575,C05512,2024-12-02,Completed,10
O010576,C05513,2024-12-02,Completed,30
O010577,C05514,2024-12-01,Completed,0
O010578,C05514,2024-12-15,Completed,0
O010579,C05515,2024-12-03,Completed,10
O010580,C05516,2024-12-03,Completed,0
O010581,C05517,2024-12-01,Completed,30
O010582,C05518,2024-12-01,Completed,20
O010583,C05519,2024-12-01,Completed,0
O010584,C05520,2024-12-04,Completed,20
O010585,C05520,2024-12-14,Cancelled,0
O010586,C05521,2024-12-04,Completed,0
O010587,C05522,2024-12-02,Completed,10
O010588,C05523,2024-12-03,Completed,10
O010589,C05524,2024-12-03,Completed,10
O010590,C05525,2024-12-04,Completed,10
O010590,C05525,2024-12-04,Completed,10
O010591,C05526,2024-12-02,Completed,0
O010592,C05526,2024-12-26,Completed,20
O010593,C05527,2024-12-03,Completed,10
O010594,C05528,2024-12-04,Completed,30
O010595,C05529,2024-12-03,Completed,0
O010596,C05530,2024-12-03,Completed,10
O010597,C05531,2024-12-02,Completed,0
O010598,C05531,2024-12-06,Completed,10
O010599,C05532,2024-12-02,Completed,30
O010600,C05533,2024-12-02,Completed,10
O010601,C05534,2024-12-03,Completed,0
O010602,C05534,2024-12-25,Completed,10
O010603,C05535,2024-12-03,Completed,10
O010604,C05536,2024-12-03,Completed,0
O010605,C05537,2024-12-04,Completed,10
O010606,C05538,2024-12-03,Completed,30
O010607,C05539,2024-12-04,Completed,0
O010608,C05540,2024-12-03,Completed,10
O010609,C05541,2024-12-03,Completed,15
O010610,C05541,2024-12-05,Completed,0
O010611,C05542,2024-12-05,Completed,0
O010612,C05543,2024-12-04,Completed,0
O010613,C05544,2024-12-04,Completed,0
O010614,C05545,2024-12-04,Completed,0
O010615,C05546,2024-12-03,Completed,30
O010616,C05547,2024-12-03,Completed,0
O010617,C05548,2024-12-03,Completed,20
O010618,C05549,2024-12-03,Completed,10
O010619,C05550,2024-12-05,Completed,0
O010620,C05551,2024-12-06,Completed,10
O010621,C05552,2024-12-05,Completed,20
O010622,C05553,2024-12-06,Completed,20
O010623,C05554,2024-12-06,Completed,0
O010624,C05555,2024-12-05,Completed,0
O010625,C05556,2024-12-05,Completed,30
O010626,C05557,2024-12-05,Completed,10
O010627,C05558,2024-12-04,Completed,0
O010628,C05559,2024-12-04,Completed,10
O010629,C05559,2024-12-05,Completed,0
O010630,C05559,2024-12-15,Completed,10
O010631,C05559,2024-12-26,Completed,10
O010632,C05560,2024-12-05,Completed,0
O010633,C05561,2024-12-05,Completed,0
O010634,C05562,2024-12-06,Completed,20
O010635,C05563,2024-12-04,Completed,20
O010636,C05564,2024-12-04,Completed,0
O010637,C05565,2024-12-04,Completed,10
O010638,C05565,2024-12-16,Completed,15
O010639,C05566,2024-12-05,Completed,15
O010640,C05567,2024-12-06,Completed,15
O010641,C05567,2024-12-10,Completed,20
O010642,C05568,2024-12-06,Cancelled,0
O010643,C05569,2024-12-05,Completed,0
O010644,C05570,2024-12-05,Completed,0
O010645,C05571,2024-12-06,Completed,15
O010646,C05572,2024-12-05,Completed,20
O010647,C05573,2024-12-06,Completed,20
O010648,C05574,2024-12-06,Completed,30
O010648,C05574,2024-12-06,Completed,30
O010649,C05575,2024-12-07,Completed,20
O010650,C05575,2024-12-12,Completed,0
O010651,C05576,2024-12-06,Completed,0
O010652,C05577,2024-12-07,Completed,0
O010653,C05578,2024-12-06,Completed,0
O010654,C05579,2024-12-07,Completed,10
O010655,C05580,2024-12-05,Completed,20
O010656,C05581,2024-12-05,Completed,15
O010657,C05582,2024-12-07,Completed,10
O010658,C05583,2024-12-07,Completed,15
O010659,C05584,2024-12-08,Completed,15
O010660,C05584,2024-12-19,Completed,20
O010661,C05585,2024-12-06,Completed,0
O010662,C05586,2024-12-07,Completed,0
O010663,C05587,2024-12-07,Completed,30
O010664,C05587,2024-12-12,Completed,0
O010665,C05588,2024-12-06,Completed,30
O010666,C05589,2024-12-07,Cancelled,0
O010667,C05590,2024-12-06,Completed,0
O010668,C05590,2024-12-10,Completed,0
O010669,C05591,2024-12-07,Completed,10
O010670,C05592,2024-12-08,Completed,10
O010671,C05593,07-Dec-2024,Completed,15
O010672,C05594,2024-12-08,Completed,15
O010673,C05595,2024-12-08,Completed,10
O010674,C05596,2024-12-08,Completed,10
O010675,C05597,2024-12-07,Completed,0
O010676,C05598,2024-12-06,Completed,20
O010677,C05599,2024-12-08,Completed,0
O010678,C05600,2024-12-07,Completed,10
O010679,C05601,2024-12-08,Completed,0
O010680,C05602,2024-12-07,Completed,0
O010681,C05603,2024-12-06,Completed,15
O010682,C05603,2024-12-15,Completed,20
O010683,C05604,2024-12-07,Completed,30
O010684,C05605,2024-12-07,Completed,30
O010685,C05606,2024-12-09,Completed,10
O010686,C05607,2024-12-08,Completed,0
O010687,C05607,2024-12-10,Completed,30
O010688,C05608,2024-12-07,Completed,15
O010689,C05609,2024-12-08,Completed,0
O010690,C05610,2024-12-07,Completed,0
O010691,C05610,2024-12-13,Completed,10
O010692,C05611,2024-12-08,Completed,30
O010693,C05612,2024-12-07,Completed,15
O010694,C05612,2024-12-29,Completed,0
O010695,C05613,2024-12-07,Completed,0
O010696,C05614,2024-12-08,Completed,10
O010697,C05615,2024-12-09,Completed,15
O010698,C05616,2024-12-07,Completed,30
O010699,C05617,2024-12-09,Completed,20
O010700,C05618,2024-12-07,Completed,0
O010701,C05618,26-Dec-2024,Completed,0
O010702,C05618,2024-12-27,Completed,0
O010703,C05619,2024-12-08,Completed,0
O010704,C05620,2024-12-08,Completed,30
O010705,C05621,2024-12-09,Completed,10
O010706,C05622,2024-12-08,Completed,0
O010707,C05623,2024-12-08,Completed,0
O010708,C05624,2024-12-08,Completed,0
O010709,C05625,2024-12-10,Completed,0
O010710,C05626,2024-12-08,Completed,20
O010711,C05627,2024-12-08,Completed,10
O010712,C05628,2024-12-08,Completed,0
O010713,C05629,2024-12-10,Completed,30
O010714,C05630,2024-12-09,Completed,0
O010715,C05631,2024-12-08,Completed,10
O010716,C05632,2024-12-10,Completed,15
O010717,C05632,2024-12-13,Completed,0
O010718,C05633,2024-12-11,Completed,10
O010719,C05634,2024-12-10,Completed,0
O010720,C05634,2024-12-28,Completed,20
O010721,C05635,2024-12-11,Completed,0
O010722,C05636,2024-12-09,Completed,30
O010723,C05637,2024-12-11,Completed,10
O010724,C05637,2024-12-12,Completed,10
O010725,C05638,2024-12-10,Completed,15
O010726,C05638,2024-12-24,Completed,30
O010727,C05639,2024-12-11,Completed,0
O010728,C05640,2024-12-10,Completed,20
O010729,C05641,2024-12-10,Completed,15
O010730,C05642,2024-12-10,Completed,20
O010731,C05643,2024-12-10,Completed,15
O010731,C05643,2024-12-10,Completed,15
O010732,C05644,09-Dec-2024,Completed,0
O010733,C05645,2024-12-10,Completed,10
O010734,C05646,2024-12-11,Completed,0
O010735,C05647,2024-12-09,Completed,0
O010736,C05648,2024-12-10,Completed,0
O010737,C05649,2024-12-11,Completed,0
O010738,C05650,2024-12-11,Completed,10
O010739,C05651,2024-12-09,Completed,30
O010740,C05652,2024-12-11,Completed,20
O010741,C05653,2024-12-12,Completed,30
O010742,C05654,2024-12-12,Cancelled,30
O010743,C05655,2024-12-10,Completed,0
O010744,C05656,2024-12-12,Completed,15
O010745,C05657,2024-12-11,Completed,0
O010746,C05658,12-Dec-2024,Completed,20
O010747,C05658,2024-12-16,Completed,20
O010748,C05659,2024-12-12,Completed,20
O010749,C05660,2024-12-10,Completed,0
O010750,C05661,2024-12-12,Completed,10
O010751,C05662,2024-12-11,Completed,20
O010752,C05663,2024-12-12,Completed,10
O010753,C05664,2024-12-12,Completed,0
O010754,C05665,2024-12-13,Completed,0
O010755,C05665,2024-12-18,Completed,20
O010755,C05665,2024-12-18,Completed,20
O010756,C05666,2024-12-11,Completed,20
O010757,C05667,2024-12-12,Cancelled,0
O010758,C05668,2024-12-11,Completed,30
O010759,C05669,2024-12-13,Completed,10
O010760,C05669,30-Dec-2024,Completed,10
O010761,C05670,2024-12-11,Completed,20
O010762,C05671,2024-12-11,Completed,30
O010763,C05672,2024-12-11,Completed,15
O010764,C05673,2024-12-13,Completed,10
O010765,C05673,2024-12-30,Completed,15
O010766,C05674,2024-12-13,Completed,0
O010767,C05675,2024-12-12,Completed,0
O010768,C05676,2024-12-13,Completed,20
O010769,C05677,2024-12-13,Completed,0
O010770,C05678,2024-12-14,Completed,0
O010771,C05679,2024-12-14,Completed,0
O010772,C05680,2024-12-12,Completed,20
O010773,C05681,2024-12-12,Completed,0
O010774,C05682,2024-12-14,Completed,15
O010775,C05683,2024-12-14,Completed,0
O010776,C05683,2024-12-15,Completed,20
O010777,C05684,2024-12-13,Completed,30
O010778,C05685,2024-12-14,Completed,0
O010779,C05686,2024-12-14,Completed,0
O010780,C05687,2024-12-12,Completed,0
O010781,C05687,2024-12-27,Completed,20
O010782,C05688,2024-12-13,Completed,0
O010783,C05689,2024-12-14,Completed,10
O010784,C05690,2024-12-14,Completed,0
O010785,C05691,2024-12-14,Completed,0
O010786,C05692,2024-12-15,Completed,30
O010787,C05693,2024-12-13,Completed,10
O010788,C05694,2024-12-13,Completed,10
O010789,C05695,2024-12-14,Completed,10
O010790,C05696,2024-12-13,Completed,30
O010791,C05697,2024-12-15,Completed,15
O010792,C05698,2024-12-15,Completed,10
O010793,C05699,2024-12-14,Completed,10
O010794,C05700,2024-12-15,Completed,10
O010795,C05701,2024-12-14,Completed,0
O010796,C05702,2024-12-15,Completed,0
O010797,C05703,2024-12-15,Completed,0
O010798,C05704,2024-12-16,Completed,0
O010799,C05705,2024-12-14,Completed,10
O010800,C05706,2024-12-15,Completed,15
O010801,C05707,2024-12-16,Completed,0
O010802,C05708,2024-12-15,Completed,0
O010803,C05709,2024-12-16,Completed,10
O010804,C05710,2024-12-14,Completed,0
O010805,C05711,2024-12-14,Completed,10
O010806,C05712,2024-12-16,Completed,15
O010807,C05713,2024-12-15,Cancelled,0
O010808,C05714,2024-12-16,Completed,0
O010809,C05715,2024-12-15,Completed,15
O010810,C05716,2024-12-15,Completed,0
O010811,C05717,2024-12-14,Completed,30
O010812,C05718,2024-12-16,Completed,0
O010813,C05719,2024-12-15,Cancelled,15
O010814,C05720,2024-12-15,Completed,20
O010815,C05721,2024-12-15,Completed,0
O010816,C05722,2024-12-16,Completed,30
O010817,C05723,2024-12-15,Completed,0
O010818,C05724,2024-12-16,Completed,0
O010819,C05725,2024-12-16,Completed,0
O010820,C05726,2024-12-15,Completed,30
O010821,C05727,2024-12-15,Completed,0
O010822,C05728,2024-12-16,Completed,20
O010823,C05729,2024-12-17,Completed,15
O010824,C05730,2024-12-16,Completed,0
O010825,C05731,2024-12-16,Completed,10
O010825,C05731,2024-12-16,Completed,10
O010826,C05732,2024-12-17,Completed,20
O010827,C05733,2024-12-17,Completed,10
O010828,C05734,2024-12-17,Completed,10
O010829,C05735,2024-12-16,Completed,20
O010830,C05736,2024-12-15,Completed,0
O010831,C05737,2024-12-16,Completed,20
O010832,C05737,2024-12-21,Completed,10
O010833,C05738,2024-12-16,Completed,20
O010834,C05739,2024-12-15,Completed,30
O010835,C05740,2024-12-17,Completed,0
O010836,C05741,2024-12-17,Completed,0
O010837,C05742,2024-12-18,Completed,0
O010838,C05743,2024-12-16,Completed,0
O010839,C05744,2024-12-17,Completed,10
O010839,C05744,2024-12-17,Completed,10
O010840,C05745,2024-12-16,Completed,10
O010841,C05746,2024-12-16,Completed,0
O010842,C05747,2024-12-17,Completed,30
O010843,C05747,2024-12-27,Completed,0
O010844,C05748,2024-12-17,Completed,0
O010845,C05749,2024-12-18,Completed,15
O010846,C05750,2024-12-18,Completed,20
O010847,C05751,2024-12-19,Completed,0
O010848,C05752,2024-12-19,Completed,0
O010849,C05753,2024-12-17,Completed,10
O010850,C05754,2024-12-19,Completed,10
O010851,C05755,2024-12-17,Completed,10
O010852,C05756,2024-12-18,Completed,10
O010853,C05757,2024-12-17,Completed,15
O010854,C05758,2024-12-18,Completed,0
O010855,C05759,2024-12-17,Completed,0
O010856,C05760,2024-12-19,Completed,30
O010857,C05761,2024-12-17,Completed,10
O010858,C05762,2024-12-19,Completed,30
O010859,C05763,2024-12-17,Completed,0
O010860,C05764,2024-12-19,Completed,10
O010861,C05764,2024-12-24,Completed,0
O010862,C05765,2024-12-17,Completed,30
O010863,C05766,2024-12-19,Completed,0
O010864,C05766,2024-12-25,Completed,0
O010865,C05767,2024-12-18,Completed,0
O010866,C05768,2024-12-19,Completed,0
O010867,C05769,2024-12-19,Completed,0
O010868,C05770,2024-12-19,Completed,0
O010869,C05771,2024-12-18,Completed,20
O010870,C05772,2024-12-18,Completed,0
O010871,C05773,2024-12-19,Completed,0
O010872,C05774,2024-12-20,Completed,20
O010873,C05775,2024-12-19,Completed,10
O010874,C05776,2024-12-19,Completed,0
O010875,C05777,2024-12-19,Completed,0
O010876,C05778,2024-12-20,Completed,0
O010877,C05779,2024-12-19,Completed,0
O010878,C05780,2024-12-18,Completed,0
O010879,C05781,2024-12-19,Completed,10
O010880,C05782,2024-12-20,Completed,0
O010881,C05783,2024-12-20,Completed,30
O010882,C05784,2024-12-20,Completed,0
O010883,C05785,2024-12-20,Completed,15
O010884,C05786,2024-12-19,Completed,20
O010885,C05786,2024-12-20,Completed,0
O010886,C05787,2024-12-19,Completed,15
O010887,C05787,2024-12-31,Completed,15
O010888,C05788,2024-12-20,Completed,0
O010889,C05789,2024-12-20,Completed,30
O010890,C05790,2024-12-20,Completed,0
O010891,C05791,19-Dec-2024,Completed,10
O010892,C05791,2024-12-31,Completed,0
O010893,C05792,2024-12-19,Completed,0
O010894,C05793,2024-12-20,Completed,10
O010895,C05793,2024-12-23,Completed,30
O010896,C05794,2024-12-20,Completed,0
O010897,C05795,2024-12-20,Completed,0
O010898,C05796,2024-12-22,Completed,30
O010899,C05797,2024-12-21,Completed,0
O010899,C05797,2024-12-21,Completed,0
O010900,C05798,2024-12-20,Completed,10
O010901,C05799,2024-12-21,Completed,15
O010902,C05800,2024-12-22,Completed,10
O010903,C05801,2024-12-21,Completed,15
O010904,C05802,2024-12-22,Completed,0
O010905,C05803,2024-12-22,Completed,0
O010906,C05804,2024-12-21,Completed,20
O010907,C05805,2024-12-20,Completed,15
O010908,C05806,2024-12-22,Completed,10
O010909,C05807,2024-12-20,Completed,0
O010910,C05808,2024-12-21,Completed,0
O010911,C05809,2024-12-20,Completed,10
O010912,C05810,2024-12-20,Completed,10
O010913,C05811,2024-12-21,Completed,30
O010914,C05812,2024-12-21,Completed,10
O010915,C05813,2024-12-20,Completed,15
O010916,C05814,2024-12-20,Completed,0
O010917,C05815,2024-12-21,Completed,30
O010918,C05816,2024-12-21,Completed,10
O010919,C05817,2024-12-22,Completed,0
O010920,C05818,2024-12-21,Completed,0
O010921,C05818,2024-12-22,Completed,10
O010922,C05819,2024-12-22,Completed,20
O010923,C05820,2024-12-23,Completed,30
O010924,C05821,2024-12-21,Completed,30
O010925,C05822,2024-12-22,Completed,0
O010926,C05823,23-Dec-2024,Completed,10
O010927,C05824,2024-12-21,Completed,0
O010928,C05825,2024-12-23,Completed,20
O010929,C05826,2024-12-21,Completed,10
O010930,C05827,2024-12-23,Completed,30
O010931,C05828,2024-12-23,Completed,0
O010932,C05829,2024-12-21,Completed,20
O010933,C05830,2024-12-24,Completed,0
O010934,C05831,2024-12-24,Completed,0
O010935,C05832,2024-12-22,Completed,10
O010936,C05833,2024-12-24,Completed,20
O010937,C05834,2024-12-24,Completed,0
O010938,C05835,2024-12-23,Cancelled,0
O010939,C05836,2024-12-22,Completed,0
O010940,C05837,2024-12-24,Completed,0
O010941,C05838,2024-12-23,Completed,0
O010942,C05839,2024-12-23,Completed,15
O010943,C05840,2024-12-22,Completed,0
O010944,C05841,2024-12-24,Completed,20
O010945,C05842,2024-12-24,Completed,0
O010946,C05843,2024-12-23,Completed,20
O010947,C05844,2024-12-24,Completed,0
O010948,C05845,2024-12-23,Completed,0
O010949,C05846,2024-12-24,Completed,10
O010950,C05847,2024-12-25,Completed,0
O010951,C05848,2024-12-25,Completed,0
O010952,C05849,2024-12-24,Completed,0
O010953,C05849,2024-12-26,Completed,30
O010954,C05850,2024-12-24,Completed,10
O010955,C05851,2024-12-23,Completed,30
O010956,C05852,2024-12-24,Completed,15
O010957,C05853,2024-12-23,Completed,0
O010958,C05854,2024-12-25,Completed,0
O010959,C05855,2024-12-23,Completed,10
O010960,C05856,2024-12-23,Completed,10
O010961,C05857,2024-12-24,Completed,0
O010962,C05858,2024-12-23,Completed,20
O010963,C05859,2024-12-23,Completed,30
O010964,C05860,2024-12-24,Completed,0
O010965,C05861,2024-12-25,Completed,0
O010966,C05862,2024-12-24,Completed,0
O010967,C05863,2024-12-25,Completed,0
O010968,C05864,2024-12-25,Completed,0
O010969,C05865,2024-12-26,Completed,0
O010970,C05866,2024-12-25,Cancelled,0
O010971,C05867,2024-12-24,Completed,15
O010972,C05868,2024-12-26,Completed,10
O010973,C05869,2024-12-25,Completed,15
O010974,C05870,2024-12-25,Completed,0
O010975,C05871,2024-12-26,Completed,20
O010976,C05872,2024-12-24,Completed,0
O010977,C05873,2024-12-26,Completed,20
O010978,C05874,2024-12-24,Completed,30
O010979,C05875,2024-12-25,Completed,0
O010980,C05876,2024-12-24,Completed,0
O010981,C05877,2024-12-25,Cancelled,30
O010982,C05878,2024-12-26,Completed,15
O010983,C05879,2024-12-25,Completed,0
O010984,C05880,2024-12-27,Completed,0
O010985,C05881,2024-12-25,Completed,10
O010986,C05882,2024-12-27,Completed,0
O010987,C05883,2024-12-27,Completed,30
O010988,C05884,2024-12-27,Completed,20
O010989,C05885,2024-12-25,Completed,30
O010989,C05885,2024-12-25,Completed,30
O010990,C05886,2024-12-26,Completed,10
O010991,C05886,2024-12-28,Completed,20
O010992,C05887,25-Dec-2024,Completed,0
O010993,C05888,2024-12-25,Completed,0
O010994,C05889,2024-12-27,Completed,10
O010995,C05889,2024-12-28,Completed,30
O010996,C05890,2024-12-26,Completed,0
O010997,C05891,26-Dec-2024,Completed,10
O010998,C05892,2024-12-27,Completed,0
O010999,C05893,2024-12-28,Completed,10
O011000,C05894,2024-12-27,Completed,15
O011001,C05895,2024-12-27,Completed,10
O011002,C05896,2024-12-27,Completed,20
O011003,C05897,2024-12-27,Completed,0
O011004,C05898,2024-12-27,Completed,20
O011005,C05899,2024-12-26,Completed,20
O011006,C05900,2024-12-26,Completed,0
O011007,C05901,2024-12-28,Completed,20
O011008,C05902,2024-12-26,Completed,0
O011009,C05903,2024-12-27,Completed,10
O011010,C05904,2024-12-29,Completed,30
O011011,C05905,2024-12-29,Completed,0
O011012,C05906,2024-12-29,Completed,10
O011013,C05907,2024-12-29,Completed,10
O011014,C05908,2024-12-29,Cancelled,0
O011015,C05909,2024-12-29,Completed,0
O011016,C05910,2024-12-28,Completed,0
O011017,C05911,2024-12-28,Completed,30
O011018,C05912,2024-12-27,Completed,0
O011019,C05913,2024-12-29,Completed,20
O011020,C05914,2024-12-27,Completed,0
O011021,C05915,2024-12-27,Completed,0
O011022,C05916,2024-12-29,Completed,10
O011023,C05917,2024-12-29,Completed,0
O011024,C05918,2024-12-27,Completed,0
O011025,C05919,2024-12-28,Completed,30
O011026,C05920,2024-12-29,Completed,10
O011027,C05921,2024-12-27,Completed,0
O011028,C05922,2024-12-29,Completed,0
O011029,C05923,2024-12-29,Completed,10
O011030,C05924,2024-12-30,Completed,0
O011031,C05925,2024-12-29,Completed,10
O011032,C05926,28-Dec-2024,Completed,0
O011033,C05927,2024-12-28,Completed,0
O011034,C05928,2024-12-28,Completed,15
O011035,C05929,2024-12-29,Completed,10
O011036,C05930,2024-12-28,Completed,30
O011037,C05931,28-Dec-2024,Completed,0
O011038,C05932,2024-12-28,Completed,20
O011039,C05933,2024-12-30,Completed,0
O011040,C05934,2024-12-29,Completed,20
O011041,C05935,2024-12-29,Completed,10
O011042,C05936,2024-12-29,Completed,15
O011043,C05937,2024-12-30,Completed,10
O011044,C05938,2024-12-29,Completed,30
O011045,C05939,2024-12-30,Completed,30
O011046,C05940,2024-12-29,Completed,0
O011047,C05941,2024-12-29,Completed,10
O011048,C05942,2024-12-29,Completed,0
O011049,C05943,2024-12-28,Completed,0
O011050,C05944,2024-12-31,Completed,0
O011051,C05945,2024-12-31,Completed,10
O011052,C05946,2024-12-29,Completed,0
O011053,C05947,2024-12-29,Completed,10
O011054,C05948,2024-12-29,Completed,10
O011055,C05949,2024-12-31,Completed,0
O011056,C05950,2024-12-30,Completed,10
O011057,C05951,2024-12-29,Completed,0
O011058,C05952,2024-12-31,Completed,10
O011059,C05953,2024-12-31,Completed,15
O011060,C05954,2024-12-31,Completed,0
O011061,C05955,2024-12-29,Completed,0
O011062,C05956,2024-12-31,Completed,0
O011063,C05957,2024-12-30,Completed,10
O011064,C05958,2024-12-31,Completed,0
O011065,C05960,2024-12-30,Completed,20
O011066,C05963,30-Dec-2024,Completed,30
O011067,C05964,2024-12-31,Completed,0
O011068,C05965,2024-12-31,Completed,0
O011069,C05966,2024-12-30,Completed,30
O011070,C05967,2024-12-31,Completed,0
O011071,C05968,2024-12-31,Completed,0
O011072,C05969,31-Dec-2024,Completed,15
O011073,C05970,2024-12-30,Completed,0
O011074,C05971,2024-12-30,Completed,0
O011075,C05973,2024-12-31,Completed,30
O011076,C05974,2024-12-31,Completed,20
O011077,C05975,2024-12-31,Completed,0
O011078,C05976,2024-12-31,Completed,15
O011079,C05979,2024-12-31,Completed,10
O011080,C05980,2024-12-31,Completed,15
O011081,C05982,2024-12-31,Completed,10
O011082,C05983,2024-12-31,Completed,15
O011083,C05985,2024-12-31,Completed,0
O011084,C05996,2024-12-31,Completed,30
O011085,C05997,2024-12-31,Completed,0
O011086,C05999,2024-12-31,Completed,10
