order_id,product_id,quantity,unit_price,returned
O000001,P0100,1,30.99,False
O000002,P0219,2,10.99,False
O000003,P0013,1,353.99,False
O000003,P0124,2,70.99,True
O000004,P0027,2,349.99,False
O000005,P0285,2,38.99,False
O000006,P0229,1,41.99,False
O000007,P0212,0,20.99,False
O000007,P0240,1,76.99,False
O000007,P0100,1,30.99,False
O000008,P0185,1,49.99,True
O000009,P0086,1,133.99,False
O000009,P0298,1,6.99,False
O000010,P0043,1,201.99,False
O000010,P0199,1,16.99,False
O000010,P0218,2,40.99,False
O000011,P0285,1,38.99,False
O000012,P0087,2,21.99,False
O000013,P0209,1,22.99,False
O000013,P0223,1,11.99,False
O000014,P0233,2,78.99,False
O000015,P0135,1,38.99,False
O000015,P0030,1,91.99,False
O000016,P0033,1,103.99,False
O000017,P0076,2,21.99,False
O000018,P0256,1,19.99,False
O000018,P0111,1,240.99,False
O000019,P0166,1,84.99,False
O000020,P0193,1,79.99,False
O000020,P0261,1,147.99,False
O000021,P0069,1,15.99,False
O000021,P0244,1,26.99,False
O000022,P0125,1,12.99,False
O000023,P0211,2,39.99,False
O000024,P0086,1,133.99,False
O000025,P0165,1,84.99,False
O000026,P0183,1,61.99,False
O000027,P0048,1,126.99,False
O000027,P0107,1,31.99,True
O000027,P0253,1,246.99,False
O000028,P0060,1,100.99,False
O000029,P0045,1,55.99,False
O000029,P0296,1,36.99,False
O000029,P0083,1,42.99,False
O000030,P0281,1,43.99,False
O000030,P0234,2,60.99,False
O000031,P0190,1,17.99,False
O000032,P0197,1,20.99,False
O000033,P0179,1,34.99,False
O000034,P0202,1,14.99,False
O000035,P0040,1,179.99,False
O000036,P0001,1,444.99,False
O000037,P0250,1,281.99,False
O000037,P0163,2,13.99,False
O000037,P0185,1,49.99,False
O000038,P0115,1,51.99,False
O000039,P0079,1,78.99,False
O000040,P0015,2,61.99,False
O000040,P0087,1,21.99,False
O000040,P0043,1,201.99,False
O000041,P0125,1,12.99,False
O000041,P0249,1,19.99,True
O000042,P0273,1,30.99,False
O000043,P0222,2,7.99,False
O000044,P0050,1,88.99,False
O000045,P0154,1,39.99,True
O000045,P0042,1,174.99,False
O000046,P0095,1,33.99,False
O000046,P0119,1,186.99,False
O000047,P0122,1,47.99,False
O000048,P0091,1,37.99,False
O000048,P0070,1,28.99,False
O000049,P0223,1,11.99,False
O000050,P0018,1,320.99,False
O000051,P0105,2,94.99,False
O000052,P0005,1,158.99,False
O000052,P0226,1,49.99,False
O000053,P0132,1,51.99,False
O000054,P0119,1,186.99,False
O000055,P0105,1,94.99,False
O000056,P0240,1,76.99,False
O000057,P0094,1,143.99,False
O000058,P0266,1,85.99,False
O000058,P0081,1,16.99,False
O000058,P0220,1,8.99,False
O000058,P0229,1,41.99,False
O000059,P0213,1,57.99,False
O000060,P0296,1,36.99,False
O000061,P0253,2,246.99,True
O000061,P0293,1,43.99,False
O000062,P0008,1,72.99,False
O000062,P0008,1,72.99,False
O000063,P0003,1,461.99,False
O000063,P0194,1,65.99,False
O000064,P0201,1,13.99,False
O000065,P0146,1,36.99,False
O000066,P0109,1,43.99,False
O000066,P0257,1,34.99,True
O000067,P0054,1,127.99,False
O000068,P0170,1,23.99,False
O000068,P0253,1,246.99,False
O000069,P0006,1,525.99,False
O000070,P0261,1,147.99,False
O000070,P0053,3,200.99,False
O000071,P0043,1,201.99,False
O000071,P0013,1,353.99,False
O000072,P0194,1,65.99,False
O000072,P0013,1,353.99,False
O000073,P0019,1,432.99,False
O000074,P0223,2,11.99,False
O000074,P0100,1,30.99,False
O000075,P0131,2,17.99,False
O000076,P0194,2,65.99,False
O000077,P0266,1,85.99,False
O000078,P0046,1,384.99,False
O000078,P0213,1,57.99,False
O000079,P0123,1,84.99,False
O000079,P0077,2,32.99,False
O000080,P0020,1,102.99,False
O000080,P0260,1,20.99,False
O000081,P0191,2,62.99,False
O000082,P0236,1,36.99,False
O000082,P0255,1,116.99,False
O000082,P0043,1,201.99,False
O000082,P0111,1,240.99,False
O000082,P0165,1,84.99,True
O000083,P0011,2,71.99,False
O000084,P0075,1,79.99,False
O000084,P0233,2,78.99,False
O000085,P0269,2,219.99,False
O000086,P0110,2,134.99,False
O000086,P0113,0,77.99,False
O000087,P0047,1,692.99,False
O000087,P0250,1,,False
O000087,P0211,2,39.99,False
O000088,P0179,1,34.99,True
O000089,P0262,1,284.99,False
O000089,P0049,1,106.99,False
O000090,P0091,1,37.99,True
O000091,P0283,1,6.99,False
O000092,P0073,1,53.99,False
O000092,P0158,1,34.99,True
O000092,P0290,1,15.99,False
O000093,P0245,1,27.99,False
O000094,P0130,1,60.99,False
O000095,P0185,1,49.99,True
O000096,P0183,1,61.99,False
O000097,P0264,2,188.99,False
O000098,P0215,1,55.99,False
O000098,P0040,1,179.99,False
O000098,P0039,1,117.99,False
O000099,P0117,1,32.99,False
O000099,P0290,1,15.99,False
O000099,P0268,1,27.99,True
O000099,P0184,1,75.99,False
O000100,P0142,1,73.99,False
O000100,P0247,1,133.99,False
O000100,P0055,1,30.99,False
O000101,P0142,2,73.99,False
O000102,P0123,1,84.99,False
O000103,P0092,1,215.99,False
O000103,P0289,2,25.99,False
O000104,P0045,1,55.99,False
O000105,P0191,2,62.99,False
O000106,P0111,1,240.99,False
O000107,P0294,1,39.99,False
O000108,P0228,1,17.99,False
O000109,P0181,2,100.99,False
O000109,P0177,2,66.99,False
O000110,P0216,1,23.99,False
O000110,P0125,1,12.99,False
O000110,P0041,1,181.99,False
O000111,P0297,1,11.99,False
O000112,P0280,1,12.99,False
O000113,P0254,2,48.99,False
O000114,P0224,1,65.99,False
O000115,P0215,1,55.99,False
O000115,P0079,1,78.99,False
O000116,P0036,2,145.99,False
O000116,P0056,1,,False
O000117,P0029,1,57.99,False
O000118,P0102,1,55.99,False
O000119,P0198,1,14.99,False
O000120,P0161,1,14.99,False
O000121,P0298,1,6.99,False
O000122,P0196,1,22.99,False
O000123,P0033,1,103.99,True
O000123,P0226,1,49.99,False
O000124,P0083,1,42.99,False
O000125,P0038,2,67.99,False
O000126,P0140,1,19.99,False
O000127,P0248,1,224.99,False
O000128,P0157,2,29.99,False
O000129,P0217,2,16.99,False
O000129,P0232,1,77.99,True
O000130,P0022,1,47.99,False
O000131,P0215,2,55.99,False
O000131,P0266,2,85.99,False
O000131,P0052,1,410.99,False
O000132,P0005,1,158.99,False
O000133,P0173,1,95.99,False
O000133,P0009,1,64.99,False
O000134,P0222,1,7.99,False
O000134,P0024,1,141.99,False
O000135,P0119,1,186.99,False
O000135,P0299,1,22.99,False
O000135,P0059,1,21.99,False
O000136,P0214,1,16.99,False
O000137,P0191,1,62.99,False
O000137,P0016,1,316.99,False
O000138,P0105,1,94.99,False
O000139,P0102,2,55.99,False
O000139,P0109,1,43.99,False
O000140,P0252,1,85.99,False
O000141,P0036,1,145.99,False
O000141,P0232,1,77.99,False
O000141,P0198,2,14.99,False
O000141,P0169,2,18.99,False
O000141,P0142,1,73.99,False
O000142,P0289,1,25.99,False
O000143,P0043,2,201.99,False
O000144,P0146,1,36.99,False
O000145,P0102,2,55.99,False
O000146,P0153,1,28.99,False
O000146,P0038,2,67.99,True
O000147,P0123,1,84.99,False
O000147,P0137,1,31.99,True
O000148,P0101,1,84.99,False
O000148,P0101,1,84.99,False
O000149,P0017,1,,False
O000149,P0016,1,316.99,True
O000149,P0080,1,61.99,False
O000150,P0124,1,70.99,False
O000151,P0069,2,15.99,False
O000152,P0046,1,384.99,False
O000152,P0140,1,19.99,False
O000153,P0205,1,48.99,False
O000154,P0165,1,84.99,False
O000155,P0275,1,72.99,True
O000156,P0177,1,66.99,False
O000157,P0223,1,11.99,False
O000158,P0191,1,62.99,False
O000159,P0133,2,105.99,False
O000160,P0242,1,19.99,False
O000161,P0162,1,52.99,False
O000162,P0086,1,133.99,False
O000163,P0022,1,47.99,False
O000164,P0124,1,70.99,False
O000164,P0197,1,20.99,False
O000165,P0150,2,16.99,False
O000166,P0006,1,525.99,True
O000167,P0173,1,95.99,False
O000168,P0028,1,284.99,False
O000168,P0108,1,22.99,False
O000169,P0299,2,22.99,False
O000169,P0107,1,31.99,False
O000170,P0091,1,37.99,False
O000170,P0094,1,143.99,False
O000171,P0292,1,14.99,False
O000171,P0250,1,281.99,False
O000171,P0229,1,41.99,False
O000172,P0010,2,109.99,True
O000173,P0102,1,55.99,False
O000173,P0284,1,26.99,False
O000174,P0063,1,20.99,False
O000175,P0265,1,24.99,False
O000176,P0275,1,72.99,True
O000177,P0218,1,40.99,False
O000178,P0140,1,19.99,False
O000178,P0178,2,71.99,False
O000179,P0002,1,53.99,False
O000179,P0190,1,17.99,True
O000180,P0171,1,22.99,False
O000180,P0042,1,174.99,True
O000181,P0027,1,349.99,False
O000182,P0164,1,83.99,False
O000182,P0007,1,120.99,False
O000183,P0299,1,22.99,False
O000184,P0084,1,16.99,False
O000185,P0274,1,153.99,False
O000186,P0271,2,30.99,True
O000186,P0291,1,8.99,True
O000187,P0208,1,8.99,False
O000187,P0263,2,22.99,False
O000188,P0247,1,133.99,False
O000189,P0132,1,51.99,False
O000190,P0104,1,20.99,False
O000190,P0153,1,28.99,False
O000191,P0087,1,21.99,False
O000191,P0026,1,65.99,False
O000192,P0244,1,26.99,False
O000193,P0036,1,145.99,False
O000194,P0203,2,48.99,False
O000194,P0104,1,20.99,False
O000194,P0141,1,59.99,False
O000195,P0249,1,19.99,False
O000196,P0207,1,21.99,False
O000197,P0103,1,141.99,False
O000198,P0087,1,21.99,False
O000199,P0066,1,88.99,False
O000199,P0137,1,31.99,False
O000200,P0032,1,664.99,False
O000201,P0091,1,37.99,False
O000201,P0296,2,36.99,False
O000201,P0134,1,53.99,False
O000202,P0125,1,12.99,False
O000203,P0068,1,143.99,False
O000204,P0070,1,28.99,False
O000205,P0026,1,65.99,True
O000206,P0190,1,17.99,False
O000207,P0169,1,18.99,False
O000208,P0107,1,31.99,False
O000209,P0083,2,42.99,False
O000210,P0104,1,20.99,False
O000211,P0077,1,32.99,False
O000211,P0240,1,76.99,False
O000212,P0266,1,85.99,False
O000212,P0066,1,88.99,False
O000213,P0057,1,80.99,False
O000214,P0037,1,111.99,True
O000214,P0085,1,160.99,False
O000214,P0164,1,83.99,True
O000215,P0183,1,61.99,False
O000215,P0112,2,163.99,False
O000216,P0264,2,188.99,False
O000216,P0018,1,320.99,False
O000217,P0072,1,49.99,False
O000218,P0035,2,281.99,False
O000218,P0007,1,120.99,False
O000219,P0209,2,22.99,True
O000220,P0235,1,14.99,False
O000220,P0013,1,353.99,False
O000221,P0135,2,38.99,False
O000222,P0278,1,9.99,False
O000223,P0264,1,188.99,False
O000224,P0268,1,27.99,False
O000224,P0036,2,145.99,False
O000224,P0215,1,55.99,False
O000225,P0112,1,163.99,False
O000226,P0273,2,30.99,False
O000227,P0197,1,20.99,False
O000227,P0153,1,28.99,False
O000227,P0137,1,31.99,False
O000228,P0128,1,61.99,False
O000228,P0169,1,18.99,False
O000228,P0105,2,94.99,False
O000228,P0256,1,19.99,False
O000229,P0163,1,13.99,False
O000229,P0209,1,22.99,False
O000230,P0217,1,16.99,False
O000231,P0134,1,53.99,False
O000232,P0001,1,444.99,False
O000233,P0174,1,87.99,False
O000234,P0144,1,91.99,False
O000234,P0083,1,42.99,False
O000235,P0256,1,19.99,False
O000235,P0251,1,213.99,False
O000236,P0266,1,85.99,False
O000237,P0242,2,19.99,False
O000238,P0006,1,525.99,False
O000239,P0141,1,59.99,False
O000240,P0203,1,48.99,False
O000240,P0072,1,49.99,False
O000240,P0127,1,16.99,False
O000241,P0225,1,76.99,False
O000242,P0034,1,423.99,False
O000243,P0202,1,14.99,False
O000244,P0250,1,281.99,False
O000245,P0143,1,50.99,False
O000246,P0115,1,51.99,False
O000247,P0269,1,219.99,True
O000248,P0020,1,102.99,False
O000249,P0162,1,52.99,False
O000250,P0166,2,84.99,False
O000250,P0025,3,42.99,False
O000251,P0083,1,42.99,False
O000252,P0257,1,34.99,False
O000253,P0275,1,72.99,False
O000253,P0022,1,47.99,False
O000254,P0230,1,61.99,False
O000255,P0293,1,43.99,False
O000256,P0219,1,10.99,False
O000257,P0205,1,48.99,False
O000258,P0201,2,13.99,False
O000259,P0066,2,88.99,False
O000260,P0121,1,53.99,False
O000260,P0251,1,213.99,False
O000260,P0169,1,18.99,False
O000261,P0088,1,54.99,False
O000261,P0224,1,65.99,False
O000261,P0049,1,106.99,False
O000262,P0147,1,82.99,False
O000263,P0122,1,47.99,False
O000263,P0069,1,15.99,False
O000263,P0080,1,61.99,False
O000264,P0067,1,48.99,False
O000265,P0254,2,48.99,False
O000265,P0246,1,46.99,False
O000266,P0095,1,33.99,False
O000266,P0085,2,160.99,False
O000266,P0066,1,88.99,True
O000267,P0257,1,34.99,False
O000267,P0129,1,13.99,False
O000268,P0125,1,12.99,False
O000269,P0069,1,15.99,False
O000269,P0076,1,21.99,False
O000270,P0165,1,84.99,True
O000270,P0216,3,23.99,True
O000271,P0144,1,91.99,False
O000272,P0150,1,16.99,False
O000272,P0244,2,26.99,False
O000272,P0089,1,31.99,False
O000273,P0181,2,100.99,False
O000274,P0003,1,461.99,False
O000274,P0067,2,48.99,False
O000274,P0097,1,19.99,False
O000274,P0241,2,15.99,False
O000275,P0254,1,48.99,False
O000276,P0140,1,19.99,False
O000277,P0296,1,36.99,False
O000278,P0270,1,25.99,False
O000279,P0093,2,37.99,False
O000279,P0287,1,14.99,False
O000280,P0146,1,36.99,True
O000280,P0046,1,384.99,False
O000281,P0021,1,77.99,False
O000282,P0079,1,78.99,False
O000282,P0010,1,109.99,False
O000282,P0173,1,95.99,False
O000283,P0063,2,20.99,False
O000283,P0227,1,,False
O000284,P0222,1,7.99,False
O000285,P0036,1,145.99,False
O000285,P0085,1,160.99,False
O000286,P0022,1,47.99,False
O000287,P0115,1,51.99,False
O000287,P0074,1,148.99,False
O000288,P0098,1,21.99,False
O000289,P0183,1,61.99,False
O000289,P0089,1,31.99,False
O000289,P0049,1,106.99,True
O000290,P0253,1,246.99,False
O000290,P0102,1,55.99,False
O000291,P0255,2,116.99,False
O000291,P0018,1,320.99,False
O000292,P0265,1,24.99,False
O000292,P0177,1,66.99,False
O000293,P0082,2,74.99,False
O000294,P0206,1,35.99,False
O000295,P0160,1,36.99,False
O000296,P0060,1,100.99,False
O000297,P0219,1,10.99,False
O000298,P0296,2,36.99,False
O000298,P0209,2,22.99,False
O000299,P0196,2,22.99,False
O000300,P0180,1,14.99,False
O000301,P0165,1,84.99,False
O000302,P0287,1,14.99,False
O000302,P0066,1,88.99,False
O000303,P0034,1,423.99,False
O000303,P0033,1,103.99,False
O000304,P0121,2,53.99,True
O000305,P0008,1,72.99,False
O000306,P0245,1,27.99,False
O000307,P0252,1,85.99,False
O000308,P0097,1,19.99,False
O000308,P0006,1,525.99,False
O000309,P0040,1,179.99,False
O000310,P0100,1,30.99,False
O000310,P0189,1,46.99,False
O000311,P0121,1,53.99,False
O000312,P0258,2,60.99,False
O000313,P0026,1,65.99,False
O000314,P0018,1,320.99,False
O000315,P0249,2,19.99,False
O000315,P0026,1,65.99,False
O000315,P0024,1,141.99,False
O000316,P0139,1,24.99,False
O000317,P0273,1,30.99,False
O000317,P0271,1,30.99,False
O000318,P0153,2,28.99,False
O000319,P0274,1,153.99,True
O000320,P0277,1,40.99,True
O000321,P0167,1,40.99,False
O000322,P0291,1,8.99,False
O000323,P0116,1,19.99,False
O000324,P0219,1,10.99,False
O000324,P0191,2,62.99,False
O000325,P0022,1,47.99,False
O000325,P0133,1,105.99,False
O000326,P0004,1,715.99,False
O000327,P0240,1,76.99,False
O000328,P0183,1,61.99,False
O000329,P0296,1,36.99,False
O000330,P0201,1,13.99,False
O000331,P0281,1,43.99,False
O000332,P0232,1,77.99,False
O000333,P0227,2,20.99,False
O000334,P0248,1,224.99,False
O000335,P0094,2,143.99,False
O000336,P0206,1,35.99,False
O000336,P0155,1,81.99,False
O000337,P0055,1,30.99,False
O000337,P0229,2,41.99,False
O000337,P0173,1,95.99,False
O000338,P0045,1,55.99,False
O000339,P0009,2,64.99,False
O000339,P0274,1,153.99,False
O000339,P0116,1,19.99,False
O000340,P0291,1,8.99,False
O000341,P0255,1,116.99,False
O000341,P0214,1,16.99,False
O000342,P0163,2,13.99,False
O000342,P0295,1,13.99,False
O000343,P0160,1,36.99,False
O000344,P0263,2,22.99,False
O000344,P0020,1,102.99,False
O000345,P0062,1,111.99,False
O000346,P0072,1,49.99,False
O000347,P0150,2,16.99,False
O000347,P0068,1,143.99,False
O000348,P0281,1,43.99,False
O000349,P0278,1,9.99,False
O000350,P0218,1,40.99,False
O000351,P0205,1,48.99,False
O000352,P0190,1,17.99,False
O000352,P0029,1,57.99,False
O000352,P0217,2,16.99,False
O000353,P0247,1,133.99,False
O000354,P0192,1,30.99,False
O000355,P0046,2,384.99,False
O000356,P0276,1,21.99,False
O000356,P0175,1,32.99,False
O000357,P0038,1,67.99,False
O000358,P0118,1,97.99,False
O000358,P0179,1,34.99,False
O000359,P0296,1,36.99,False
O000359,P0032,1,664.99,False
O000360,P0066,1,88.99,False
O000361,P0217,1,16.99,False
O000361,P0069,1,15.99,True
O000362,P0097,1,19.99,False
O000362,P0003,1,461.99,False
O000362,P0150,1,16.99,False
O000363,P0250,1,281.99,False
O000364,P0159,1,96.99,False
O000365,P0232,1,77.99,False
O000366,P0118,1,97.99,False
O000366,P0252,1,85.99,False
O000367,P0092,2,215.99,False
O000367,P0241,1,15.99,False
O000367,P0279,1,37.99,False
O000368,P0259,1,62.99,False
O000368,P0257,1,34.99,False
O000369,P0300,1,28.99,False
O000369,P0124,1,70.99,False
O000370,P0239,1,37.99,True
O000370,P0183,1,61.99,False
O000371,P0173,2,95.99,False
O000372,P0217,2,16.99,False
O000373,P0287,2,14.99,False
O000373,P0224,2,65.99,False
O000374,P0221,1,13.99,False
O000375,P0206,1,35.99,False
O000376,P0243,1,115.99,False
O000377,P0054,1,127.99,False
O000378,P0173,2,95.99,False
O000378,P0044,1,650.99,False
O000379,P0179,1,34.99,False
O000380,P0211,1,39.99,False
O000381,P0245,1,27.99,False
O000381,P0216,1,23.99,False
O000382,P0060,1,100.99,False
O000382,P0110,1,134.99,False
O000383,P0283,1,6.99,False
O000384,P0225,1,76.99,False
O000385,P0014,1,133.99,False
O000386,P0223,2,11.99,False
O000387,P0028,1,284.99,False
O000388,P0217,1,16.99,False
O000388,P0040,1,179.99,False
O000389,P0083,1,42.99,False
O000390,P0022,1,47.99,False
O000391,P0158,1,34.99,False
O000392,P0076,1,21.99,False
O000392,P0013,2,353.99,False
O000393,P0294,1,39.99,False
O000393,P0210,1,9.99,False
O000393,P0132,1,51.99,False
O000394,P0117,2,32.99,False
O000394,P0279,2,37.99,False
O000394,P0081,1,16.99,False
O000395,P0252,1,85.99,False
O000395,P0169,1,18.99,False
O000396,P0249,1,19.99,False
O000397,P0241,1,15.99,False
O000398,P0003,1,,False
O000398,P0199,2,16.99,False
O000399,P0276,1,21.99,False
O000400,P0003,1,461.99,False
O000400,P0285,1,38.99,False
O000401,P0005,1,158.99,False
O000402,P0282,1,7.99,False
O000403,P0061,1,105.99,False
O000404,P0112,1,163.99,False
O000404,P0155,1,81.99,False
O000405,P0067,1,48.99,False
O000405,P0108,1,22.99,False
O000406,P0140,1,19.99,False
O000406,P0299,1,22.99,False
O000407,P0042,1,174.99,False
O000408,P0122,1,47.99,False
O000409,P0024,1,141.99,False
O000410,P0003,1,461.99,False
O000410,P0036,1,145.99,False
O000411,P0271,1,30.99,True
O000411,P0117,2,32.99,False
O000412,P0196,1,22.99,False
O000412,P0115,2,51.99,False
O000413,P0275,1,72.99,False
O000414,P0148,1,17.99,False
O000414,P0177,1,66.99,True
O000415,P0137,1,31.99,False
O000415,P0157,1,29.99,False
O000416,P0200,1,30.99,False
O000417,P0198,1,14.99,False
O000418,P0123,1,84.99,True
O000419,P0210,1,9.99,False
O000419,P0012,1,321.99,False
O000420,P0300,1,28.99,False
O000421,P0066,2,88.99,False
O000422,P0177,2,66.99,False
O000423,P0082,1,74.99,False
O000424,P0263,2,22.99,False
O000424,P0199,1,16.99,False
O000424,P0166,1,84.99,False
O000425,P0112,1,163.99,False
O000426,P0297,1,11.99,False
O000427,P0074,2,148.99,False
O000428,P0005,1,158.99,False
O000429,P0027,1,349.99,False
O000430,P0244,1,26.99,False
O000431,P0008,1,72.99,False
O000432,P0055,1,30.99,False
O000433,P0248,1,224.99,False
O000433,P0216,1,23.99,False
O000434,P0056,1,154.99,False
O000434,P0009,1,64.99,False
O000435,P0028,2,284.99,False
O000436,P0221,1,13.99,False
O000436,P0165,1,84.99,False
O000437,P0289,1,25.99,False
O000438,P0045,1,55.99,False
O000439,P0216,1,23.99,False
O000439,P0200,2,30.99,False
O000440,P0266,1,85.99,False
O000440,P0224,1,65.99,False
O000441,P0279,1,37.99,False
O000442,P0174,1,87.99,False
O000443,P0054,1,127.99,False
O000444,P0300,1,28.99,False
O000445,P0204,1,37.99,False
O000445,P0183,1,61.99,False
O000446,P0063,1,20.99,False
O000447,P0200,1,30.99,False
O000447,P0018,1,320.99,False
O000448,P0106,1,37.99,False
O000449,P0088,1,54.99,False
O000450,P0230,2,61.99,False
O000451,P0026,1,65.99,False
O000451,P0014,2,133.99,False
O000451,P0001,3,444.99,False
O000452,P0259,1,62.99,False
O000452,P0085,1,160.99,False
O000452,P0026,1,65.99,False
O000453,P0059,1,21.99,False
O000453,P0014,1,133.99,False
O000454,P0227,1,20.99,False
O000454,P0214,1,16.99,False
O000455,P0023,1,313.99,False
O000456,P0099,1,79.99,False
O000457,P0296,1,36.99,False
O000457,P0048,1,126.99,True
O000458,P0234,1,60.99,False
O000458,P0283,1,6.99,False
O000458,P0120,2,132.99,False
O000458,P0083,2,42.99,False
O000459,P0260,1,20.99,False
O000460,P0164,1,,False
O000460,P0158,1,34.99,False
O000461,P0178,1,71.99,False
O000461,P0200,1,30.99,False
O000462,P0167,1,40.99,False
O000463,P0083,1,42.99,False
O000463,P0087,1,21.99,False
O000464,P0052,2,410.99,True
O000464,P0106,1,37.99,False
O000465,P0225,2,76.99,False
O000466,P0229,1,41.99,False
O000467,P0174,1,87.99,False
O000468,P0242,1,19.99,False
O000469,P0019,1,432.99,False
O000470,P0030,1,91.99,False
O000470,P0268,1,27.99,False
O000471,P0242,1,19.99,False
O000472,P0037,2,111.99,False
O000472,P0152,1,24.99,True
O000473,P0134,1,53.99,True
O000474,P0226,1,49.99,False
O000475,P0104,1,20.99,False
O000475,P0053,2,200.99,False
O000475,P0028,1,284.99,False
O000476,P0273,1,30.99,False
O000477,P0050,1,88.99,False
O000477,P0181,2,100.99,False
O000477,P0065,1,33.99,False
O000477,P0115,1,51.99,False
O000478,P0215,1,55.99,False
O000478,P0125,1,12.99,False
O000479,P0015,1,61.99,False
O000479,P0216,2,23.99,False
O000480,P0076,1,21.99,False
O000480,P0189,2,46.99,False
O000480,P0128,1,61.99,False
O000480,P0275,1,72.99,False
O000481,P0120,1,132.99,False
O000482,P0042,1,174.99,False
O000483,P0194,1,65.99,False
O000484,P0263,1,22.99,False
O000484,P0080,1,61.99,False
O000485,P0020,1,102.99,False
O000486,P0129,1,13.99,False
O000487,P0276,1,21.99,True
O000488,P0073,1,53.99,False
O000489,P0020,1,102.99,False
O000489,P0055,1,30.99,False
O000490,P0284,1,26.99,False
O000491,P0260,1,20.99,False
O000492,P0022,1,47.99,False
O000492,P0291,1,8.99,False
O000493,P0270,1,25.99,False
O000493,P0078,1,17.99,True
O000494,P0214,1,16.99,False
O000495,P0125,1,12.99,False
O000496,P0260,1,20.99,False
O000497,P0228,1,17.99,False
O000497,P0275,1,72.99,False
O000498,P0071,1,171.99,False
O000499,P0253,1,246.99,False
O000499,P0170,1,23.99,False
O000500,P0177,1,66.99,False
O000501,P0011,1,71.99,False
O000502,P0074,1,148.99,False
O000503,P0233,1,78.99,False
O000504,P0056,1,154.99,False
O000505,P0085,1,160.99,False
O000505,P0115,1,51.99,False
O000506,P0127,1,16.99,False
O000506,P0269,1,219.99,False
O000507,P0187,1,93.99,False
O000508,P0042,1,174.99,False
O000509,P0277,1,40.99,False
O000510,P0211,1,39.99,False
O000510,P0096,2,168.99,False
O000511,P0147,1,82.99,False
O000511,P0111,2,240.99,False
O000512,P0278,1,9.99,False
O000513,P0169,1,18.99,False
O000513,P0093,1,37.99,False
O000514,P0227,2,20.99,False
O000515,P0124,1,70.99,False
O000516,P0247,2,133.99,False
O000517,P0240,1,76.99,False
O000518,P0258,1,60.99,False
O000519,P0296,1,36.99,False
O000520,P0192,1,30.99,False
O000521,P0072,2,49.99,False
O000521,P0063,1,20.99,False
O000522,P0103,1,141.99,False
O000522,P0089,1,31.99,False
O000523,P0119,1,186.99,False
O000524,P0094,2,143.99,False
O000525,P0212,1,20.99,False
O000526,P0039,1,117.99,False
O000526,P0252,1,85.99,False
O000526,P0102,1,55.99,False
O000527,P0194,1,65.99,False
O000528,P0134,1,53.99,False
O000529,P0026,1,65.99,False
O000529,P0106,1,37.99,False
O000529,P0047,2,692.99,False
O000530,P0155,1,81.99,False
O000530,P0265,1,24.99,False
O000530,P0211,1,39.99,False
O000531,P0250,1,281.99,False
O000532,P0235,1,14.99,False
O000533,P0015,1,61.99,False
O000533,P0104,1,20.99,False
O000534,P0142,1,73.99,True
O000534,P0016,1,316.99,False
O000535,P0268,1,27.99,False
O000535,P0065,2,33.99,False
O000535,P0296,2,36.99,False
O000536,P0213,1,57.99,False
O000536,P0152,2,24.99,False
O000537,P0044,1,650.99,False
O000537,P0183,1,61.99,False
O000538,P0146,1,36.99,False
O000539,P0137,1,31.99,False
O000540,P0153,1,28.99,False
O000541,P0034,2,423.99,False
O000542,P0257,1,34.99,False
O000543,P0077,1,32.99,False
O000544,P0013,2,353.99,False
O000544,P0074,1,148.99,False
O000545,P0255,1,116.99,False
O000545,P0136,1,15.99,False
O000546,P0170,1,23.99,False
O000546,P0109,2,43.99,False
O000547,P0253,1,246.99,False
O000548,P0283,1,6.99,False
O000548,P0122,1,47.99,False
O000548,P0132,1,51.99,False
O000549,P0020,1,102.99,False
O000550,P0238,1,32.99,False
O000551,P0056,1,154.99,False
O000552,P0286,1,43.99,False
O000553,P0032,1,664.99,False
O000554,P0223,1,11.99,False
O000555,P0180,1,14.99,True
O000556,P0021,2,77.99,False
O000557,P0164,1,83.99,False
O000557,P0225,1,76.99,False
O000558,P0156,1,116.99,False
O000558,P0291,1,8.99,False
O000558,P0120,1,132.99,False
O000558,P0071,1,171.99,False
O000558,P0140,1,19.99,False
O000559,P0038,2,67.99,False
O000559,P0209,1,22.99,False
O000560,P0069,1,15.99,False
O000560,P0076,1,21.99,True
O000560,P0023,1,313.99,False
O000561,P0163,1,13.99,False
O000561,P0005,1,158.99,False
O000562,P0208,1,8.99,False
O000563,P0252,1,85.99,False
O000563,P0214,1,16.99,False
O000564,P0261,2,147.99,False
O000565,P0031,1,372.99,False
O000566,P0220,1,8.99,False
O000567,P0171,1,22.99,False
O000568,P0154,1,39.99,False
O000568,P0118,1,97.99,False
O000569,P0099,1,79.99,False
O000569,P0082,1,74.99,False
O000570,P0138,2,30.99,False
O000570,P0073,1,53.99,False
O000571,P0064,2,58.99,False
O000571,P0102,1,55.99,False
O000572,P0059,1,21.99,False
O000573,P0093,1,37.99,False
O000574,P0067,1,48.99,False
O000575,P0089,1,31.99,False
O000576,P0126,2,66.99,False
O000576,P0052,2,410.99,True
O000577,P0233,1,78.99,False
O000578,P0162,1,52.99,True
O000579,P0265,1,24.99,False
O000580,P0135,1,38.99,False
O000581,P0291,1,8.99,False
O000581,P0195,2,18.99,False
O000581,P0017,1,166.99,False
O000582,P0211,1,39.99,False
O000583,P0101,1,84.99,False
O000583,P0275,1,72.99,False
O000584,P0257,1,34.99,False
O000585,P0190,1,17.99,False
O000585,P0085,1,160.99,False
O000586,P0286,1,43.99,False
O000587,P0071,1,171.99,False
O000587,P0046,2,384.99,False
O000588,P0154,2,39.99,False
O000588,P0232,2,77.99,False
O000589,P0277,1,40.99,False
O000590,P0282,1,7.99,False
O000590,P0053,1,200.99,False
O000591,P0186,1,56.99,False
O000592,P0158,1,34.99,False
O000593,P0164,2,83.99,False
O000593,P0095,1,33.99,True
O000594,P0075,1,79.99,False
O000595,P0097,1,19.99,False
O000595,P0103,1,141.99,False
O000596,P0189,1,46.99,False
O000596,P0235,1,14.99,False
O000596,P0032,1,664.99,True
O000597,P0013,1,353.99,False
O000598,P0084,1,16.99,False
O000599,P0183,1,61.99,False
O000600,P0191,1,62.99,False
O000600,P0261,1,147.99,False
O000601,P0264,1,188.99,False
O000601,P0104,1,20.99,False
O000602,P0266,1,85.99,True
O000603,P0249,1,19.99,False
O000604,P0161,2,14.99,False
O000604,P0277,1,40.99,False
O000605,P0106,1,37.99,False
O000606,P0186,2,56.99,False
O000607,P0021,1,77.99,False
O000608,P0117,1,32.99,False
O000609,P0044,1,650.99,True
O000610,P0234,1,60.99,False
O000611,P0284,1,26.99,False
O000612,P0116,2,19.99,False
O000613,P0059,1,21.99,False
O000613,P0248,1,224.99,False
O000613,P0033,1,103.99,False
O000613,P0049,1,106.99,False
O000613,P0107,1,31.99,False
O000614,P0258,2,60.99,False
O000615,P0090,1,28.99,False
O000616,P0111,1,240.99,True
O000617,P0223,1,11.99,False
O000618,P0161,1,14.99,False
O000619,P0132,1,51.99,False
O000620,P0153,1,28.99,False
O000620,P0242,1,19.99,False
O000621,P0225,1,76.99,False
O000622,P0164,1,83.99,False
O000623,P0219,2,10.99,False
O000624,P0018,1,320.99,False
O000625,P0293,1,43.99,False
O000626,P0296,1,36.99,False
O000626,P0109,1,43.99,False
O000627,P0111,1,240.99,False
O000628,P0245,2,27.99,False
O000629,P0029,1,57.99,False
O000630,P0268,1,27.99,False
O000631,P0194,2,65.99,False
O000632,P0261,1,147.99,False
O000632,P0140,2,19.99,False
O000633,P0059,1,21.99,False
O000634,P0086,1,133.99,False
O000635,P0039,1,117.99,False
O000636,P0194,1,65.99,False
O000637,P0108,1,22.99,False
O000637,P0239,1,37.99,False
O000638,P0018,1,320.99,False
O000639,P0005,1,158.99,False
O000640,P0127,1,16.99,False
O000641,P0241,1,15.99,False
O000642,P0269,2,219.99,False
O000642,P0294,1,39.99,False
O000643,P0045,1,55.99,False
O000643,P0256,1,19.99,False
O000644,P0161,1,14.99,False
O000645,P0072,1,49.99,False
O000645,P0292,1,14.99,False
O000646,P0236,2,36.99,False
O000646,P0027,1,349.99,False
O000647,P0137,1,31.99,False
O000648,P0101,1,84.99,False
O000649,P0165,1,84.99,False
O000650,P0291,2,8.99,False
O000651,P0064,1,58.99,False
O000651,P0118,1,97.99,False
O000652,P0223,1,11.99,False
O000653,P0055,2,30.99,False
O000654,P0156,1,116.99,False
O000654,P0191,1,62.99,False
O000655,P0171,1,22.99,False
O000656,P0222,1,7.99,False
O000657,P0014,1,133.99,False
O000657,P0116,1,19.99,False
O000658,P0240,2,76.99,False
O000659,P0173,1,95.99,False
O000660,P0210,1,9.99,False
O000660,P0056,1,154.99,False
O000661,P0251,1,213.99,True
O000661,P0138,1,30.99,False
O000662,P0073,1,53.99,False
O000663,P0108,1,22.99,False
O000664,P0125,2,12.99,False
O000665,P0282,1,7.99,False
O000666,P0126,1,66.99,False
O000667,P0074,1,148.99,False
O000667,P0012,1,321.99,False
O000668,P0233,1,78.99,False
O000668,P0244,2,26.99,False
O000669,P0212,1,20.99,False
O000669,P0261,1,147.99,False
O000670,P0184,1,75.99,False
O000670,P0234,1,60.99,False
O000671,P0036,1,145.99,False
O000672,P0242,1,19.99,False
O000673,P0133,1,105.99,False
O000674,P0213,1,57.99,False
O000675,P0061,1,105.99,False
O000676,P0212,1,20.99,False
O000676,P0163,2,13.99,False
O000677,P0189,1,46.99,True
O000677,P0074,1,148.99,False
O000677,P0246,1,46.99,False
O000678,P0056,1,154.99,False
O000678,P0058,1,133.99,False
O000679,P0096,1,168.99,False
O000679,P0035,1,281.99,False
O000680,P0233,2,78.99,False
O000681,P0138,2,30.99,False
O000681,P0002,1,53.99,False
O000682,P0148,1,17.99,False
O000682,P0198,1,14.99,False
O000683,P0077,2,32.99,False
O000683,P0154,1,39.99,False
O000684,P0259,1,62.99,False
O000684,P0069,1,15.99,False
O000685,P0028,1,284.99,False
O000686,P0065,1,33.99,False
O000686,P0128,1,61.99,False
O000687,P0249,1,19.99,False
O000687,P0082,1,74.99,False
O000688,P0292,1,14.99,False
O000689,P0273,2,30.99,False
O000689,P0138,1,30.99,False
O000690,P0214,1,16.99,False
O000690,P0087,1,21.99,False
O000691,P0035,1,281.99,False
O000692,P0099,2,79.99,False
O000693,P0054,1,127.99,False
O000693,P0079,1,78.99,False
O000694,P0226,1,49.99,False
O000695,P0221,1,13.99,False
O000695,P0023,1,313.99,True
O000696,P0097,1,19.99,False
O000697,P0204,3,37.99,False
O000698,P0237,1,31.99,False
O000699,P0063,2,20.99,False
O000699,P0241,1,15.99,False
O000700,P0067,1,48.99,False
O000700,P0037,1,111.99,False
O000701,P0150,1,16.99,False
O000702,P0224,1,65.99,False
O000702,P0044,1,650.99,False
O000703,P0008,1,72.99,False
O000704,P0257,1,34.99,False
O000705,P0008,1,72.99,False
O000705,P0007,1,120.99,False
O000706,P0011,1,71.99,False
O000707,P0289,1,25.99,False
O000707,P0184,1,75.99,False
O000708,P0102,1,55.99,False
O000708,P0018,1,320.99,False
O000708,P0020,1,102.99,False
O000709,P0050,1,88.99,False
O000709,P0278,2,9.99,False
O000710,P0093,1,37.99,False
O000711,P0124,1,70.99,False
O000712,P0290,1,15.99,False
O000712,P0209,1,22.99,False
O000713,P0270,2,25.99,True
O000714,P0211,1,39.99,False
O000714,P0146,1,36.99,False
O000715,P0008,1,72.99,False
O000715,P0230,1,61.99,False
O000715,P0273,1,30.99,False
O000716,P0111,1,240.99,False
O000717,P0143,1,50.99,False
O000718,P0031,3,372.99,False
O000718,P0164,2,83.99,False
O000718,P0256,1,19.99,False
O000719,P0242,1,19.99,False
O000720,P0083,1,42.99,False
O000721,P0083,1,42.99,False
O000721,P0085,1,160.99,False
O000722,P0034,2,423.99,True
O000723,P0221,1,13.99,False
O000724,P0291,1,8.99,False
O000725,P0021,1,77.99,False
O000725,P0242,1,19.99,False
O000725,P0201,1,13.99,False
O000726,P0210,1,9.99,False
O000726,P0184,1,75.99,False
O000726,P0296,1,36.99,False
O000727,P0025,1,42.99,False
O000728,P0052,1,410.99,False
O000728,P0208,1,8.99,False
O000728,P0044,1,650.99,False
O000729,P0221,1,13.99,False
O000730,P0207,1,21.99,False
O000731,P0021,2,77.99,False
O000731,P0216,1,23.99,False
O000732,P0184,1,75.99,False
O000732,P0200,1,30.99,False
O000732,P0059,1,21.99,False
O000732,P0194,1,65.99,False
O000733,P0166,1,84.99,False
O000734,P0280,1,12.99,False
O000735,P0287,1,14.99,False
O000736,P0180,1,14.99,False
O000737,P0142,1,73.99,False
O000738,P0064,1,58.99,False
O000739,P0249,1,19.99,True
O000740,P0193,1,79.99,False
O000741,P0082,1,74.99,False
O000742,P0115,1,51.99,False
O000743,P0227,1,20.99,False
O000744,P0142,1,73.99,False
O000744,P0134,2,53.99,False
O000745,P0110,2,134.99,False
O000746,P0178,1,71.99,False
O000747,P0284,1,26.99,False
O000748,P0060,1,100.99,False
O000749,P0288,1,12.99,False
O000750,P0048,1,126.99,False
O000750,P0182,2,12.99,False
O000751,P0066,2,88.99,False
O000752,P0267,1,45.99,False
O000752,P0197,1,20.99,False
O000753,P0156,1,116.99,False
O000754,P0105,1,94.99,False
O000755,P0183,1,61.99,True
O000756,P0203,1,48.99,False
O000757,P0219,1,10.99,True
O000757,P0084,1,16.99,False
O000758,P0204,1,37.99,False
O000759,P0025,2,42.99,False
O000760,P0098,1,21.99,False
O000761,P0060,1,100.99,False
O000761,P0154,1,39.99,False
O000762,P0036,1,145.99,False
O000763,P0199,1,16.99,True
O000764,P0219,1,10.99,False
O000765,P0293,1,43.99,False
O000766,P0089,1,31.99,False
O000766,P0101,1,84.99,False
O000767,P0004,1,715.99,True
O000768,P0278,1,9.99,False
O000769,P0294,2,39.99,False
O000770,P0263,1,22.99,False
O000771,P0100,1,30.99,False
O000772,P0275,1,72.99,False
O000773,P0092,1,215.99,False
O000773,P0118,2,97.99,False
O000773,P0038,2,67.99,True
O000774,P0272,1,40.99,False
O000775,P0060,2,100.99,False
O000775,P0030,1,91.99,False
O000776,P0159,2,96.99,False
O000776,P0240,1,76.99,False
O000777,P0168,1,50.99,False
O000777,P0141,1,59.99,True
O000778,P0127,1,16.99,True
O000778,P0219,2,10.99,False
O000779,P0253,1,246.99,False
O000779,P0001,2,444.99,False
O000780,P0099,1,79.99,False
O000781,P0150,1,16.99,False
O000782,P0210,1,9.99,False
O000783,P0300,1,28.99,False
O000784,P0190,1,17.99,False
O000785,P0231,1,10.99,False
O000785,P0186,1,56.99,True
O000785,P0153,1,28.99,False
O000786,P0037,1,111.99,False
O000787,P0020,2,102.99,False
O000788,P0163,1,13.99,False
O000789,P0182,1,12.99,True
O000790,P0171,2,22.99,False
O000791,P0300,1,28.99,False
O000791,P0106,1,37.99,False
O000792,P0113,1,77.99,False
O000792,P0275,2,72.99,False
O000793,P0090,1,28.99,False
O000794,P0162,1,52.99,False
O000794,P0244,1,26.99,False
O000795,P0246,1,46.99,False
O000796,P0036,1,145.99,False
O000796,P0069,2,15.99,True
O000797,P0275,1,72.99,False
O000798,P0022,1,47.99,True
O000799,P0156,2,116.99,False
O000800,P0008,1,72.99,False
O000801,P0173,1,95.99,False
O000801,P0086,1,133.99,False
O000802,P0280,1,12.99,False
O000802,P0068,1,143.99,False
O000803,P0070,1,28.99,False
O000804,P0235,1,14.99,False
O000805,P0113,1,77.99,False
O000806,P0078,1,17.99,False
O000807,P0202,1,14.99,False
O000807,P0129,1,13.99,False
O000808,P0246,1,46.99,False
O000808,P0278,1,9.99,False
O000809,P0187,1,93.99,False
O000810,P0038,1,67.99,False
O000811,P0070,1,28.99,False
O000811,P0088,1,54.99,False
O000811,P0076,1,21.99,False
O000812,P0066,2,88.99,True
O000812,P0136,1,15.99,True
O000812,P0200,1,30.99,False
O000813,P0074,2,148.99,False
O000813,P0267,2,45.99,False
O000814,P0224,1,65.99,False
O000815,P0287,2,14.99,False
O000816,P0126,1,66.99,False
O000817,P0014,1,133.99,False
O000818,P0220,1,8.99,False
O000819,P0196,1,22.99,False
O000820,P0133,1,105.99,False
O000821,P0069,1,15.99,False
O000822,P0062,1,111.99,False
O000823,P0216,2,23.99,False
O000824,P0047,1,692.99,False
O000825,P0014,1,133.99,False
O000826,P0089,1,31.99,False
O000826,P0068,1,143.99,False
O000826,P0223,1,11.99,False
O000827,P0224,1,65.99,False
O000828,P0291,1,8.99,False
O000828,P0184,1,75.99,False
O000829,P0272,2,40.99,False
O000829,P0035,1,281.99,False
O000830,P0221,1,13.99,False
O000830,P0027,1,349.99,False
O000830,P0066,1,88.99,False
O000830,P0198,1,14.99,False
O000831,P0218,1,40.99,False
O000832,P0208,1,8.99,False
O000833,P0245,1,27.99,False
O000833,P0104,1,20.99,False
O000834,P0010,1,109.99,False
O000834,P0132,1,51.99,True
O000835,P0237,1,31.99,False
O000836,P0024,1,141.99,False
O000837,P0147,1,82.99,False
O000838,P0009,1,64.99,False
O000839,P0149,1,11.99,False
O000840,P0039,2,117.99,False
O000840,P0172,1,49.99,False
O000841,P0127,1,16.99,False
O000842,P0148,1,17.99,False
O000842,P0234,1,60.99,False
O000843,P0203,1,48.99,False
O000844,P0001,1,444.99,False
O000844,P0204,1,37.99,False
O000845,P0216,2,23.99,False
O000846,P0154,1,39.99,False
O000847,P0240,1,76.99,False
O000848,P0162,1,52.99,False
O000849,P0219,1,10.99,False
O000850,P0120,2,132.99,False
O000850,P0299,1,22.99,False
O000851,P0155,1,81.99,False
O000852,P0094,1,143.99,False
O000853,P0129,1,13.99,True
O000853,P0024,1,141.99,False
O000854,P0258,1,60.99,False
O000855,P0139,1,24.99,False
O000856,P0186,1,56.99,False
O000857,P0049,2,106.99,False
O000858,P0244,1,26.99,False
O000858,P0284,1,26.99,False
O000858,P0084,1,16.99,True
O000859,P0293,1,43.99,False
O000859,P0156,1,116.99,False
O000859,P0042,1,174.99,False
O000860,P0241,1,15.99,False
O000861,P0284,1,26.99,False
O000861,P0282,1,7.99,False
O000862,P0241,1,15.99,False
O000862,P0003,1,461.99,False
O000863,P0064,1,58.99,False
O000864,P0096,1,168.99,False
O000865,P0255,1,116.99,False
O000865,P0162,2,52.99,False
O000866,P0069,2,15.99,False
O000867,P0108,1,22.99,False
O000868,P0134,2,53.99,False
O000868,P0224,1,65.99,False
O000869,P0222,1,7.99,False
O000869,P0216,2,,False
O000870,P0026,2,65.99,False
O000871,P0112,2,163.99,True
O000871,P0286,1,43.99,False
O000872,P0160,1,36.99,False
O000873,P0248,1,224.99,False
O000873,P0159,2,96.99,False
O000874,P0286,1,43.99,False
O000875,P0020,1,102.99,False
O000875,P0208,1,8.99,False
O000876,P0079,1,78.99,False
O000877,P0099,1,79.99,False
O000877,P0130,1,60.99,False
O000878,P0096,1,168.99,False
O000879,P0298,1,6.99,False
O000880,P0293,1,43.99,False
O000881,P0078,1,17.99,False
O000881,P0159,1,96.99,False
O000882,P0255,1,116.99,False
O000883,P0052,2,410.99,False
O000883,P0052,1,410.99,False
O000884,P0249,2,19.99,False
O000884,P0248,1,224.99,False
O000885,P0042,1,174.99,False
O000886,P0163,1,13.99,False
O000887,P0038,1,67.99,False
O000887,P0120,1,132.99,False
O000888,P0190,1,17.99,False
O000889,P0045,2,55.99,True
O000890,P0075,1,79.99,False
O000891,P0287,2,14.99,False
O000892,P0290,1,15.99,False
O000893,P0141,2,59.99,False
O000894,P0223,2,11.99,False
O000895,P0144,2,91.99,False
O000896,P0300,1,28.99,False
O000897,P0187,1,93.99,False
O000898,P0178,1,71.99,True
O000898,P0021,1,77.99,False
O000899,P0230,1,61.99,False
O000899,P0075,1,79.99,False
O000900,P0127,1,16.99,True
O000901,P0219,1,10.99,False
O000902,P0115,1,51.99,False
O000902,P0228,1,17.99,False
O000903,P0075,1,79.99,True
O000904,P0214,2,16.99,False
O000905,P0117,1,32.99,False
O000906,P0012,1,321.99,False
O000907,P0200,1,30.99,False
O000907,P0075,1,79.99,False
O000908,P0211,1,39.99,False
O000909,P0037,0,111.99,False
O000910,P0300,1,28.99,False
O000911,P0154,1,39.99,False
O000912,P0299,1,22.99,False
O000913,P0133,1,105.99,False
O000914,P0183,1,61.99,False
O000914,P0030,1,91.99,False
O000915,P0074,1,148.99,False
O000916,P0159,1,96.99,False
O000917,P0208,1,8.99,False
O000918,P0015,1,61.99,False
O000918,P0076,1,21.99,False
O000918,P0125,1,12.99,False
O000918,P0237,2,31.99,False
O000918,P0297,1,11.99,False
O000919,P0052,1,410.99,False
O000920,P0100,1,30.99,False
O000920,P0281,1,43.99,False
O000921,P0039,1,117.99,False
O000921,P0217,1,16.99,False
O000921,P0097,2,19.99,False
O000922,P0153,1,28.99,False
O000923,P0004,1,715.99,False
O000923,P0285,1,38.99,False
O000924,P0127,1,16.99,False
O000925,P0229,1,41.99,False
O000925,P0225,2,76.99,False
O000926,P0119,1,186.99,False
O000927,P0120,1,132.99,False
O000928,P0254,1,48.99,False
O000929,P0054,1,127.99,False
O000929,P0096,1,168.99,False
O000930,P0287,2,14.99,False
O000931,P0032,1,664.99,False
O000932,P0151,1,27.99,False
O000933,P0239,1,37.99,False
O000934,P0133,1,105.99,False
O000934,P0228,1,17.99,False
O000935,P0262,2,284.99,False
O000935,P0005,2,158.99,False
O000936,P0045,1,55.99,False
O000937,P0245,2,27.99,False
O000937,P0227,2,20.99,False
O000937,P0070,2,28.99,False
O000938,P0201,1,13.99,False
O000939,P0122,1,47.99,False
O000940,P0281,1,43.99,False
O000940,P0027,2,349.99,False
O000941,P0044,1,650.99,False
O000942,P0085,2,160.99,False
O000942,P0246,1,46.99,False
O000943,P0068,1,143.99,False
O000944,P0006,1,525.99,False
O000945,P0197,1,20.99,False
O000945,P0021,1,77.99,False
O000946,P0040,2,179.99,True
O000947,P0097,1,19.99,False
O000947,P0235,2,14.99,False
O000948,P0243,1,115.99,False
O000948,P0064,1,58.99,False
O000949,P0128,1,61.99,False
O000950,P0262,1,284.99,False
O000950,P0095,1,33.99,False
O000950,P0107,1,31.99,False
O000950,P0162,1,52.99,False
O000951,P0046,1,384.99,False
O000952,P0201,2,13.99,False
O000952,P0200,1,30.99,False
O000953,P0067,2,48.99,False
O000954,P0121,1,53.99,False
O000954,P0107,1,31.99,False
O000954,P0102,1,55.99,False
O000955,P0061,1,105.99,False
O000956,P0075,1,79.99,False
O000957,P0256,1,19.99,False
O000958,P0272,1,40.99,False
O000959,P0054,2,127.99,False
O000959,P0189,1,46.99,False
O000959,P0124,1,70.99,False
O000960,P0211,1,39.99,False
O000961,P0108,1,22.99,False
O000962,P0242,2,19.99,False
O000962,P0041,1,181.99,False
O000963,P0097,1,19.99,False
O000963,P0217,1,16.99,False
O000964,P0184,1,75.99,False
O000964,P0172,1,49.99,False
O000965,P0147,2,82.99,False
O000965,P0204,1,37.99,False
O000965,P0253,1,246.99,False
O000966,P0181,1,100.99,False
O000966,P0098,2,21.99,False
O000967,P0148,2,17.99,False
O000967,P0141,1,59.99,False
O000968,P0180,2,14.99,False
O000968,P0069,2,15.99,False
O000969,P0185,1,49.99,False
O000970,P0283,1,6.99,False
O000971,P0232,1,77.99,False
O000971,P0039,1,117.99,False
O000972,P0235,2,14.99,False
O000973,P0263,1,22.99,False
O000974,P0027,1,349.99,False
O000974,P0286,2,43.99,False
O000975,P0095,1,33.99,False
O000975,P0094,1,143.99,False
O000975,P0025,2,42.99,False
O000976,P0139,1,24.99,False
O000977,P0137,1,31.99,False
O000977,P0210,1,9.99,False
O000977,P0261,1,147.99,False
O000978,P0181,1,100.99,False
O000978,P0247,1,133.99,False
O000979,P0192,1,30.99,False
O000980,P0096,1,168.99,False
O000981,P0094,1,143.99,False
O000982,P0178,1,71.99,False
O000983,P0183,1,61.99,True
O000983,P0103,1,141.99,False
O000984,P0168,1,50.99,True
O000984,P0183,1,61.99,False
O000985,P0236,2,36.99,True
O000986,P0126,2,66.99,True
O000986,P0284,2,26.99,False
O000987,P0184,2,75.99,False
O000988,P0199,1,16.99,False
O000989,P0008,1,72.99,True
O000989,P0074,1,148.99,False
O000989,P0078,1,17.99,False
O000989,P0009,2,64.99,False
O000990,P0057,2,80.99,False
O000991,P0054,1,127.99,False
O000992,P0225,1,76.99,False
O000992,P0060,2,100.99,False
O000993,P0056,1,154.99,False
O000994,P0250,1,281.99,False
O000995,P0089,1,31.99,False
O000996,P0044,1,650.99,False
O000997,P0298,2,6.99,False
O000998,P0087,1,21.99,False
O000999,P0296,1,36.99,False
O001000,P0045,1,55.99,False
O001000,P0245,1,27.99,False
O001001,P0199,1,16.99,False
O001002,P0154,1,39.99,False
O001003,P0104,1,20.99,False
O001003,P0218,2,40.99,False
O001004,P0207,1,21.99,False
O001004,P0192,1,30.99,False
O001005,P0245,1,27.99,False
O001006,P0132,1,51.99,True
O001007,P0128,1,61.99,False
O001007,P0098,1,21.99,False
O001008,P0030,1,91.99,False
O001009,P0024,1,141.99,True
O001009,P0073,1,53.99,False
O001009,P0082,1,74.99,False
O001010,P0124,1,70.99,True
O001010,P0203,2,48.99,False
O001011,P0263,3,22.99,False
O001012,P0233,1,78.99,False
O001012,P0251,1,213.99,False
O001013,P0289,1,25.99,False
O001014,P0164,1,83.99,False
O001015,P0039,2,117.99,False
O001016,P0023,1,313.99,False
O001017,P0149,1,11.99,False
O001018,P0293,1,43.99,False
O001019,P0027,1,349.99,False
O001020,P0086,1,133.99,False
O001021,P0084,1,16.99,False
O001022,P0279,2,37.99,False
O001023,P0130,2,60.99,False
O001023,P0269,1,219.99,False
O001024,P0274,2,153.99,False
O001024,P0108,1,22.99,False
O001025,P0281,1,43.99,False
O001025,P0126,1,66.99,True
O001026,P0202,2,14.99,False
O001026,P0087,1,21.99,False
O001027,P0295,2,13.99,False
O001028,P0035,1,281.99,False
O001028,P0201,1,13.99,False
O001029,P0256,2,19.99,False
O001029,P0099,1,79.99,False
O001030,P0281,2,43.99,False
O001030,P0057,1,80.99,False
O001031,P0136,1,15.99,False
O001031,P0156,2,116.99,False
O001032,P0234,1,60.99,False
O001032,P0236,1,36.99,False
O001033,P0292,1,14.99,False
O001033,P0033,1,103.99,False
O001034,P0136,1,15.99,False
O001034,P0079,1,78.99,False
O001034,P0291,1,8.99,False
O001034,P0066,1,88.99,False
O001035,P0196,1,22.99,False
O001036,P0159,1,96.99,False
O001037,P0240,2,76.99,False
O001037,P0210,1,9.99,True
O001038,P0143,1,50.99,False
O001039,P0002,1,53.99,False
O001039,P0187,1,93.99,False
O001040,P0215,1,55.99,False
O001040,P0295,1,13.99,False
O001041,P0019,1,432.99,False
O001042,P0141,1,59.99,False
O001043,P0086,1,133.99,False
O001044,P0127,1,16.99,False
O001045,P0235,2,14.99,False
O001045,P0277,1,40.99,False
O001046,P0020,3,102.99,False
O001046,P0220,1,8.99,False
O001047,P0263,1,22.99,False
O001048,P0256,1,19.99,False
O001049,P0075,1,79.99,False
O001050,P0200,1,30.99,False
O001051,P0089,1,31.99,False
O001052,P0040,1,179.99,False
O001053,P0091,1,37.99,False
O001053,P0234,1,60.99,False
O001053,P0126,1,66.99,False
O001054,P0146,1,36.99,False
O001054,P0188,2,26.99,False
O001054,P0168,2,50.99,False
O001055,P0282,1,7.99,False
O001056,P0063,1,20.99,False
O001056,P0157,2,29.99,True
O001057,P0249,1,19.99,False
O001058,P0266,1,85.99,False
O001059,P0053,1,200.99,False
O001060,P0048,1,126.99,False
O001061,P0196,1,22.99,False
O001061,P0067,2,48.99,False
O001062,P0187,2,93.99,True
O001063,P0094,3,143.99,False
O001064,P0199,1,16.99,False
O001065,P0176,1,115.99,False
O001066,P0151,1,27.99,False
O001066,P0149,1,11.99,False
O001066,P0089,1,31.99,False
O001067,P0122,1,47.99,False
O001067,P0180,1,14.99,False
O001068,P0157,1,29.99,False
O001069,P0061,1,105.99,False
O001070,P0130,1,60.99,False
O001071,P0122,1,47.99,False
O001071,P0174,1,87.99,False
O001072,P0294,1,39.99,False
O001073,P0030,2,91.99,False
O001074,P0217,1,16.99,False
O001074,P0160,1,36.99,False
O001075,P0030,1,91.99,False
O001076,P0297,3,11.99,False
O001077,P0215,1,55.99,False
O001077,P0128,1,61.99,False
O001078,P0231,1,10.99,False
O001078,P0229,1,41.99,False
O001078,P0025,1,42.99,False
O001079,P0126,1,66.99,False
O001079,P0298,1,6.99,False
O001080,P0044,1,650.99,False
O001080,P0064,1,58.99,False
O001080,P0137,2,31.99,False
O001081,P0203,1,48.99,True
O001082,P0190,1,17.99,False
O001083,P0139,1,24.99,False
O001084,P0167,1,40.99,False
O001084,P0212,1,20.99,False
O001085,P0235,1,14.99,False
O001086,P0037,1,111.99,False
O001087,P0037,1,111.99,False
O001088,P0155,1,81.99,False
O001089,P0252,1,85.99,True
O001090,P0188,1,26.99,False
O001091,P0238,1,32.99,False
O001092,P0087,1,21.99,False
O001092,P0178,1,71.99,False
O001093,P0274,1,153.99,False
O001094,P0055,1,30.99,False
O001095,P0102,1,55.99,False
O001096,P0197,1,20.99,False
O001097,P0300,2,28.99,False
O001098,P0009,1,64.99,False
O001099,P0155,2,81.99,False
O001099,P0074,1,148.99,False
O001100,P0013,1,353.99,False
O001101,P0130,1,60.99,False
O001102,P0150,2,16.99,False
O001103,P0215,2,55.99,False
O001103,P0052,1,410.99,False
O001104,P0067,1,48.99,False
O001104,P0035,1,281.99,False
O001105,P0191,1,62.99,False
O001106,P0141,1,59.99,False
O001106,P0115,1,51.99,False
O001107,P0157,1,29.99,False
O001108,P0161,1,14.99,False
O001108,P0267,1,45.99,False
O001109,P0240,1,76.99,False
O001109,P0171,1,22.99,False
O001109,P0074,1,148.99,False
O001109,P0052,0,410.99,False
O001110,P0029,2,57.99,False
O001110,P0090,2,28.99,False
O001110,P0044,1,650.99,False
O001110,P0184,1,75.99,False
O001111,P0095,1,33.99,False
O001112,P0027,2,349.99,False
O001112,P0190,1,17.99,False
O001113,P0086,1,133.99,False
O001113,P0033,1,103.99,True
O001114,P0071,1,171.99,False
O001114,P0102,1,55.99,False
O001115,P0205,1,48.99,False
O001115,P0146,1,36.99,False
O001115,P0124,2,70.99,True
O001115,P0215,1,55.99,False
O001116,P0137,2,31.99,True
O001117,P0240,1,76.99,False
O001118,P0159,1,96.99,False
O001118,P0219,1,10.99,False
O001118,P0080,1,61.99,False
O001119,P0198,1,14.99,False
O001119,P0086,1,133.99,False
O001119,P0155,1,81.99,True
O001120,P0260,1,20.99,False
O001121,P0082,1,74.99,False
O001122,P0036,2,145.99,False
O001122,P0140,1,19.99,False
O001123,P0151,2,27.99,False
O001124,P0099,1,79.99,False
O001125,P0054,1,127.99,False
O001126,P0022,1,47.99,False
O001127,P0216,1,23.99,False
O001127,P0197,1,20.99,False
O001128,P0072,1,49.99,False
O001129,P0014,1,133.99,True
O001130,P0163,1,13.99,False
O001131,P0041,1,181.99,False
O001132,P0065,1,33.99,False
O001133,P0093,2,37.99,False
O001133,P0231,2,10.99,False
O001133,P0161,1,14.99,True
O001134,P0155,1,81.99,False
O001135,P0051,1,45.99,False
O001136,P0013,1,353.99,False
O001136,P0076,1,21.99,False
O001137,P0041,2,181.99,False
O001137,P0077,1,32.99,False
O001138,P0013,1,353.99,False
O001138,P0177,1,66.99,False
O001139,P0081,1,16.99,False
O001139,P0045,2,55.99,True
O001140,P0100,1,30.99,False
O001141,P0031,1,372.99,False
O001142,P0010,1,109.99,False
O001142,P0197,1,20.99,False
O001143,P0183,1,61.99,False
O001143,P0057,1,80.99,False
O001144,P0038,1,67.99,False
O001144,P0084,1,16.99,False
O001145,P0090,2,28.99,False
O001145,P0203,1,48.99,False
O001145,P0234,2,60.99,False
O001146,P0084,1,16.99,False
O001147,P0150,1,16.99,False
O001148,P0012,1,321.99,False
O001148,P0219,1,10.99,False
O001149,P0146,1,36.99,False
O001150,P0215,2,55.99,True
O001151,P0189,1,46.99,False
O001151,P0061,1,105.99,False
O001152,P0266,1,85.99,False
O001153,P0246,1,46.99,False
O001154,P0070,1,,False
O001155,P0297,1,11.99,False
O001156,P0192,1,30.99,False
O001156,P0246,1,46.99,False
O001157,P0261,1,147.99,False
O001158,P0026,2,65.99,False
O001158,P0212,2,20.99,False
O001159,P0137,1,31.99,False
O001160,P0287,1,14.99,False
O001160,P0164,1,83.99,False
O001160,P0052,1,410.99,False
O001161,P0244,1,26.99,False
O001161,P0073,2,53.99,False
O001161,P0269,1,219.99,False
O001162,P0086,1,133.99,False
O001162,P0041,1,181.99,False
O001162,P0177,1,66.99,False
O001163,P0206,1,35.99,False
O001163,P0021,1,77.99,False
O001164,P0020,1,102.99,False
O001164,P0023,2,313.99,False
O001165,P0055,1,30.99,False
O001165,P0034,1,423.99,False
O001166,P0123,1,84.99,True
O001167,P0168,1,50.99,False
O001168,P0121,1,53.99,False
O001169,P0141,1,59.99,True
O001169,P0295,1,13.99,False
O001170,P0246,1,46.99,True
O001171,P0215,2,55.99,False
O001172,P0152,1,24.99,True
O001173,P0132,1,51.99,False
O001173,P0029,1,57.99,False
O001173,P0021,1,77.99,False
O001173,P0005,1,158.99,False
O001174,P0261,1,147.99,False
O001174,P0291,1,8.99,False
O001175,P0027,1,349.99,False
O001175,P0300,2,28.99,False
O001176,P0137,1,31.99,False
O001177,P0156,1,116.99,True
O001178,P0028,1,284.99,False
O001179,P0221,2,13.99,False
O001179,P0167,1,40.99,False
O001180,P0024,1,141.99,True
O001181,P0091,1,37.99,False
O001182,P0258,1,60.99,False
O001183,P0038,1,67.99,False
O001183,P0200,1,30.99,False
O001184,P0300,1,28.99,False
O001185,P0289,2,25.99,False
O001186,P0279,1,37.99,False
O001187,P0170,1,23.99,False
O001187,P0100,1,30.99,False
O001188,P0081,2,16.99,False
O001189,P0010,2,,False
O001190,P0060,1,100.99,False
O001191,P0167,1,40.99,False
O001192,P0149,1,11.99,False
O001193,P0280,1,12.99,False
O001194,P0066,1,88.99,False
O001194,P0064,1,58.99,False
O001195,P0051,1,45.99,False
O001196,P0074,2,148.99,False
O001197,P0077,1,32.99,False
O001198,P0182,1,12.99,False
O001199,P0205,1,48.99,False
O001200,P0109,1,43.99,False
O001201,P0215,1,55.99,False
O001201,P0204,1,37.99,False
O001202,P0274,1,153.99,True
O001202,P0056,1,154.99,False
O001203,P0071,1,171.99,False
O001203,P0261,1,147.99,False
O001204,P0205,1,48.99,False
O001205,P0143,2,50.99,False
O001206,P0073,1,53.99,False
O001206,P0113,1,77.99,False
O001207,P0198,1,14.99,False
O001208,P0037,1,111.99,False
O001209,P0176,1,115.99,False
O001209,P0248,1,224.99,False
O001210,P0130,1,60.99,False
O001211,P0055,1,30.99,False
O001211,P0240,1,76.99,False
O001212,P0233,1,78.99,False
O001212,P0053,1,200.99,False
O001213,P0017,1,166.99,False
O001214,P0200,1,30.99,False
O001215,P0226,1,49.99,False
O001215,P0157,1,29.99,False
O001215,P0181,1,100.99,False
O001216,P0119,1,186.99,False
O001217,P0090,1,28.99,False
O001218,P0052,2,410.99,False
O001219,P0293,1,43.99,False
O001219,P0212,1,20.99,False
O001219,P0062,2,111.99,False
O001220,P0072,1,49.99,False
O001220,P0063,1,20.99,False
O001221,P0151,1,27.99,False
O001222,P0123,1,84.99,False
O001223,P0224,2,65.99,False
O001223,P0126,1,66.99,False
O001224,P0155,1,81.99,True
O001224,P0145,1,39.99,False
O001225,P0084,1,16.99,False
O001226,P0003,1,461.99,False
O001227,P0200,1,30.99,False
O001228,P0140,1,19.99,False
O001229,P0052,1,410.99,False
O001230,P0136,1,15.99,False
O001231,P0079,1,78.99,False
O001232,P0225,1,76.99,False
O001233,P0118,1,97.99,False
O001233,P0082,1,74.99,False
O001234,P0031,1,372.99,False
O001234,P0278,1,9.99,False
O001235,P0300,1,,False
O001235,P0219,1,10.99,False
O001235,P0260,1,20.99,False
O001236,P0163,1,13.99,False
O001237,P0233,1,78.99,False
O001238,P0264,1,188.99,False
O001239,P0028,1,284.99,False
O001239,P0178,1,71.99,True
O001240,P0262,1,284.99,False
O001240,P0023,1,313.99,False
O001241,P0036,1,145.99,False
O001242,P0173,1,95.99,False
O001242,P0137,1,31.99,False
O001243,P0158,1,34.99,False
O001244,P0007,2,120.99,False
O001245,P0255,1,116.99,False
O001246,P0149,1,11.99,False
O001246,P0157,1,29.99,False
O001247,P0109,1,43.99,False
O001248,P0008,1,72.99,False
O001248,P0300,2,28.99,False
O001249,P0123,2,84.99,True
O001250,P0169,1,18.99,False
O001251,P0042,2,174.99,False
O001252,P0191,1,62.99,True
O001253,P0100,1,30.99,False
O001254,P0020,2,102.99,False
O001255,P0222,1,7.99,False
O001256,P0264,1,188.99,False
O001256,P0297,1,11.99,False
O001257,P0160,1,36.99,False
O001258,P0005,1,158.99,False
O001258,P0158,1,34.99,False
O001259,P0023,1,313.99,False
O001260,P0213,1,57.99,False
O001260,P0152,1,24.99,False
O001261,P0004,1,715.99,False
O001262,P0252,1,85.99,True
O001262,P0297,1,11.99,True
O001263,P0023,1,313.99,False
O001263,P0120,1,132.99,False
O001264,P0148,1,17.99,False
O001265,P0257,1,34.99,False
O001266,P0161,1,14.99,False
O001266,P0022,1,47.99,False
O001266,P0237,2,31.99,False
O001266,P0024,1,141.99,False
O001267,P0211,1,39.99,False
O001267,P0094,1,143.99,False
O001268,P0247,1,133.99,False
O001269,P0044,2,650.99,False
O001269,P0196,1,22.99,False
O001270,P0057,1,80.99,False
O001270,P0036,1,145.99,False
O001270,P0225,2,76.99,False
O001271,P0227,1,20.99,False
O001272,P0191,1,62.99,False
O001273,P0068,1,143.99,False
O001273,P0269,1,219.99,False
O001274,P0048,1,126.99,False
O001275,P0068,2,143.99,False
O001275,P0011,1,71.99,False
O001276,P0029,1,57.99,False
O001277,P0205,1,48.99,False
O001277,P0045,1,55.99,False
O001278,P0256,1,19.99,False
O001279,P0023,1,313.99,False
O001280,P0141,2,59.99,False
O001280,P0272,1,40.99,False
O001281,P0113,1,77.99,True
O001281,P0167,1,40.99,False
O001282,P0133,1,105.99,True
O001283,P0291,1,8.99,False
O001284,P0060,1,100.99,False
O001284,P0149,1,11.99,False
O001284,P0202,1,14.99,False
O001285,P0128,1,61.99,False
O001286,P0244,1,26.99,False
O001287,P0246,1,46.99,False
O001288,P0169,1,18.99,False
O001289,P0197,1,20.99,False
O001289,P0168,1,50.99,False
O001290,P0038,1,67.99,False
O001290,P0248,1,224.99,False
O001291,P0007,2,120.99,False
O001292,P0176,2,115.99,False
O001292,P0187,2,93.99,False
O001293,P0113,1,77.99,False
O001294,P0176,1,115.99,False
O001295,P0101,2,84.99,False
O001296,P0171,1,22.99,False
O001297,P0066,2,88.99,False
O001297,P0105,1,94.99,False
O001298,P0021,1,77.99,False
O001299,P0103,1,141.99,False
O001299,P0135,1,38.99,False
O001299,P0114,2,152.99,False
O001299,P0279,1,37.99,False
O001300,P0009,1,64.99,False
O001300,P0142,1,73.99,False
O001300,P0043,1,201.99,False
O001301,P0093,2,37.99,False
O001301,P0213,2,57.99,False
O001301,P0009,2,64.99,False
O001301,P0018,1,320.99,False
O001302,P0116,1,19.99,False
O001302,P0249,1,19.99,False
O001302,P0272,1,40.99,False
O001302,P0158,1,34.99,False
O001302,P0259,2,62.99,False
O001303,P0048,1,126.99,False
O001304,P0166,1,84.99,False
O001305,P0182,2,12.99,False
O001306,P0162,2,52.99,False
O001306,P0118,1,97.99,False
O001307,P0185,1,49.99,False
O001308,P0125,1,12.99,False
O001308,P0287,1,14.99,False
O001309,P0175,1,32.99,False
O001310,P0293,1,43.99,False
O001311,P0218,1,40.99,False
O001312,P0052,1,410.99,False
O001313,P0167,2,40.99,False
O001313,P0153,1,28.99,False
O001314,P0035,1,281.99,False
O001314,P0130,1,60.99,False
O001315,P0181,1,100.99,False
O001316,P0129,1,13.99,False
O001316,P0042,2,174.99,False
O001317,P0174,1,87.99,False
O001317,P0256,2,19.99,False
O001317,P0236,1,36.99,False
O001318,P0042,1,174.99,False
O001318,P0100,1,30.99,False
O001319,P0289,1,25.99,False
O001320,P0004,1,715.99,False
O001321,P0025,1,42.99,False
O001322,P0010,1,109.99,False
O001323,P0095,1,33.99,False
O001324,P0274,1,153.99,False
O001325,P0251,2,213.99,True
O001326,P0129,2,13.99,False
O001326,P0287,1,14.99,False
O001327,P0287,2,14.99,False
O001328,P0259,1,62.99,False
O001329,P0187,2,93.99,False
O001330,P0181,1,100.99,False
O001330,P0153,1,28.99,False
O001330,P0017,1,166.99,False
O001330,P0129,1,13.99,True
O001331,P0157,1,29.99,False
O001331,P0258,1,60.99,False
O001331,P0208,1,8.99,False
O001332,P0297,1,11.99,False
O001332,P0106,1,37.99,False
O001333,P0083,2,42.99,False
O001333,P0111,1,240.99,False
O001334,P0074,1,148.99,False
O001334,P0015,2,61.99,False
O001335,P0231,1,10.99,False
O001335,P0174,2,87.99,False
O001336,P0008,1,72.99,False
O001337,P0207,1,21.99,False
O001337,P0231,1,10.99,False
O001338,P0161,1,14.99,False
O001339,P0033,1,103.99,False
O001339,P0116,1,19.99,True
O001340,P0002,1,53.99,False
O001341,P0166,1,84.99,False
O001342,P0031,1,372.99,False
O001343,P0147,1,82.99,False
O001343,P0017,2,166.99,False
O001344,P0257,1,34.99,False
O001345,P0079,1,78.99,False
O001346,P0213,1,57.99,False
O001346,P0201,1,13.99,False
O001347,P0176,1,115.99,False
O001347,P0141,1,59.99,False
O001347,P0143,1,50.99,False
O001348,P0241,1,15.99,False
O001349,P0003,1,461.99,True
O001350,P0097,1,19.99,False
O001351,P0257,1,34.99,True
O001351,P0298,2,6.99,False
O001352,P0007,1,120.99,False
O001353,P0167,1,40.99,False
O001353,P0178,1,71.99,False
O001354,P0112,1,163.99,False
O001355,P0127,1,16.99,False
O001356,P0081,1,16.99,False
O001357,P0090,1,28.99,False
O001357,P0196,1,22.99,False
O001358,P0127,2,16.99,False
O001359,P0262,1,284.99,False
O001360,P0021,2,77.99,False
O001360,P0127,1,16.99,False
O001360,P0156,1,116.99,False
O001361,P0271,1,30.99,False
O001361,P0257,1,34.99,False
O001362,P0008,1,72.99,False
O001362,P0054,1,127.99,False
O001362,P0186,1,56.99,False
O001363,P0053,2,200.99,False
O001364,P0248,1,224.99,False
O001365,P0205,1,48.99,False
O001365,P0161,1,14.99,False
O001366,P0062,1,111.99,False
O001366,P0115,1,51.99,False
O001366,P0092,1,215.99,False
O001367,P0011,1,71.99,False
O001367,P0138,1,30.99,False
O001368,P0001,1,444.99,False
O001368,P0122,2,47.99,False
O001369,P0172,1,49.99,False
O001370,P0123,2,84.99,False
O001370,P0048,1,126.99,False
O001371,P0283,1,6.99,False
O001371,P0004,1,715.99,False
O001372,P0182,1,12.99,False
O001373,P0090,2,28.99,False
O001373,P0217,1,16.99,False
O001373,P0105,1,94.99,False
O001373,P0071,2,171.99,False
O001373,P0273,2,30.99,False
O001374,P0247,1,133.99,False
O001374,P0181,1,100.99,False
O001375,P0267,2,45.99,False
O001376,P0026,1,65.99,False
O001377,P0199,1,16.99,False
O001377,P0267,2,45.99,False
O001378,P0216,1,23.99,False
O001379,P0298,1,6.99,False
O001379,P0208,1,8.99,False
O001380,P0155,1,81.99,False
O001381,P0242,1,19.99,False
O001381,P0281,1,43.99,False
O001382,P0261,2,147.99,False
O001382,P0079,1,78.99,False
O001383,P0262,1,284.99,False
O001384,P0018,1,320.99,False
O001384,P0188,1,26.99,True
O001385,P0252,1,85.99,False
O001385,P0148,1,17.99,False
O001386,P0024,1,141.99,False
O001386,P0037,1,111.99,True
O001386,P0188,1,26.99,False
O001387,P0186,1,56.99,False
O001388,P0138,1,30.99,True
O001388,P0288,1,12.99,False
O001389,P0147,2,82.99,False
O001390,P0091,2,37.99,False
O001391,P0062,1,111.99,False
O001392,P0288,1,12.99,False
O001392,P0245,1,27.99,False
O001393,P0286,2,43.99,False
O001394,P0161,1,14.99,False
O001395,P0018,1,320.99,False
O001395,P0095,2,33.99,False
O001396,P0270,1,25.99,False
O001396,P0053,1,200.99,False
O001397,P0277,1,40.99,False
O001398,P0123,2,84.99,False
O001399,P0228,1,17.99,False
O001400,P0269,2,219.99,False
O001401,P0100,1,30.99,False
O001402,P0065,1,33.99,False
O001402,P0009,1,64.99,False
O001403,P0099,1,79.99,False
O001404,P0207,1,21.99,False
O001405,P0235,1,14.99,False
O001405,P0049,1,106.99,False
O001406,P0174,1,87.99,False
O001406,P0124,1,70.99,False
O001407,P0231,2,10.99,False
O001408,P0078,2,17.99,False
O001409,P0231,1,10.99,False
O001410,P0084,1,16.99,False
O001411,P0156,1,116.99,False
O001411,P0271,1,30.99,False
O001411,P0284,1,26.99,False
O001412,P0187,1,93.99,False
O001413,P0193,1,79.99,False
O001413,P0001,1,444.99,False
O001413,P0257,1,34.99,False
O001414,P0161,1,14.99,False
O001414,P0001,2,444.99,False
O001415,P0156,1,116.99,False
O001415,P0282,1,7.99,False
O001415,P0259,1,62.99,False
O001415,P0040,1,179.99,False
O001416,P0071,1,171.99,False
O001416,P0088,1,54.99,False
O001417,P0194,1,65.99,False
O001418,P0285,1,38.99,False
O001418,P0133,2,105.99,False
O001419,P0280,1,12.99,False
O001420,P0010,1,109.99,False
O001420,P0084,2,16.99,False
O001421,P0065,1,33.99,False
O001422,P0245,2,27.99,False
O001422,P0292,1,14.99,False
O001423,P0268,1,27.99,False
O001423,P0109,1,43.99,False
O001424,P0164,1,83.99,True
O001425,P0230,1,61.99,False
O001425,P0217,1,16.99,False
O001426,P0031,2,372.99,False
O001427,P0210,1,9.99,False
O001427,P0288,1,12.99,False
O001428,P0112,2,163.99,False
O001428,P0056,1,154.99,False
O001429,P0265,1,24.99,False
O001430,P0134,1,53.99,False
O001430,P0173,1,95.99,False
O001431,P0275,2,72.99,False
O001432,P0153,1,28.99,True
O001432,P0133,1,105.99,False
O001432,P0081,1,16.99,False
O001433,P0011,1,71.99,False
O001433,P0094,1,143.99,False
O001434,P0215,1,55.99,False
O001434,P0008,1,72.99,False
O001435,P0300,2,28.99,False
O001436,P0104,1,20.99,False
O001437,P0266,1,85.99,False
O001437,P0193,1,79.99,False
O001437,P0268,1,27.99,False
O001437,P0045,2,55.99,False
O001437,P0165,1,84.99,False
O001438,P0249,1,19.99,False
O001438,P0299,1,22.99,False
O001438,P0124,1,70.99,True
O001439,P0177,1,66.99,False
O001440,P0232,1,77.99,False
O001441,P0205,1,48.99,False
O001442,P0012,1,321.99,False
O001442,P0221,1,13.99,False
O001443,P0078,2,17.99,False
O001443,P0052,1,410.99,False
O001443,P0089,1,31.99,False
O001444,P0166,1,84.99,False
O001445,P0258,1,60.99,False
O001446,P0284,1,26.99,False
O001446,P0160,1,36.99,False
O001447,P0043,2,201.99,False
O001447,P0111,1,240.99,False
O001448,P0151,1,27.99,False
O001449,P0243,1,115.99,False
O001450,P0064,1,58.99,False
O001451,P0010,1,109.99,False
O001452,P0254,1,48.99,False
O001453,P0093,1,37.99,False
O001454,P0162,2,52.99,False
O001454,P0276,1,21.99,False
O001455,P0103,2,141.99,False
O001456,P0299,1,22.99,False
O001456,P0206,1,35.99,False
O001457,P0108,1,22.99,False
O001458,P0072,1,49.99,False
O001458,P0231,1,10.99,False
O001459,P0263,1,22.99,False
O001460,P0238,1,32.99,False
O001461,P0282,1,7.99,False
O001462,P0273,1,30.99,False
O001463,P0063,1,20.99,False
O001464,P0178,1,71.99,False
O001464,P0267,1,45.99,False
O001465,P0111,2,240.99,False
O001465,P0258,1,60.99,False
O001466,P0275,1,72.99,False
O001467,P0296,1,36.99,False
O001467,P0133,2,105.99,False
O001468,P0088,1,54.99,False
O001469,P0280,2,12.99,False
O001470,P0180,1,14.99,False
O001470,P0277,1,40.99,False
O001471,P0129,1,13.99,False
O001471,P0021,1,77.99,False
O001472,P0073,2,53.99,False
O001473,P0216,1,23.99,False
O001474,P0179,1,34.99,False
O001475,P0086,1,133.99,False
O001476,P0156,1,116.99,False
O001477,P0038,1,67.99,False
O001478,P0278,1,9.99,False
O001479,P0138,1,30.99,False
O001480,P0124,1,70.99,False
O001480,P0207,1,21.99,False
O001480,P0120,1,132.99,True
O001481,P0231,1,10.99,False
O001481,P0131,1,17.99,False
O001482,P0230,1,61.99,False
O001482,P0197,2,20.99,False
O001483,P0017,1,166.99,True
O001484,P0017,1,166.99,False
O001484,P0197,2,20.99,False
O001485,P0175,1,32.99,True
O001486,P0200,1,30.99,False
O001487,P0004,1,715.99,False
O001488,P0163,2,13.99,False
O001488,P0166,1,84.99,False
O001488,P0066,1,88.99,False
O001489,P0159,1,96.99,False
O001490,P0227,1,20.99,False
O001491,P0150,1,16.99,True
O001492,P0063,1,20.99,False
O001493,P0151,1,27.99,True
O001494,P0233,1,78.99,False
O001494,P0162,1,52.99,False
O001494,P0091,1,37.99,False
O001495,P0115,1,51.99,True
O001495,P0163,2,13.99,False
O001496,P0036,1,145.99,False
O001497,P0205,1,48.99,False
O001498,P0098,1,21.99,False
O001498,P0193,1,79.99,False
O001499,P0065,1,33.99,False
O001499,P0013,2,353.99,False
O001500,P0150,1,16.99,False
O001501,P0086,1,133.99,False
O001501,P0045,1,55.99,False
O001502,P0041,1,181.99,False
O001503,P0121,1,53.99,False
O001504,P0007,1,120.99,False
O001505,P0161,2,14.99,False
O001506,P0033,1,103.99,False
O001507,P0270,1,25.99,False
O001507,P0272,2,40.99,False
O001508,P0023,1,313.99,False
O001509,P0116,1,19.99,False
O001510,P0074,1,148.99,False
O001511,P0248,1,224.99,False
O001511,P0022,1,47.99,False
O001511,P0064,1,58.99,False
O001512,P0023,1,313.99,False
O001513,P0250,1,281.99,False
O001514,P0095,1,33.99,False
O001514,P0149,1,11.99,False
O001515,P0131,1,17.99,False
O001516,P0168,2,50.99,True
O001517,P0204,1,37.99,False
O001517,P0159,1,96.99,False
O001518,P0129,1,13.99,False
O001519,P0015,2,61.99,False
O001520,P0243,1,115.99,True
O001520,P0181,1,100.99,False
O001520,P0069,1,15.99,False
O001520,P0161,1,14.99,False
O001521,P0198,1,14.99,False
O001522,P0193,1,79.99,False
O001522,P0066,2,88.99,False
O001523,P0091,1,37.99,False
O001524,P0101,1,84.99,False
O001524,P0159,1,96.99,True
O001525,P0167,2,40.99,False
O001525,P0038,1,67.99,False
O001526,P0229,1,41.99,True
O001526,P0202,2,14.99,True
O001526,P0262,1,284.99,False
O001527,P0155,1,81.99,False
O001528,P0268,1,27.99,False
O001528,P0300,1,28.99,False
O001528,P0195,1,18.99,False
O001529,P0281,1,43.99,False
O001530,P0014,1,133.99,False
O001531,P0034,1,423.99,False
O001532,P0265,1,24.99,False
O001532,P0139,1,24.99,False
O001532,P0102,1,55.99,False
O001532,P0254,1,48.99,False
O001533,P0260,1,20.99,False
O001534,P0117,1,32.99,False
O001534,P0111,1,240.99,False
O001535,P0272,1,40.99,False
O001536,P0062,2,111.99,True
O001537,P0162,1,52.99,False
O001537,P0210,1,9.99,False
O001538,P0005,1,158.99,False
O001539,P0053,1,200.99,False
O001540,P0164,1,83.99,False
O001540,P0089,2,31.99,False
O001541,P0198,1,14.99,False
O001541,P0143,2,,False
O001542,P0120,1,132.99,False
O001542,P0086,1,133.99,False
O001543,P0133,1,105.99,False
O001544,P0210,1,9.99,False
O001545,P0081,1,16.99,False
O001545,P0055,1,30.99,True
O001545,P0194,2,65.99,False
O001546,P0071,1,171.99,False
O001546,P0245,2,27.99,False
O001547,P0034,1,423.99,False
O001548,P0060,2,100.99,False
O001549,P0288,1,12.99,False
O001550,P0107,1,31.99,False
O001551,P0194,1,65.99,False
O001552,P0276,2,21.99,False
O001552,P0040,2,179.99,False
O001553,P0162,1,52.99,False
O001553,P0234,2,60.99,False
O001553,P0148,1,17.99,False
O001554,P0225,1,76.99,False
O001555,P0128,1,61.99,False
O001556,P0260,2,20.99,False
O001557,P0015,1,61.99,False
O001557,P0179,1,34.99,False
O001557,P0217,1,16.99,False
O001558,P0155,1,81.99,False
O001558,P0285,1,38.99,False
O001559,P0286,2,43.99,False
O001559,P0074,1,148.99,False
O001559,P0014,1,133.99,False
O001560,P0083,1,42.99,False
O001561,P0138,1,30.99,False
O001561,P0179,1,34.99,False
O001562,P0272,1,40.99,False
O001562,P0072,1,49.99,False
O001563,P0153,1,28.99,False
O001564,P0202,1,14.99,False
O001565,P0013,1,353.99,False
O001566,P0211,1,39.99,False
O001566,P0170,1,23.99,False
O001566,P0051,1,45.99,False
O001567,P0024,2,141.99,False
O001567,P0178,1,71.99,False
O001568,P0048,1,126.99,False
O001568,P0027,1,349.99,True
O001569,P0193,1,79.99,False
O001570,P0143,1,50.99,False
O001570,P0108,1,22.99,False
O001571,P0250,1,281.99,False
O001572,P0276,1,21.99,False
O001573,P0168,1,50.99,True
O001574,P0110,1,134.99,False
O001575,P0079,1,78.99,False
O001576,P0033,1,103.99,False
O001577,P0227,1,20.99,False
O001578,P0093,1,37.99,False
O001579,P0240,1,76.99,False
O001580,P0271,1,30.99,False
O001580,P0105,1,94.99,False
O001580,P0002,1,53.99,False
O001580,P0290,1,15.99,False
O001581,P0002,1,53.99,False
O001582,P0112,1,163.99,False
O001583,P0135,1,38.99,False
O001583,P0059,1,21.99,False
O001583,P0155,1,81.99,False
O001583,P0278,1,9.99,False
O001583,P0160,1,36.99,False
O001584,P0141,1,59.99,True
O001584,P0159,1,96.99,False
O001585,P0064,1,58.99,False
O001585,P0270,1,25.99,False
O001586,P0199,1,16.99,False
O001587,P0091,1,37.99,False
O001587,P0201,1,13.99,False
O001588,P0132,2,51.99,False
O001589,P0257,1,34.99,False
O001590,P0171,1,22.99,False
O001591,P0073,2,53.99,False
O001591,P0041,1,181.99,False
O001592,P0180,1,14.99,False
O001592,P0278,1,9.99,False
O001593,P0040,1,179.99,False
O001594,P0146,1,36.99,False
O001595,P0296,1,36.99,False
O001596,P0148,1,17.99,True
O001597,P0244,1,26.99,False
O001597,P0272,1,40.99,False
O001598,P0279,1,37.99,False
O001599,P0070,1,28.99,False
O001599,P0097,1,19.99,False
O001600,P0126,1,66.99,True
O001601,P0137,1,31.99,False
O001602,P0183,3,61.99,False
O001602,P0259,1,62.99,False
O001603,P0122,1,47.99,False
O001603,P0281,1,43.99,False
O001604,P0086,1,133.99,False
O001604,P0128,1,61.99,False
O001605,P0070,1,28.99,False
O001605,P0250,1,281.99,False
O001606,P0089,1,31.99,False
O001607,P0243,1,115.99,False
O001608,P0002,2,53.99,False
O001609,P0207,1,21.99,False
O001610,P0037,1,111.99,False
O001611,P0188,1,26.99,False
O001611,P0204,2,37.99,False
O001612,P0199,1,16.99,False
O001613,P0095,1,33.99,False
O001614,P0251,3,213.99,False
O001614,P0244,2,26.99,False
O001614,P0271,1,30.99,False
O001615,P0231,1,10.99,False
O001615,P0101,1,84.99,False
O001616,P0142,1,73.99,False
O001617,P0122,1,47.99,False
O001618,P0068,2,143.99,True
O001619,P0250,1,281.99,True
O001619,P0170,1,23.99,False
O001620,P0217,1,16.99,False
O001620,P0273,1,30.99,False
O001621,P0070,1,28.99,False
O001621,P0260,2,20.99,False
O001622,P0116,1,19.99,False
O001623,P0037,2,111.99,False
O001624,P0012,2,321.99,False
O001625,P0155,1,81.99,False
O001626,P0209,1,22.99,False
O001626,P0147,2,82.99,True
O001627,P0195,1,18.99,True
O001628,P0254,1,48.99,False
O001629,P0065,1,33.99,False
O001629,P0229,1,41.99,False
O001629,P0187,1,93.99,True
O001630,P0133,1,105.99,False
O001631,P0199,2,16.99,False
O001631,P0133,1,105.99,False
O001631,P0028,1,284.99,False
O001631,P0178,2,71.99,False
O001632,P0163,1,13.99,False
O001633,P0016,2,316.99,True
O001634,P0039,1,117.99,False
O001635,P0150,1,16.99,False
O001636,P0053,1,200.99,False
O001637,P0241,1,15.99,False
O001637,P0272,1,40.99,False
O001638,P0101,1,84.99,False
O001638,P0174,1,87.99,False
O001638,P0297,1,11.99,False
O001639,P0160,1,36.99,False
O001639,P0013,2,353.99,False
O001639,P0293,1,43.99,False
O001640,P0161,1,14.99,False
O001641,P0149,1,11.99,True
O001642,P0252,1,85.99,False
O001643,P0258,1,60.99,False
O001644,P0297,1,11.99,False
O001645,P0288,1,12.99,False
O001646,P0175,1,32.99,False
O001646,P0275,1,72.99,False
O001647,P0177,1,66.99,False
O001647,P0122,1,47.99,False
O001648,P0264,1,188.99,False
O001648,P0119,1,186.99,False
O001649,P0240,1,76.99,False
O001650,P0282,2,7.99,False
O001651,P0045,1,55.99,False
O001651,P0250,1,281.99,False
O001651,P0211,1,39.99,False
O001652,P0085,1,160.99,False
O001653,P0039,1,117.99,False
O001653,P0110,2,134.99,False
O001654,P0008,2,72.99,False
O001654,P0155,2,81.99,False
O001655,P0239,1,37.99,False
O001656,P0115,1,51.99,False
O001657,P0167,1,40.99,False
O001658,P0264,2,188.99,False
O001658,P0095,2,33.99,False
O001659,P0109,2,43.99,False
O001660,P0070,1,28.99,False
O001660,P0199,1,16.99,False
O001660,P0044,1,650.99,False
O001661,P0183,1,61.99,False
O001661,P0178,1,71.99,False
O001662,P0188,2,26.99,False
O001663,P0225,1,76.99,False
O001663,P0133,1,105.99,False
O001664,P0049,1,106.99,True
O001664,P0061,2,105.99,False
O001665,P0185,1,49.99,False
O001666,P0066,1,88.99,False
O001666,P0159,1,96.99,False
O001666,P0252,1,85.99,False
O001667,P0291,1,8.99,False
O001667,P0192,2,30.99,False
O001668,P0005,1,158.99,False
O001669,P0194,1,65.99,False
O001670,P0295,2,13.99,False
O001670,P0265,1,24.99,False
O001671,P0150,1,16.99,False
O001672,P0244,1,26.99,False
O001673,P0241,2,15.99,False
O001674,P0054,1,127.99,False
O001675,P0053,1,200.99,False
O001676,P0242,1,19.99,False
O001677,P0216,1,23.99,False
O001678,P0209,1,22.99,False
O001679,P0048,1,126.99,True
O001679,P0173,1,95.99,True
O001679,P0222,1,7.99,False
O001680,P0061,1,105.99,False
O001681,P0115,1,51.99,False
O001682,P0014,1,133.99,False
O001683,P0077,1,32.99,True
O001684,P0206,1,35.99,False
O001684,P0264,1,188.99,False
O001685,P0142,2,73.99,False
O001686,P0182,1,12.99,False
O001687,P0282,1,7.99,False
O001687,P0034,1,423.99,False
O001688,P0140,1,19.99,False
O001689,P0108,2,22.99,False
O001689,P0059,1,21.99,False
O001689,P0069,1,15.99,True
O001690,P0192,1,30.99,False
O001691,P0046,2,384.99,False
O001692,P0185,1,49.99,True
O001692,P0201,1,13.99,False
O001692,P0089,1,31.99,False
O001692,P0223,1,11.99,False
O001693,P0131,1,17.99,True
O001693,P0029,1,57.99,False
O001693,P0017,1,166.99,False
O001694,P0047,1,692.99,False
O001695,P0279,1,37.99,False
O001696,P0012,1,321.99,False
O001697,P0155,1,81.99,False
O001698,P0196,1,22.99,False
O001699,P0142,2,73.99,False
O001700,P0150,2,16.99,False
O001701,P0174,1,87.99,False
O001702,P0261,1,147.99,False
O001703,P0006,1,525.99,False
O001704,P0162,1,52.99,True
O001704,P0110,1,134.99,False
O001704,P0190,1,17.99,True
O001705,P0171,1,22.99,True
O001705,P0239,2,37.99,False
O001706,P0191,1,62.99,False
O001707,P0250,1,281.99,False
O001708,P0260,1,20.99,False
O001709,P0040,1,179.99,False
O001710,P0040,1,179.99,False
O001711,P0293,1,43.99,False
O001711,P0169,2,18.99,False
O001711,P0011,1,71.99,False
O001711,P0140,1,19.99,False
O001712,P0014,1,133.99,False
O001713,P0013,1,353.99,False
O001714,P0056,2,154.99,False
O001715,P0063,1,20.99,False
O001716,P0074,1,148.99,False
O001717,P0194,1,65.99,False
O001718,P0107,1,31.99,False
O001719,P0109,1,43.99,False
O001719,P0165,2,84.99,False
O001720,P0293,1,43.99,False
O001721,P0131,1,17.99,False
O001722,P0161,1,14.99,False
O001722,P0211,1,39.99,False
O001723,P0118,1,97.99,False
O001723,P0050,1,88.99,False
O001724,P0267,1,45.99,False
O001725,P0046,1,384.99,False
O001726,P0054,1,127.99,False
O001727,P0022,1,47.99,False
O001727,P0182,2,12.99,False
O001728,P0056,1,154.99,False
O001728,P0230,1,61.99,False
O001729,P0141,1,59.99,False
O001729,P0287,1,14.99,False
O001730,P0184,1,75.99,False
O001731,P0172,1,49.99,False
O001732,P0053,1,200.99,False
O001733,P0081,1,16.99,False
O001734,P0039,1,117.99,False
O001735,P0031,1,372.99,False
O001735,P0240,1,76.99,False
O001736,P0212,1,20.99,False
O001737,P0084,1,16.99,False
O001738,P0246,1,46.99,False
O001738,P0031,1,372.99,False
O001739,P0282,2,7.99,False
O001739,P0014,1,133.99,False
O001739,P0202,2,14.99,False
O001740,P0291,2,8.99,False
O001740,P0227,1,20.99,False
O001741,P0068,1,143.99,False
O001742,P0026,2,65.99,False
O001742,P0171,1,22.99,False
O001743,P0038,2,67.99,False
O001743,P0215,1,55.99,False
O001744,P0258,1,60.99,False
O001745,P0002,2,53.99,False
O001745,P0131,2,17.99,False
O001745,P0141,1,59.99,False
O001746,P0227,1,20.99,False
O001746,P0172,2,49.99,False
O001747,P0004,1,715.99,False
O001748,P0122,1,47.99,False
O001748,P0251,2,213.99,False
O001748,P0150,2,16.99,False
O001749,P0245,1,27.99,False
O001749,P0290,2,15.99,False
O001750,P0227,1,20.99,False
O001751,P0208,1,8.99,False
O001752,P0091,1,37.99,False
O001753,P0204,1,37.99,False
O001754,P0266,2,85.99,False
O001754,P0143,1,50.99,False
O001755,P0169,1,18.99,False
O001755,P0120,1,132.99,False
O001755,P0039,1,117.99,True
O001755,P0074,1,148.99,False
O001756,P0150,1,16.99,False
O001757,P0220,1,8.99,True
O001758,P0011,1,71.99,False
O001758,P0094,1,143.99,False
O001759,P0152,1,24.99,False
O001760,P0185,1,49.99,False
O001760,P0042,1,174.99,True
O001760,P0287,1,14.99,False
O001761,P0173,1,95.99,False
O001761,P0055,1,30.99,False
O001761,P0164,1,83.99,False
O001762,P0049,1,106.99,True
O001763,P0116,1,19.99,False
O001764,P0279,1,37.99,False
O001765,P0020,1,102.99,False
O001766,P0261,1,147.99,False
O001767,P0147,2,82.99,False
O001768,P0002,2,53.99,False
O001768,P0073,1,53.99,False
O001769,P0105,1,94.99,False
O001770,P0176,1,115.99,False
O001771,P0038,1,67.99,False
O001771,P0093,1,37.99,False
O001772,P0126,1,66.99,False
O001772,P0113,1,77.99,False
O001772,P0124,2,70.99,False
O001773,P0190,1,17.99,False
O001774,P0250,1,281.99,False
O001774,P0147,1,82.99,True
O001774,P0240,1,76.99,False
O001775,P0023,1,313.99,False
O001776,P0279,2,37.99,False
O001777,P0281,1,43.99,False
O001777,P0294,-1,39.99,False
O001777,P0046,1,384.99,False
O001778,P0172,1,49.99,False
O001779,P0256,1,19.99,False
O001780,P0048,1,126.99,False
O001780,P0163,1,13.99,False
O001781,P0219,1,10.99,False
O001782,P0087,1,21.99,False
O001783,P0240,1,76.99,False
O001784,P0083,1,42.99,False
O001785,P0060,2,100.99,False
O001786,P0130,1,60.99,False
O001787,P0068,1,143.99,False
O001788,P0126,1,66.99,False
O001789,P0287,1,14.99,False
O001790,P0271,1,30.99,False
O001791,P0054,1,127.99,False
O001791,P0091,1,37.99,False
O001792,P0053,1,200.99,False
O001793,P0184,1,75.99,False
O001794,P0293,1,43.99,False
O001795,P0198,1,14.99,False
O001796,P0281,1,43.99,False
O001797,P0130,2,60.99,False
O001798,P0267,1,45.99,False
O001799,P0294,1,39.99,False
O001799,P0182,1,12.99,True
O001800,P0167,1,40.99,False
O001800,P0019,1,432.99,False
O001801,P0126,2,66.99,True
O001802,P0194,2,65.99,False
O001802,P0043,1,201.99,False
O001802,P0107,1,31.99,False
O001803,P0136,2,15.99,False
O001804,P0108,1,22.99,False
O001804,P0114,1,152.99,False
O001805,P0081,1,16.99,False
O001806,P0235,1,14.99,False
O001806,P0067,1,48.99,False
O001807,P0143,1,50.99,False
O001808,P0155,1,81.99,False
O001808,P0076,1,21.99,False
O001809,P0220,1,8.99,False
O001810,P0194,1,65.99,False
O001811,P0252,1,85.99,False
O001811,P0220,1,8.99,False
O001812,P0123,2,84.99,False
O001812,P0244,1,26.99,False
O001813,P0191,1,62.99,False
O001813,P0188,1,26.99,False
O001814,P0289,2,25.99,False
O001815,P0283,1,6.99,False
O001815,P0241,1,15.99,False
O001816,P0097,1,19.99,False
O001817,P0139,1,24.99,False
O001818,P0152,2,24.99,False
O001819,P0075,2,79.99,False
O001820,P0164,1,83.99,True
O001820,P0213,1,57.99,False
O001821,P0232,1,77.99,False
O001821,P0147,1,82.99,False
O001822,P0256,1,19.99,False
O001823,P0130,3,60.99,False
O001824,P0206,1,35.99,False
O001824,P0249,1,19.99,False
O001825,P0006,1,525.99,False
O001826,P0186,2,56.99,True
O001826,P0149,1,11.99,False
O001827,P0078,2,17.99,False
O001828,P0196,2,22.99,False
O001829,P0120,1,132.99,False
O001830,P0138,1,30.99,False
O001831,P0065,1,33.99,False
O001832,P0266,1,85.99,False
O001832,P0153,2,28.99,False
O001832,P0012,1,321.99,False
O001833,P0098,2,21.99,True
O001833,P0197,1,20.99,False
O001833,P0083,1,42.99,False
O001834,P0032,1,664.99,False
O001835,P0143,1,50.99,False
O001836,P0067,1,48.99,True
O001836,P0134,1,53.99,False
O001837,P0164,1,83.99,False
O001838,P0152,1,24.99,False
O001838,P0063,2,20.99,False
O001839,P0006,1,525.99,True
O001839,P0166,1,84.99,False
O001840,P0169,1,18.99,False
O001841,P0129,1,13.99,False
O001842,P0298,1,6.99,False
O001843,P0256,1,19.99,False
O001843,P0157,1,29.99,True
O001844,P0227,1,20.99,False
O001845,P0121,1,53.99,False
O001845,P0144,1,91.99,False
O001846,P0217,2,16.99,True
O001847,P0134,1,53.99,True
O001847,P0240,1,76.99,True
O001848,P0068,1,143.99,False
O001849,P0153,1,28.99,False
O001850,P0192,1,30.99,False
O001851,P0201,1,13.99,False
O001852,P0065,1,33.99,False
O001852,P0142,1,73.99,False
O001853,P0131,1,17.99,False
O001853,P0038,1,67.99,False
O001853,P0104,1,20.99,False
O001854,P0137,1,31.99,False
O001854,P0201,1,13.99,False
O001855,P0159,2,96.99,False
O001856,P0212,2,20.99,False
O001856,P0070,1,28.99,False
O001857,P0196,2,22.99,False
O001857,P0108,1,22.99,False
O001858,P0039,1,117.99,False
O001858,P0110,1,134.99,False
O001859,P0244,1,26.99,False
O001859,P0252,1,85.99,False
O001860,P0252,1,85.99,False
O001861,P0069,1,15.99,False
O001861,P0220,1,8.99,False
O001862,P0058,1,133.99,False
O001863,P0059,2,21.99,False
O001863,P0195,2,18.99,False
O001864,P0006,1,525.99,False
O001864,P0163,1,13.99,False
O001865,P0089,1,31.99,False
O001865,P0263,1,22.99,False
O001866,P0285,1,38.99,False
O001867,P0009,1,64.99,False
O001867,P0100,1,30.99,False
O001867,P0100,1,30.99,False
O001868,P0209,1,22.99,False
O001869,P0070,1,28.99,False
O001870,P0074,1,148.99,False
O001871,P0271,1,30.99,False
O001872,P0134,1,53.99,False
O001873,P0296,1,36.99,False
O001874,P0251,1,213.99,False
O001874,P0158,1,34.99,False
O001874,P0013,1,353.99,False
O001874,P0127,1,16.99,False
O001875,P0223,1,11.99,False
O001875,P0251,1,213.99,False
O001876,P0060,2,100.99,False
O001877,P0069,1,15.99,False
O001878,P0098,1,21.99,False
O001878,P0259,1,62.99,False
O001879,P0030,1,91.99,False
O001880,P0036,1,145.99,True
O001880,P0119,1,186.99,False
O001881,P0140,1,19.99,False
O001881,P0259,1,62.99,False
O001882,P0296,1,36.99,False
O001883,P0205,1,48.99,False
O001884,P0004,1,715.99,False
O001884,P0085,1,160.99,False
O001884,P0214,1,16.99,False
O001885,P0275,1,72.99,False
O001885,P0280,1,12.99,False
O001886,P0170,1,23.99,False
O001887,P0259,1,62.99,False
O001887,P0248,2,224.99,False
O001888,P0278,1,9.99,False
O001888,P0029,1,57.99,False
O001889,P0045,1,55.99,False
O001889,P0281,1,43.99,False
O001889,P0019,1,432.99,False
O001890,P0147,2,82.99,False
O001890,P0160,1,36.99,True
O001891,P0208,1,8.99,False
O001891,P0222,1,7.99,False
O001892,P0055,1,30.99,False
O001893,P0118,1,97.99,False
O001894,P0038,2,67.99,False
O001894,P0118,1,97.99,False
O001895,P0137,1,31.99,False
O001896,P0047,1,692.99,False
O001897,P0126,1,66.99,False
O001898,P0045,1,55.99,False
O001898,P0037,1,111.99,False
O001899,P0062,1,111.99,False
O001899,P0139,1,24.99,False
O001900,P0092,1,215.99,False
O001901,P0001,1,444.99,False
O001902,P0001,1,444.99,False
O001902,P0029,1,57.99,False
O001903,P0073,1,53.99,False
O001903,P0189,1,46.99,False
O001904,P0059,1,21.99,False
O001905,P0011,1,71.99,False
O001905,P0264,1,188.99,False
O001906,P0253,1,246.99,True
O001907,P0166,1,84.99,False
O001908,P0074,1,148.99,False
O001909,P0137,1,31.99,False
O001910,P0083,1,42.99,False
O001911,P0029,2,57.99,False
O001912,P0207,1,21.99,False
O001913,P0103,1,141.99,False
O001914,P0115,1,51.99,True
O001915,P0100,1,30.99,False
O001916,P0140,2,19.99,False
O001917,P0186,1,56.99,True
O001917,P0143,1,50.99,False
O001918,P0215,1,55.99,False
O001918,P0103,1,141.99,False
O001919,P0143,1,50.99,False
O001920,P0056,1,154.99,False
O001920,P0226,1,49.99,False
O001920,P0009,1,64.99,False
O001921,P0131,2,17.99,False
O001922,P0056,1,154.99,False
O001922,P0147,1,82.99,False
O001922,P0082,1,74.99,False
O001922,P0252,1,85.99,False
O001923,P0186,1,56.99,False
O001923,P0061,1,105.99,False
O001924,P0146,2,36.99,False
O001925,P0139,1,24.99,False
O001925,P0158,1,34.99,False
O001926,P0106,2,37.99,False
O001927,P0205,1,48.99,False
O001927,P0174,1,87.99,False
O001928,P0175,2,32.99,False
O001929,P0095,1,33.99,False
O001930,P0134,1,53.99,False
O001931,P0057,1,80.99,False
O001932,P0134,2,53.99,False
O001932,P0283,1,6.99,False
O001933,P0150,1,16.99,False
O001934,P0256,1,19.99,False
O001934,P0118,1,97.99,False
O001934,P0163,1,13.99,False
O001935,P0110,1,134.99,False
O001936,P0082,1,74.99,False
O001937,P0121,1,53.99,False
O001937,P0241,1,15.99,True
O001938,P0026,2,65.99,False
O001939,P0101,2,84.99,False
O001940,P0048,1,126.99,True
O001941,P0136,1,15.99,False
O001941,P0080,1,61.99,False
O001941,P0206,1,35.99,False
O001942,P0100,1,30.99,False
O001943,P0114,1,152.99,False
O001944,P0284,1,26.99,False
O001945,P0184,1,75.99,False
O001946,P0254,1,48.99,False
O001946,P0297,1,11.99,False
O001946,P0141,2,59.99,False
O001946,P0026,2,65.99,False
O001947,P0100,1,30.99,False
O001948,P0124,1,70.99,False
O001949,P0011,1,71.99,False
O001949,P0113,1,77.99,False
O001950,P0166,1,84.99,False
O001951,P0036,2,145.99,False
O001952,P0095,1,33.99,False
O001952,P0297,2,11.99,False
O001953,P0134,1,53.99,True
O001953,P0113,1,77.99,False
O001954,P0042,2,174.99,False
O001955,P0043,1,201.99,False
O001956,P0060,1,100.99,False
O001956,P0079,1,78.99,False
O001957,P0127,2,16.99,False
O001957,P0127,1,16.99,False
O001957,P0052,2,410.99,True
O001958,P0005,1,158.99,False
O001959,P0019,2,432.99,False
O001960,P0124,1,70.99,False
O001960,P0223,1,11.99,False
O001961,P0236,1,36.99,False
O001962,P0232,1,77.99,True
O001962,P0119,1,186.99,False
O001963,P0075,1,79.99,False
O001963,P0122,2,47.99,False
O001964,P0042,2,174.99,False
O001965,P0206,1,35.99,False
O001965,P0008,1,72.99,False
O001965,P0107,1,31.99,False
O001966,P0293,1,43.99,True
O001966,P0227,1,20.99,False
O001967,P0132,2,51.99,False
O001968,P0277,1,40.99,False
O001968,P0142,1,73.99,False
O001969,P0138,1,30.99,False
O001969,P0272,1,40.99,False
O001970,P0013,1,353.99,False
O001970,P0229,1,41.99,False
O001971,P0082,1,74.99,False
O001972,P0125,1,12.99,True
O001973,P0259,2,62.99,False
O001973,P0269,1,219.99,False
O001974,P0018,1,320.99,False
O001974,P0209,1,22.99,False
O001974,P0276,1,21.99,False
O001975,P0218,1,40.99,True
O001976,P0161,1,14.99,False
O001977,P0065,2,33.99,False
O001978,P0070,1,28.99,False
O001979,P0077,1,32.99,False
O001980,P0131,1,17.99,False
O001980,P0101,2,84.99,True
O001981,P0279,1,37.99,False
O001981,P0062,1,111.99,False
O001982,P0161,2,14.99,False
O001983,P0095,1,33.99,False
O001984,P0222,1,7.99,False
O001984,P0228,2,17.99,False
O001984,P0115,1,51.99,False
O001984,P0218,2,40.99,False
O001985,P0200,2,30.99,False
O001985,P0116,1,19.99,True
O001986,P0134,1,53.99,False
O001986,P0036,1,145.99,False
O001987,P0277,2,40.99,False
O001987,P0171,1,22.99,False
O001988,P0139,1,24.99,False
O001989,P0099,3,79.99,False
O001989,P0264,2,188.99,False
O001990,P0011,1,71.99,False
O001991,P0119,1,186.99,False
O001992,P0039,1,117.99,False
O001992,P0061,1,105.99,False
O001993,P0217,1,16.99,False
O001994,P0134,2,53.99,True
O001995,P0297,1,11.99,True
O001996,P0244,1,26.99,False
O001997,P0291,1,8.99,False
O001998,P0106,2,37.99,False
O001999,P0175,1,32.99,False
O002000,P0040,1,179.99,False
O002001,P0022,1,47.99,False
O002002,P0103,1,141.99,False
O002003,P0260,1,20.99,False
O002003,P0119,1,186.99,False
O002004,P0013,2,353.99,False
O002005,P0081,1,16.99,False
O002006,P0260,1,20.99,False
O002007,P0089,1,31.99,False
O002008,P0059,1,21.99,False
O002009,P0095,2,33.99,False
O002009,P0114,1,152.99,False
O002010,P0065,1,33.99,False
O002011,P0218,1,40.99,False
O002012,P0072,1,49.99,False
O002013,P0096,1,168.99,False
O002014,P0261,1,147.99,False
O002014,P0083,1,42.99,False
O002015,P0072,1,49.99,False
O002015,P0273,1,30.99,False
O002016,P0096,1,168.99,False
O002017,P0129,1,13.99,False
O002018,P0286,1,43.99,False
O002019,P0080,2,61.99,False
O002019,P0295,1,13.99,False
O002020,P0041,1,181.99,False
O002020,P0079,1,78.99,False
O002021,P0267,1,45.99,False
O002022,P0081,1,16.99,False
O002022,P0120,3,132.99,False
O002023,P0092,1,215.99,False
O002024,P0074,2,148.99,False
O002025,P0129,1,13.99,True
O002026,P0214,1,16.99,False
O002027,P0287,1,14.99,False
O002028,P0111,1,240.99,False
O002029,P0187,1,93.99,False
O002030,P0180,1,14.99,False
O002031,P0099,1,79.99,False
O002032,P0137,1,31.99,False
O002032,P0135,1,38.99,False
O002033,P0033,1,103.99,True
O002034,P0014,1,133.99,False
O002035,P0235,1,14.99,False
O002036,P0290,1,15.99,False
O002037,P0285,1,38.99,False
O002037,P0226,1,49.99,False
O002037,P0126,1,66.99,False
O002038,P0164,1,83.99,False
O002038,P0107,1,31.99,False
O002039,P0045,1,55.99,False
O002040,P0204,1,37.99,False
O002041,P0218,1,40.99,False
O002042,P0105,1,94.99,False
O002043,P0279,1,37.99,False
O002044,P0235,2,14.99,False
O002044,P0231,1,10.99,False
O002044,P0231,1,10.99,False
O002045,P0153,1,28.99,False
O002045,P0274,1,153.99,False
O002046,P0050,1,88.99,False
O002047,P0070,1,28.99,False
O002047,P0148,1,17.99,False
O002048,P0033,1,103.99,False
O002049,P0269,1,219.99,False
O002050,P0281,1,43.99,False
O002050,P0281,1,43.99,False
O002051,P0072,1,49.99,False
O002051,P0183,1,61.99,False
O002052,P0284,1,26.99,False
O002053,P0108,1,22.99,False
O002054,P0258,1,60.99,False
O002055,P0174,1,87.99,False
O002056,P0017,2,166.99,False
O002057,P0214,1,16.99,False
O002058,P0048,1,126.99,False
O002059,P0244,1,26.99,False
O002059,P0267,1,45.99,False
O002059,P0018,1,320.99,False
O002060,P0024,1,141.99,False
O002060,P0093,2,37.99,False
O002061,P0073,1,53.99,False
O002062,P0146,1,36.99,False
O002063,P0043,2,201.99,False
O002063,P0155,1,81.99,True
O002063,P0287,1,14.99,False
O002064,P0035,2,281.99,True
O002065,P0137,2,31.99,False
O002065,P0218,1,40.99,False
O002066,P0097,1,19.99,False
O002067,P0162,1,52.99,False
O002068,P0249,2,19.99,False
O002069,P0275,1,72.99,False
O002070,P0017,1,166.99,False
O002071,P0107,1,31.99,False
O002071,P0271,1,30.99,False
O002072,P0005,1,158.99,False
O002072,P0067,1,48.99,False
O002073,P0102,2,55.99,False
O002074,P0201,1,13.99,False
O002075,P0142,1,73.99,True
O002076,P0151,1,27.99,False
O002077,P0061,1,105.99,False
O002078,P0128,1,61.99,True
O002078,P0065,2,33.99,False
O002079,P0178,1,71.99,True
O002079,P0192,2,30.99,False
O002079,P0176,1,115.99,False
O002079,P0051,1,45.99,False
O002080,P0049,1,106.99,False
O002080,P0212,1,20.99,False
O002081,P0108,1,22.99,False
O002082,P0271,1,30.99,False
O002083,P0159,1,96.99,True
O002083,P0264,2,188.99,False
O002083,P0294,1,39.99,False
O002084,P0160,1,36.99,False
O002085,P0155,1,81.99,False
O002086,P0098,1,21.99,False
O002086,P0134,1,53.99,False
O002087,P0179,1,34.99,False
O002087,P0183,1,61.99,False
O002088,P0278,1,9.99,False
O002089,P0066,1,88.99,False
O002090,P0190,1,17.99,False
O002090,P0229,1,41.99,False
O002091,P0264,1,188.99,False
O002091,P0024,2,141.99,False
O002091,P0141,3,59.99,False
O002092,P0051,1,45.99,False
O002093,P0036,1,145.99,False
O002093,P0040,1,179.99,False
O002094,P0029,2,57.99,False
O002095,P0243,1,115.99,False
O002096,P0227,2,20.99,False
O002096,P0125,2,12.99,False
O002097,P0264,1,188.99,False
O002098,P0025,1,42.99,False
O002099,P0091,1,37.99,False
O002100,P0166,1,84.99,False
O002100,P0210,1,9.99,False
O002101,P0179,1,34.99,False
O002102,P0138,1,30.99,False
O002103,P0208,1,8.99,False
O002104,P0123,1,84.99,False
O002104,P0298,1,6.99,False
O002105,P0070,1,28.99,False
O002106,P0268,1,27.99,False
O002106,P0086,2,133.99,True
O002107,P0073,1,53.99,False
O002108,P0230,2,61.99,False
O002108,P0286,1,,False
O002109,P0237,1,31.99,False
O002109,P0219,1,10.99,True
O002110,P0075,1,79.99,False
O002111,P0008,1,72.99,False
O002112,P0090,2,28.99,False
O002112,P0133,1,105.99,True
O002112,P0176,1,115.99,True
O002113,P0190,1,17.99,False
O002114,P0186,1,56.99,False
O002114,P0123,2,84.99,False
O002115,P0111,1,240.99,False
O002116,P0296,1,36.99,False
O002116,P0005,1,158.99,False
O002116,P0035,1,281.99,False
O002117,P0227,1,20.99,False
O002118,P0115,1,51.99,False
O002119,P0289,1,25.99,False
O002120,P0057,1,80.99,False
O002120,P0045,1,55.99,False
O002120,P0156,1,116.99,False
O002120,P0293,2,43.99,False
O002121,P0061,1,105.99,True
O002122,P0184,1,75.99,False
O002122,P0145,1,39.99,False
O002123,P0033,1,103.99,False
O002123,P0275,1,72.99,False
O002124,P0122,1,47.99,False
O002125,P0062,1,111.99,False
O002126,P0122,1,47.99,False
O002126,P0014,1,133.99,False
O002127,P0155,1,81.99,True
O002128,P0191,1,62.99,False
O002128,P0169,1,18.99,False
O002129,P0235,2,14.99,False
O002130,P0192,1,30.99,False
O002131,P0289,1,25.99,False
O002132,P0269,1,219.99,False
O002132,P0045,1,55.99,False
O002132,P0179,1,34.99,False
O002133,P0129,1,13.99,False
O002134,P0025,1,42.99,True
O002134,P0212,1,20.99,False
O002135,P0120,1,132.99,False
O002136,P0219,1,10.99,False
O002137,P0033,2,103.99,False
O002138,P0042,1,174.99,False
O002138,P0187,1,93.99,True
O002139,P0029,1,57.99,False
O002140,P0101,1,84.99,False
O002140,P0048,1,126.99,False
O002141,P0034,1,423.99,False
O002142,P0187,1,93.99,False
O002143,P0006,1,525.99,False
O002144,P0095,1,33.99,False
O002145,P0041,2,181.99,False
O002146,P0016,2,316.99,True
O002146,P0272,1,40.99,False
O002147,P0093,1,37.99,False
O002148,P0122,2,47.99,False
O002148,P0199,1,16.99,False
O002148,P0106,2,37.99,False
O002148,P0140,1,19.99,False
O002149,P0159,1,96.99,False
O002149,P0151,2,27.99,False
O002150,P0080,1,61.99,False
O002151,P0289,1,25.99,False
O002152,P0290,1,15.99,False
O002153,P0262,1,284.99,True
O002154,P0283,1,6.99,False
O002155,P0292,1,14.99,False
O002155,P0299,1,22.99,False
O002156,P0161,1,14.99,False
O002157,P0088,2,54.99,False
O002158,P0209,2,22.99,False
O002158,P0007,2,120.99,False
O002159,P0129,1,13.99,True
O002159,P0026,1,65.99,False
O002160,P0243,2,115.99,False
O002160,P0078,1,17.99,False
O002161,P0091,1,37.99,False
O002161,P0296,1,36.99,False
O002162,P0155,1,81.99,False
O002162,P0134,1,53.99,False
O002162,P0239,1,37.99,True
O002163,P0215,1,55.99,False
O002164,P0154,2,39.99,False
O002165,P0067,1,48.99,True
O002166,P0099,2,79.99,False
O002167,P0219,1,10.99,False
O002168,P0264,1,188.99,False
O002169,P0261,1,147.99,False
O002170,P0255,1,116.99,False
O002171,P0281,1,43.99,False
O002172,P0213,2,57.99,False
O002173,P0281,1,43.99,False
O002173,P0136,1,15.99,True
O002174,P0104,1,20.99,False
O002175,P0006,1,525.99,False
O002176,P0246,1,46.99,False
O002177,P0092,1,215.99,False
O002178,P0174,1,87.99,False
O002179,P0227,1,20.99,False
O002180,P0228,1,17.99,False
O002181,P0143,1,50.99,False
O002182,P0024,2,141.99,False
O002183,P0052,1,410.99,False
O002183,P0065,1,33.99,False
O002184,P0049,2,106.99,False
O002185,P0075,1,79.99,False
O002186,P0132,1,51.99,False
O002187,P0148,2,17.99,False
O002188,P0041,2,181.99,False
O002189,P0216,1,23.99,False
O002189,P0044,1,650.99,False
O002190,P0192,1,30.99,False
O002191,P0086,1,133.99,False
O002192,P0242,1,19.99,False
O002193,P0112,1,163.99,False
O002194,P0177,1,66.99,False
O002194,P0268,1,27.99,False
O002195,P0196,2,22.99,False
O002196,P0260,1,20.99,False
O002196,P0133,1,105.99,False
O002196,P0078,2,17.99,False
O002197,P0080,1,61.99,False
O002198,P0012,1,321.99,False
O002199,P0243,1,115.99,False
O002200,P0068,1,143.99,False
O002201,P0211,1,39.99,False
O002201,P0149,1,11.99,False
O002201,P0116,1,19.99,False
O002202,P0114,1,152.99,False
O002203,P0010,1,109.99,True
O002204,P0121,1,53.99,False
O002205,P0106,1,37.99,False
O002206,P0228,1,17.99,False
O002207,P0029,1,57.99,False
O002208,P0107,2,31.99,False
O002209,P0042,1,174.99,False
O002210,P0070,1,28.99,False
O002210,P0217,1,16.99,False
O002211,P0283,1,6.99,False
O002211,P0003,0,461.99,False
O002212,P0009,1,64.99,False
O002213,P0138,1,30.99,True
O002213,P0147,1,82.99,False
O002214,P0217,1,16.99,False
O002215,P0091,1,37.99,False
O002216,P0169,1,18.99,True
O002217,P0278,1,9.99,False
O002217,P0164,1,83.99,False
O002218,P0196,1,22.99,False
O002219,P0250,1,281.99,False
O002220,P0067,1,48.99,False
O002221,P0218,1,40.99,False
O002221,P0072,1,49.99,False
O002222,P0110,1,134.99,False
O002223,P0254,1,48.99,False
O002223,P0133,1,105.99,False
O002224,P0297,2,11.99,False
O002225,P0275,1,72.99,False
O002226,P0045,1,55.99,False
O002227,P0121,1,53.99,False
O002227,P0038,2,67.99,False
O002227,P0050,1,88.99,False
O002228,P0290,1,15.99,False
O002228,P0273,1,30.99,False
O002229,P0100,1,30.99,False
O002229,P0300,1,28.99,False
O002230,P0300,1,28.99,False
O002231,P0001,1,444.99,False
O002232,P0286,1,43.99,False
O002233,P0168,1,50.99,False
O002234,P0033,1,103.99,False
O002235,P0258,1,60.99,False
O002236,P0252,1,85.99,False
O002237,P0258,1,60.99,False
O002237,P0054,2,127.99,False
O002238,P0119,1,186.99,False
O002239,P0152,2,24.99,False
O002240,P0131,1,17.99,False
O002240,P0273,2,30.99,False
O002241,P0126,1,66.99,False
O002242,P0211,2,39.99,False
O002243,P0096,1,168.99,False
O002243,P0296,1,36.99,True
O002244,P0217,1,16.99,False
O002245,P0033,1,103.99,False
O002246,P0074,2,148.99,False
O002247,P0089,1,31.99,False
O002248,P0089,1,31.99,False
O002248,P0174,1,87.99,False
O002249,P0216,2,23.99,False
O002249,P0290,1,15.99,False
O002249,P0176,1,115.99,False
O002250,P0236,1,36.99,False
O002251,P0286,1,43.99,False
O002252,P0251,1,213.99,False
O002253,P0151,1,27.99,False
O002254,P0084,2,16.99,False
O002255,P0111,1,240.99,False
O002256,P0269,1,219.99,False
O002256,P0233,1,78.99,False
O002256,P0242,1,19.99,False
O002257,P0300,1,28.99,False
O002257,P0094,1,143.99,False
O002258,P0148,1,17.99,False
O002259,P0186,1,56.99,False
O002259,P0256,1,19.99,False
O002260,P0239,2,37.99,False
O002261,P0099,1,79.99,False
O002262,P0058,1,133.99,False
O002263,P0188,1,26.99,False
O002264,P0292,1,14.99,False
O002264,P0212,1,20.99,False
O002265,P0001,1,444.99,False
O002266,P0007,1,120.99,True
O002267,P0238,1,32.99,False
O002268,P0025,1,42.99,False
O002269,P0002,1,53.99,False
O002270,P0253,1,246.99,False
O002270,P0159,2,96.99,False
O002270,P0159,1,96.99,False
O002271,P0058,1,133.99,False
O002271,P0260,1,20.99,False
O002272,P0107,1,31.99,False
O002273,P0008,1,72.99,False
O002274,P0002,1,53.99,False
O002275,P0263,1,22.99,False
O002275,P0032,1,664.99,False
O002276,P0031,1,372.99,False
O002277,P0188,1,26.99,False
O002278,P0073,1,53.99,False
O002279,P0156,1,116.99,False
O002280,P0123,2,84.99,False
O002281,P0032,2,664.99,False
O002282,P0209,1,22.99,False
O002283,P0274,2,153.99,False
O002283,P0278,2,9.99,False
O002283,P0171,1,22.99,False
O002284,P0226,1,49.99,False
O002285,P0194,1,65.99,False
O002285,P0103,1,141.99,False
O002286,P0281,2,43.99,False
O002286,P0196,1,22.99,True
O002287,P0130,1,60.99,False
O002288,P0008,1,72.99,False
O002288,P0291,1,8.99,False
O002289,P0106,2,37.99,False
O002290,P0098,2,21.99,False
O002290,P0257,1,34.99,False
O002291,P0117,1,32.99,False
O002291,P0006,1,525.99,False
O002292,P0013,1,353.99,False
O002292,P0054,2,127.99,False
O002293,P0109,1,43.99,False
O002294,P0232,1,77.99,False
O002295,P0202,1,14.99,False
O002295,P0146,1,36.99,False
O002296,P0206,1,35.99,False
O002296,P0097,1,19.99,False
O002296,P0278,1,9.99,False
O002297,P0180,2,14.99,False
O002297,P0232,1,77.99,False
O002298,P0259,1,62.99,False
O002299,P0098,1,21.99,False
O002300,P0230,1,61.99,False
O002300,P0147,1,82.99,False
O002300,P0224,1,65.99,False
O002301,P0288,2,12.99,False
O002302,P0185,1,49.99,False
O002303,P0246,2,46.99,False
O002303,P0245,1,27.99,False
O002304,P0097,1,19.99,False
O002304,P0216,1,23.99,False
O002305,P0211,1,39.99,False
O002305,P0224,1,65.99,False
O002306,P0127,1,16.99,False
O002307,P0161,1,14.99,False
O002308,P0117,1,32.99,False
O002309,P0209,1,22.99,False
O002310,P0211,1,39.99,False
O002310,P0145,1,39.99,False
O002310,P0220,1,8.99,False
O002311,P0182,1,12.99,False
O002311,P0033,2,103.99,False
O002312,P0065,1,33.99,False
O002313,P0064,1,58.99,False
O002314,P0187,1,93.99,False
O002314,P0025,1,42.99,False
O002315,P0162,1,52.99,False
O002316,P0149,1,11.99,False
O002317,P0107,1,31.99,False
O002318,P0090,3,28.99,False
O002319,P0262,1,284.99,False
O002320,P0046,1,384.99,False
O002321,P0260,1,20.99,False
O002322,P0049,1,106.99,True
O002323,P0168,2,50.99,False
O002324,P0235,1,14.99,False
O002325,P0208,1,8.99,False
O002326,P0141,1,59.99,False
O002326,P0274,1,153.99,False
O002327,P0256,1,19.99,False
O002327,P0195,1,18.99,False
O002328,P0142,1,73.99,False
O002329,P0027,1,349.99,False
O002329,P0198,2,14.99,False
O002330,P0274,1,153.99,False
O002330,P0210,2,9.99,False
O002331,P0179,1,34.99,True
O002332,P0219,2,10.99,False
O002333,P0060,2,100.99,False
O002334,P0064,1,58.99,False
O002335,P0087,1,21.99,False
O002336,P0226,1,49.99,False
O002336,P0264,1,188.99,False
O002337,P0190,1,17.99,False
O002337,P0095,1,33.99,False
O002338,P0089,1,31.99,False
O002339,P0153,1,28.99,True
O002340,P0213,1,57.99,False
O002340,P0266,1,85.99,False
O002341,P0022,1,47.99,False
O002341,P0055,1,30.99,False
O002342,P0289,1,25.99,False
O002343,P0207,1,21.99,False
O002344,P0224,1,65.99,False
O002345,P0253,2,246.99,False
O002345,P0169,1,18.99,False
O002346,P0279,1,37.99,False
O002347,P0030,1,91.99,False
O002347,P0288,1,12.99,False
O002348,P0199,1,16.99,False
O002348,P0025,1,42.99,False
O002348,P0088,1,54.99,False
O002348,P0248,1,224.99,False
O002349,P0036,1,145.99,False
O002350,P0006,1,525.99,False
O002350,P0291,1,8.99,False
O002351,P0036,1,145.99,False
O002352,P0141,2,59.99,False
O002353,P0133,2,105.99,False
O002353,P0174,2,87.99,False
O002354,P0267,1,45.99,False
O002355,P0074,1,148.99,False
O002356,P0256,1,19.99,False
O002356,P0138,1,30.99,False
O002356,P0231,2,10.99,False
O002357,P0224,0,65.99,False
O002357,P0137,1,31.99,False
O002358,P0124,1,70.99,False
O002359,P0292,1,14.99,False
O002360,P0214,2,16.99,False
O002360,P0164,1,83.99,False
O002360,P0109,1,43.99,False
O002361,P0236,1,36.99,False
O002361,P0135,1,38.99,False
O002362,P0203,1,48.99,False
O002362,P0104,1,20.99,False
O002363,P0029,1,57.99,False
O002364,P0121,2,53.99,False
O002365,P0016,1,316.99,False
O002366,P0244,1,26.99,False
O002367,P0098,1,21.99,False
O002367,P0098,1,21.99,False
O002368,P0003,1,461.99,False
O002369,P0178,1,71.99,False
O002370,P0116,1,19.99,False
O002371,P0133,1,105.99,True
O002372,P0240,1,76.99,False
O002373,P0158,2,34.99,False
O002373,P0228,1,17.99,False
O002374,P0013,1,353.99,False
O002374,P0105,1,94.99,False
O002375,P0252,1,85.99,False
O002376,P0112,1,163.99,False
O002377,P0051,1,45.99,False
O002378,P0243,1,115.99,False
O002379,P0075,1,79.99,False
O002380,P0062,2,111.99,True
O002381,P0139,1,24.99,False
O002381,P0032,1,664.99,False
O002382,P0026,1,65.99,False
O002383,P0021,1,77.99,False
O002384,P0182,1,12.99,False
O002384,P0286,1,43.99,False
O002385,P0192,1,30.99,False
O002386,P0121,1,53.99,True
O002387,P0277,1,40.99,False
O002387,P0035,1,281.99,False
O002388,P0030,1,91.99,False
O002389,P0125,2,12.99,False
O002390,P0118,1,97.99,False
O002390,P0136,1,15.99,False
O002391,P0300,1,28.99,False
O002391,P0118,1,97.99,False
O002392,P0120,1,132.99,False
O002393,P0150,2,16.99,False
O002394,P0260,1,20.99,False
O002395,P0244,1,26.99,False
O002396,P0032,1,664.99,False
O002397,P0299,1,22.99,False
O002398,P0193,1,79.99,False
O002399,P0199,2,16.99,False
O002400,P0277,1,40.99,False
O002400,P0174,1,87.99,False
O002400,P0180,1,14.99,False
O002401,P0097,1,19.99,False
O002402,P0023,1,313.99,False
O002402,P0201,1,13.99,False
O002402,P0169,1,18.99,True
O002402,P0015,1,61.99,False
O002403,P0128,2,61.99,True
O002404,P0068,1,143.99,True
O002405,P0194,2,65.99,False
O002406,P0207,1,21.99,False
O002406,P0236,1,36.99,False
O002407,P0167,1,40.99,False
O002408,P0065,1,33.99,False
O002409,P0176,1,115.99,False
O002409,P0027,1,349.99,False
O002410,P0029,1,57.99,True
O002410,P0048,3,126.99,False
O002411,P0257,2,34.99,True
O002412,P0111,2,240.99,False
O002413,P0245,1,27.99,False
O002413,P0281,2,43.99,False
O002414,P0070,1,28.99,False
O002415,P0103,1,141.99,False
O002415,P0073,1,53.99,False
O002415,P0015,1,61.99,False
O002416,P0001,2,444.99,False
O002416,P0086,2,133.99,False
O002417,P0212,2,20.99,False
O002418,P0038,1,67.99,False
O002418,P0173,1,95.99,False
O002419,P0202,1,14.99,False
O002419,P0271,1,30.99,False
O002420,P0017,1,166.99,False
O002421,P0138,2,30.99,False
O002421,P0262,2,284.99,False
O002422,P0226,1,49.99,False
O002422,P0145,1,39.99,False
O002423,P0118,1,97.99,True
O002424,P0093,1,37.99,False
O002425,P0179,1,34.99,False
O002425,P0199,1,16.99,False
O002425,P0166,1,84.99,False
O002426,P0160,1,36.99,False
O002426,P0182,1,12.99,False
O002427,P0261,1,147.99,False
O002427,P0058,1,133.99,True
O002427,P0084,1,16.99,False
O002428,P0171,1,22.99,False
O002429,P0293,1,43.99,False
O002430,P0005,1,158.99,False
O002431,P0072,1,49.99,False
O002432,P0059,1,21.99,False
O002433,P0177,1,66.99,False
O002434,P0220,1,8.99,False
O002435,P0152,1,24.99,False
O002435,P0222,1,7.99,False
O002436,P0205,1,48.99,False
O002437,P0145,2,39.99,False
O002438,P0182,1,12.99,True
O002438,P0147,2,82.99,True
O002439,P0239,2,37.99,False
O002439,P0096,1,168.99,False
O002439,P0188,1,26.99,False
O002440,P0258,1,60.99,False
O002440,P0298,1,6.99,False
O002440,P0070,1,28.99,False
O002440,P0028,1,284.99,True
O002441,P0152,1,24.99,False
O002442,P0008,1,72.99,False
O002442,P0212,1,20.99,False
O002442,P0282,2,7.99,False
O002442,P0101,1,84.99,False
O002443,P0280,1,12.99,False
O002443,P0164,1,83.99,True
O002444,P0096,1,168.99,False
O002444,P0088,1,54.99,False
O002445,P0239,3,37.99,False
O002445,P0144,1,91.99,False
O002445,P0025,1,42.99,False
O002446,P0045,1,55.99,False
O002447,P0071,1,171.99,True
O002448,P0173,1,95.99,False
O002448,P0146,1,36.99,False
O002449,P0146,2,36.99,False
O002450,P0182,1,12.99,False
O002450,P0091,1,37.99,False
O002451,P0152,2,24.99,False
O002451,P0085,1,160.99,False
O002452,P0186,1,56.99,False
O002452,P0258,1,60.99,False
O002452,P0001,1,444.99,False
O002452,P0202,2,14.99,True
O002453,P0082,2,74.99,False
O002454,P0022,1,47.99,False
O002455,P0243,1,115.99,False
O002455,P0059,1,21.99,False
O002456,P0240,2,76.99,False
O002457,P0121,1,53.99,False
O002458,P0037,1,111.99,True
O002459,P0232,1,77.99,False
O002460,P0003,1,461.99,False
O002461,P0122,2,47.99,False
O002462,P0014,2,133.99,True
O002463,P0064,1,58.99,False
O002464,P0175,1,32.99,False
O002464,P0102,2,55.99,False
O002465,P0011,1,71.99,True
O002465,P0020,2,102.99,False
O002466,P0113,1,77.99,False
O002467,P0212,1,20.99,False
O002468,P0190,1,17.99,False
O002469,P0210,1,9.99,False
O002470,P0107,-1,31.99,False
O002471,P0145,2,39.99,False
O002471,P0287,1,14.99,False
O002472,P0226,1,49.99,False
O002473,P0231,1,10.99,False
O002474,P0077,1,32.99,False
O002474,P0184,1,75.99,True
O002475,P0228,1,17.99,False
O002476,P0289,1,25.99,False
O002477,P0126,1,66.99,False
O002478,P0278,1,9.99,False
O002479,P0032,1,664.99,False
O002479,P0077,1,32.99,False
O002480,P0108,1,22.99,False
O002480,P0101,2,84.99,False
O002481,P0270,1,25.99,False
O002482,P0055,0,30.99,False
O002483,P0148,1,17.99,False
O002484,P0021,1,77.99,False
O002485,P0081,2,16.99,False
O002486,P0282,1,7.99,False
O002487,P0276,1,21.99,False
O002487,P0128,1,61.99,False
O002488,P0232,2,,False
O002488,P0094,1,143.99,False
O002489,P0235,1,14.99,False
O002489,P0209,1,22.99,False
O002490,P0216,1,23.99,False
O002490,P0177,1,66.99,False
O002491,P0232,1,77.99,False
O002492,P0192,1,30.99,True
O002493,P0265,1,24.99,False
O002494,P0073,1,53.99,False
O002494,P0068,1,143.99,False
O002495,P0069,1,15.99,False
O002495,P0163,1,13.99,False
O002495,P0280,1,12.99,False
O002496,P0150,1,16.99,False
O002496,P0269,1,219.99,False
O002497,P0060,1,100.99,False
O002497,P0188,1,26.99,False
O002498,P0036,1,145.99,False
O002498,P0227,1,20.99,False
O002499,P0107,1,31.99,False
O002499,P0125,1,12.99,False
O002499,P0183,1,61.99,False
O002499,P0060,1,100.99,False
O002500,P0106,1,37.99,False
O002500,P0125,2,12.99,False
O002501,P0118,1,97.99,False
O002502,P0060,2,100.99,False
O002503,P0205,1,48.99,False
O002504,P0127,1,16.99,True
O002505,P0001,1,444.99,False
O002506,P0191,1,62.99,False
O002506,P0159,2,96.99,False
O002506,P0012,1,321.99,False
O002507,P0027,1,349.99,False
O002507,P0050,1,88.99,False
O002507,P0151,1,27.99,False
O002507,P0104,2,20.99,False
O002508,P0139,1,24.99,False
O002508,P0146,1,36.99,False
O002508,P0063,1,20.99,False
O002509,P0093,1,37.99,False
O002509,P0224,1,65.99,False
O002510,P0276,1,21.99,False
O002511,P0245,1,27.99,False
O002511,P0201,1,13.99,False
O002511,P0120,1,132.99,False
O002512,P0003,1,461.99,False
O002513,P0082,1,74.99,False
O002514,P0190,1,17.99,True
O002514,P0025,1,42.99,False
O002515,P0186,1,56.99,False
O002516,P0144,1,91.99,True
O002516,P0059,1,21.99,False
O002516,P0204,2,37.99,False
O002517,P0062,1,111.99,False
O002518,P0027,1,349.99,False
O002519,P0087,2,21.99,False
O002519,P0239,1,37.99,True
O002520,P0193,1,79.99,False
O002520,P0259,1,62.99,False
O002520,P0226,1,49.99,False
O002521,P0204,1,37.99,False
O002522,P0017,2,166.99,False
O002523,P0031,1,372.99,True
O002524,P0201,2,13.99,False
O002524,P0194,1,65.99,False
O002525,P0098,2,21.99,False
O002525,P0082,1,74.99,False
O002526,P0243,1,115.99,False
O002527,P0012,2,321.99,False
O002528,P0154,1,39.99,False
O002529,P0126,2,66.99,False
O002530,P0239,1,37.99,False
O002531,P0150,2,16.99,False
O002532,P0230,2,61.99,False
O002532,P0013,1,353.99,False
O002532,P0003,3,461.99,False
O002533,P0262,1,284.99,False
O002534,P0226,1,49.99,False
O002535,P0089,1,31.99,False
O002536,P0256,1,19.99,False
O002537,P0215,1,55.99,False
O002538,P0077,1,32.99,False
O002538,P0222,1,7.99,False
O002538,P0157,2,29.99,False
O002539,P0103,1,141.99,False
O002540,P0049,1,106.99,False
O002541,P0140,1,19.99,False
O002542,P0296,1,36.99,False
O002542,P0061,1,105.99,False
O002543,P0097,1,19.99,False
O002543,P0267,2,45.99,False
O002544,P0153,1,28.99,False
O002545,P0193,1,79.99,False
O002546,P0015,1,61.99,False
O002546,P0148,1,17.99,False
O002547,P0064,1,58.99,False
O002547,P0081,2,16.99,False
O002548,P0202,1,,False
O002549,P0178,1,71.99,False
O002549,P0266,2,85.99,False
O002550,P0230,2,61.99,False
O002551,P0101,1,84.99,False
O002551,P0183,1,61.99,True
O002552,P0025,1,42.99,False
O002552,P0108,1,22.99,False
O002553,P0011,1,71.99,False
O002554,P0225,2,76.99,False
O002555,P0131,1,17.99,False
O002555,P0175,1,32.99,False
O002555,P0039,1,117.99,False
O002556,P0088,1,54.99,False
O002556,P0223,1,11.99,False
O002557,P0206,1,35.99,False
O002557,P0253,1,246.99,True
O002558,P0236,1,36.99,False
O002558,P0290,1,15.99,False
O002558,P0275,1,72.99,False
O002559,P0285,1,38.99,False
O002560,P0163,1,13.99,False
O002561,P0031,1,372.99,False
O002562,P0130,1,60.99,False
O002562,P0056,1,154.99,False
O002562,P0004,1,715.99,False
O002563,P0065,1,33.99,False
O002563,P0084,1,16.99,False
O002564,P0298,1,6.99,False
O002565,P0231,1,10.99,False
O002566,P0128,1,61.99,False
O002566,P0076,1,21.99,False
O002566,P0256,1,19.99,False
O002567,P0200,1,30.99,False
O002568,P0181,1,100.99,False
O002569,P0132,1,51.99,False
O002569,P0165,1,84.99,False
O002570,P0093,2,37.99,False
O002571,P0277,1,40.99,False
O002572,P0142,1,73.99,False
O002572,P0165,1,84.99,False
O002573,P0081,2,16.99,False
O002574,P0252,2,85.99,False
O002574,P0163,1,13.99,True
O002575,P0252,1,85.99,False
O002575,P0147,1,82.99,False
O002576,P0261,1,147.99,False
O002576,P0158,1,34.99,False
O002577,P0243,2,115.99,False
O002578,P0112,1,,False
O002578,P0059,1,21.99,False
O002579,P0016,1,316.99,False
O002580,P0266,1,85.99,False
O002580,P0171,2,22.99,False
O002581,P0183,1,61.99,False
O002582,P0203,1,48.99,False
O002583,P0151,1,27.99,False
O002583,P0056,3,154.99,False
O002584,P0012,1,321.99,False
O002584,P0164,1,83.99,True
O002584,P0103,1,141.99,False
O002584,P0173,1,95.99,False
O002585,P0180,2,14.99,True
O002586,P0224,2,65.99,False
O002587,P0216,1,23.99,False
O002588,P0029,1,57.99,False
O002589,P0203,2,48.99,False
O002589,P0017,1,166.99,False
O002590,P0253,1,246.99,False
O002591,P0055,1,30.99,False
O002591,P0216,1,23.99,False
O002592,P0049,2,106.99,True
O002593,P0042,2,174.99,True
O002594,P0176,2,115.99,False
O002595,P0123,1,84.99,True
O002595,P0251,1,213.99,True
O002596,P0124,2,70.99,False
O002597,P0221,1,13.99,False
O002598,P0125,1,12.99,False
O002599,P0039,1,117.99,False
O002599,P0067,1,,False
O002599,P0220,1,8.99,False
O002599,P0092,2,215.99,False
O002600,P0179,1,34.99,False
O002601,P0158,1,34.99,False
O002602,P0196,1,22.99,False
O002602,P0122,1,47.99,False
O002603,P0293,1,43.99,False
O002604,P0281,1,43.99,False
O002604,P0247,1,133.99,False
O002604,P0249,1,19.99,False
O002605,P0014,1,133.99,False
O002606,P0183,1,61.99,False
O002607,P0151,1,27.99,False
O002608,P0077,1,32.99,False
O002609,P0045,1,55.99,False
O002610,P0114,2,152.99,True
O002610,P0016,1,316.99,False
O002611,P0093,1,37.99,False
O002612,P0043,1,201.99,False
O002613,P0178,1,71.99,False
O002614,P0265,1,24.99,False
O002615,P0191,1,62.99,False
O002615,P0274,1,153.99,False
O002616,P0228,1,17.99,False
O002617,P0196,2,22.99,False
O002618,P0058,1,133.99,False
O002619,P0088,1,54.99,False
O002620,P0201,1,13.99,False
O002620,P0106,1,37.99,False
O002620,P0245,1,27.99,False
O002621,P0265,1,24.99,True
O002621,P0288,1,12.99,False
O002622,P0079,1,78.99,False
O002622,P0246,1,46.99,False
O002623,P0179,1,34.99,False
O002624,P0002,2,53.99,False
O002625,P0257,1,34.99,False
O002626,P0247,1,133.99,True
O002627,P0013,1,353.99,False
O002628,P0078,1,17.99,False
O002629,P0035,1,281.99,False
O002630,P0142,1,73.99,True
O002631,P0155,1,81.99,False
O002631,P0216,1,23.99,False
O002632,P0058,1,133.99,False
O002632,P0177,1,66.99,False
O002632,P0211,1,39.99,False
O002633,P0100,1,30.99,False
O002633,P0022,1,47.99,True
O002634,P0225,1,76.99,False
O002634,P0116,1,19.99,False
O002635,P0208,1,8.99,False
O002636,P0089,1,31.99,True
O002636,P0135,1,38.99,False
O002637,P0256,1,19.99,False
O002637,P0150,1,16.99,True
O002638,P0271,1,30.99,False
O002639,P0191,1,62.99,False
O002639,P0062,2,111.99,False
O002639,P0093,1,37.99,False
O002640,P0286,2,43.99,False
O002641,P0149,2,11.99,False
O002641,P0118,1,97.99,False
O002642,P0113,1,77.99,False
O002642,P0129,1,13.99,False
O002643,P0251,1,213.99,False
O002644,P0036,1,145.99,False
O002644,P0144,1,91.99,False
O002645,P0062,1,111.99,False
O002645,P0296,1,36.99,False
O002646,P0246,1,46.99,False
O002647,P0139,1,24.99,False
O002647,P0239,1,37.99,False
O002648,P0084,2,16.99,False
O002649,P0239,1,37.99,False
O002649,P0211,2,39.99,False
O002650,P0052,1,410.99,True
O002650,P0244,1,26.99,False
O002651,P0233,1,78.99,False
O002652,P0053,1,200.99,False
O002653,P0140,1,19.99,False
O002653,P0131,1,17.99,False
O002654,P0128,1,61.99,False
O002655,P0289,1,25.99,False
O002656,P0264,1,188.99,False
O002657,P0189,1,46.99,True
O002658,P0207,1,21.99,False
O002659,P0065,1,33.99,False
O002659,P0075,1,79.99,False
O002660,P0140,2,19.99,False
O002661,P0119,2,186.99,False
O002662,P0045,2,55.99,False
O002662,P0101,1,84.99,False
O002662,P0228,1,17.99,False
O002662,P0106,1,37.99,False
O002662,P0144,1,91.99,False
O002663,P0160,2,36.99,False
O002664,P0120,1,132.99,False
O002664,P0196,1,22.99,False
O002665,P0093,1,37.99,True
O002665,P0254,1,48.99,False
O002665,P0237,1,31.99,False
O002666,P0089,1,31.99,False
O002667,P0086,1,133.99,False
O002668,P0107,1,31.99,False
O002669,P0114,1,152.99,False
O002670,P0001,1,444.99,False
O002670,P0172,2,49.99,False
O002670,P0254,1,48.99,False
O002671,P0002,1,53.99,False
O002672,P0269,1,219.99,False
O002673,P0098,1,21.99,False
O002674,P0186,1,56.99,False
O002675,P0225,1,76.99,False
O002675,P0020,1,102.99,False
O002676,P0207,2,21.99,False
O002677,P0170,1,23.99,False
O002677,P0182,1,12.99,False
O002678,P0070,2,28.99,False
O002679,P0240,1,76.99,False
O002680,P0165,1,84.99,False
O002681,P0299,2,22.99,False
O002682,P0119,1,186.99,False
O002682,P0182,1,12.99,False
O002683,P0160,1,36.99,False
O002683,P0242,3,19.99,False
O002683,P0207,1,21.99,False
O002684,P0194,1,65.99,False
O002685,P0217,2,16.99,False
O002686,P0005,1,158.99,False
O002687,P0025,1,42.99,False
O002688,P0229,1,41.99,False
O002689,P0115,2,51.99,False
O002689,P0273,2,30.99,True
O002690,P0252,2,85.99,False
O002690,P0091,1,37.99,False
O002691,P0166,1,84.99,False
O002691,P0225,1,76.99,False
O002691,P0237,1,31.99,False
O002692,P0289,1,25.99,False
O002693,P0245,1,27.99,False
O002694,P0036,1,145.99,False
O002695,P0134,1,53.99,False
O002696,P0141,1,59.99,True
O002697,P0116,1,19.99,False
O002698,P0083,1,42.99,False
O002698,P0035,1,281.99,False
O002699,P0148,1,17.99,True
O002699,P0298,1,6.99,False
O002700,P0275,1,72.99,False
O002700,P0219,1,10.99,False
O002701,P0162,1,52.99,False
O002702,P0008,1,72.99,False
O002703,P0028,1,284.99,False
O002704,P0052,1,410.99,False
O002704,P0203,2,48.99,False
O002705,P0119,1,186.99,False
O002706,P0173,2,95.99,False
O002707,P0230,1,61.99,False
O002708,P0063,1,20.99,False
O002709,P0184,1,75.99,False
O002709,P0132,1,51.99,False
O002710,P0177,2,66.99,False
O002711,P0004,2,715.99,False
O002712,P0289,1,25.99,False
O002712,P0287,1,14.99,False
O002713,P0117,1,32.99,False
O002713,P0159,1,96.99,False
O002714,P0048,1,126.99,False
O002715,P0170,1,23.99,False
O002715,P0247,1,133.99,False
O002716,P0045,1,55.99,False
O002717,P0129,2,13.99,False
O002718,P0115,2,51.99,False
O002719,P0131,1,17.99,False
O002719,P0051,1,45.99,False
O002719,P0041,1,181.99,False
O002720,P0274,1,153.99,False
O002721,P0166,2,84.99,False
O002721,P0291,2,8.99,False
O002722,P0025,1,42.99,False
O002723,P0113,1,77.99,False
O002723,P0236,1,36.99,False
O002724,P0087,2,21.99,False
O002724,P0096,1,168.99,False
O002724,P0184,1,75.99,False
O002725,P0135,1,38.99,False
O002725,P0131,2,17.99,False
O002726,P0277,1,40.99,False
O002727,P0075,1,79.99,False
O002728,P0143,1,50.99,False
O002728,P0103,2,141.99,False
O002729,P0294,1,39.99,False
O002730,P0091,1,37.99,True
O002730,P0024,1,141.99,False
O002730,P0112,1,163.99,False
O002731,P0163,2,13.99,True
O002731,P0087,2,21.99,False
O002732,P0294,1,39.99,False
O002732,P0191,1,62.99,False
O002733,P0131,1,17.99,False
O002734,P0150,2,16.99,False
O002735,P0061,1,105.99,False
O002736,P0219,1,10.99,False
O002737,P0169,1,18.99,False
O002738,P0104,1,20.99,False
O002739,P0072,1,49.99,False
O002740,P0172,1,49.99,True
O002741,P0049,2,106.99,False
O002742,P0224,2,65.99,False
O002743,P0158,2,34.99,False
O002743,P0238,1,32.99,False
O002744,P0118,1,97.99,False
O002745,P0159,1,96.99,False
O002745,P0139,1,24.99,False
O002746,P0183,1,61.99,False
O002746,P0075,1,79.99,False
O002747,P0054,1,127.99,False
O002747,P0044,1,650.99,False
O002748,P0292,2,14.99,False
O002748,P0217,1,16.99,False
O002749,P0294,1,39.99,False
O002749,P0248,2,224.99,False
O002750,P0222,1,7.99,True
O002751,P0129,2,13.99,False
O002751,P0157,1,29.99,False
O002752,P0037,1,111.99,False
O002753,P0014,1,133.99,False
O002753,P0100,1,30.99,False
O002754,P0150,1,16.99,False
O002754,P0108,1,22.99,False
O002755,P0238,1,32.99,False
O002756,P0195,1,18.99,False
O002757,P0183,1,61.99,False
O002758,P0053,1,200.99,False
O002759,P0154,1,39.99,False
O002760,P0123,1,84.99,False
O002761,P0073,2,53.99,False
O002762,P0280,1,12.99,False
O002763,P0195,1,18.99,False
O002763,P0056,2,154.99,False
O002764,P0017,1,166.99,False
O002765,P0291,1,8.99,False
O002765,P0131,1,17.99,True
O002766,P0240,1,76.99,False
O002766,P0260,1,20.99,True
O002767,P0189,2,46.99,False
O002767,P0120,1,132.99,False
O002768,P0255,1,116.99,False
O002768,P0260,1,20.99,False
O002769,P0180,1,14.99,False
O002769,P0204,1,37.99,False
O002770,P0271,1,30.99,False
O002770,P0234,1,60.99,False
O002771,P0061,1,105.99,False
O002772,P0152,1,24.99,False
O002772,P0152,1,24.99,False
O002773,P0244,1,26.99,False
O002773,P0084,1,16.99,False
O002774,P0152,1,24.99,False
O002775,P0203,1,48.99,False
O002776,P0288,2,12.99,False
O002776,P0280,2,12.99,False
O002776,P0229,1,41.99,False
O002776,P0001,2,444.99,False
O002777,P0256,1,19.99,False
O002778,P0164,1,83.99,False
O002779,P0167,1,40.99,False
O002780,P0138,1,30.99,False
O002781,P0084,1,16.99,False
O002782,P0176,1,115.99,False
O002783,P0262,1,284.99,False
O002783,P0116,1,19.99,False
O002784,P0231,1,10.99,False
O002785,P0165,1,84.99,False
O002785,P0142,1,73.99,False
O002786,P0101,2,84.99,False
O002786,P0254,2,48.99,False
O002787,P0298,1,6.99,False
O002788,P0015,1,61.99,False
O002788,P0102,1,55.99,False
O002789,P0173,1,95.99,False
O002790,P0010,1,109.99,False
O002791,P0238,1,32.99,False
O002791,P0192,1,30.99,False
O002792,P0288,1,12.99,False
O002792,P0180,1,14.99,False
O002793,P0090,1,28.99,False
O002794,P0138,1,30.99,False
O002795,P0179,1,34.99,True
O002795,P0183,1,61.99,False
O002795,P0221,2,13.99,False
O002796,P0102,1,55.99,False
O002796,P0291,1,8.99,False
O002797,P0265,1,24.99,False
O002797,P0090,1,28.99,False
O002798,P0030,1,91.99,False
O002798,P0003,2,461.99,False
O002798,P0300,1,28.99,False
O002799,P0249,1,19.99,False
O002799,P0231,1,10.99,False
O002800,P0092,1,215.99,False
O002801,P0250,1,281.99,False
O002802,P0206,2,35.99,False
O002803,P0060,1,100.99,False
O002804,P0170,1,23.99,False
O002804,P0118,1,97.99,False
O002805,P0027,1,349.99,False
O002806,P0086,1,133.99,False
O002806,P0129,1,13.99,True
O002806,P0202,1,14.99,False
O002806,P0160,2,36.99,False
O002806,P0122,1,47.99,False
O002807,P0162,1,52.99,False
O002807,P0291,1,8.99,False
O002807,P0031,1,372.99,False
O002808,P0213,1,57.99,False
O002809,P0274,1,153.99,False
O002810,P0233,2,78.99,False
O002810,P0271,1,30.99,False
O002810,P0288,1,12.99,False
O002810,P0097,1,19.99,False
O002811,P0244,1,26.99,False
O002811,P0076,1,21.99,False
O002812,P0053,1,200.99,False
O002812,P0208,1,8.99,False
O002812,P0229,1,41.99,False
O002813,P0189,1,46.99,False
O002814,P0090,1,28.99,False
O002814,P0281,2,43.99,False
O002814,P0203,1,48.99,False
O002814,P0255,1,116.99,False
O002815,P0244,1,26.99,False
O002815,P0096,1,168.99,False
O002815,P0219,1,10.99,False
O002816,P0209,1,22.99,False
O002817,P0061,1,105.99,False
O002818,P0103,1,141.99,False
O002819,P0231,2,10.99,False
O002819,P0173,1,95.99,False
O002819,P0255,1,116.99,False
O002820,P0069,3,15.99,False
O002820,P0028,1,284.99,False
O002821,P0167,1,40.99,False
O002822,P0224,2,65.99,False
O002822,P0203,1,48.99,False
O002822,P0089,1,31.99,False
O002823,P0129,1,13.99,False
O002823,P0140,1,19.99,True
O002824,P0009,1,64.99,False
O002824,P0157,1,29.99,False
O002825,P0047,2,692.99,False
O002825,P0016,1,316.99,True
O002826,P0255,1,116.99,False
O002826,P0273,1,30.99,False
O002827,P0067,1,48.99,False
O002828,P0153,1,28.99,False
O002828,P0107,1,31.99,False
O002829,P0224,1,65.99,False
O002830,P0157,1,29.99,False
O002831,P0058,1,133.99,False
O002831,P0238,1,32.99,False
O002831,P0215,1,55.99,False
O002832,P0287,1,14.99,False
O002833,P0202,1,14.99,False
O002833,P0280,2,12.99,False
O002834,P0187,2,93.99,False
O002835,P0172,1,49.99,False
O002835,P0203,1,48.99,False
O002836,P0267,1,45.99,False
O002837,P0032,1,664.99,False
O002838,P0206,1,35.99,False
O002838,P0163,1,13.99,False
O002839,P0092,1,215.99,False
O002839,P0031,1,372.99,True
O002840,P0094,2,143.99,False
O002840,P0042,1,174.99,False
O002841,P0186,1,56.99,True
O002841,P0110,1,134.99,False
O002842,P0017,2,166.99,False
O002842,P0287,1,14.99,False
O002843,P0267,1,45.99,False
O002843,P0142,2,73.99,False
O002844,P0055,1,30.99,False
O002845,P0163,2,13.99,False
O002845,P0100,1,30.99,False
O002845,P0121,1,53.99,False
O002846,P0120,2,132.99,False
O002847,P0006,1,525.99,False
O002848,P0064,2,58.99,False
O002849,P0241,1,15.99,False
O002850,P0096,1,168.99,False
O002850,P0108,1,22.99,False
O002851,P0109,1,43.99,False
O002851,P0121,1,53.99,True
O002851,P0093,1,37.99,False
O002852,P0299,1,22.99,False
O002853,P0195,1,18.99,False
O002853,P0284,1,26.99,False
O002854,P0261,1,147.99,False
O002855,P0190,1,17.99,False
O002855,P0221,1,13.99,True
O002856,P0059,1,21.99,False
O002857,P0199,2,16.99,False
O002858,P0026,1,65.99,False
O002858,P0034,1,423.99,False
O002859,P0284,2,26.99,False
O002860,P0294,1,39.99,False
O002861,P0098,2,21.99,True
O002862,P0146,2,36.99,False
O002863,P0120,2,132.99,False
O002864,P0295,1,13.99,False
O002865,P0066,1,88.99,False
O002866,P0197,1,20.99,False
O002866,P0194,1,65.99,False
O002867,P0141,1,59.99,False
O002868,P0065,1,33.99,False
O002868,P0017,1,166.99,False
O002869,P0266,1,85.99,False
O002870,P0186,1,56.99,False
O002871,P0184,1,75.99,False
O002871,P0036,2,145.99,True
O002872,P0080,1,61.99,False
O002873,P0185,2,49.99,False
O002873,P0265,2,24.99,False
O002874,P0271,1,30.99,False
O002875,P0004,2,715.99,False
O002875,P0259,2,62.99,False
O002876,P0279,1,37.99,False
O002877,P0204,1,37.99,False
O002877,P0171,2,22.99,False
O002878,P0243,1,115.99,False
O002879,P0156,2,116.99,False
O002879,P0069,1,15.99,False
O002880,P0259,1,62.99,True
O002880,P0245,1,27.99,False
O002881,P0280,1,12.99,False
O002882,P0108,2,22.99,False
O002882,P0112,1,163.99,False
O002883,P0276,1,21.99,False
O002884,P0041,1,181.99,False
O002884,P0047,1,692.99,False
O002885,P0222,2,7.99,False
O002886,P0011,1,71.99,False
O002887,P0004,1,715.99,False
O002888,P0065,1,33.99,False
O002889,P0282,1,7.99,False
O002889,P0021,1,77.99,False
O002890,P0218,2,40.99,False
O002890,P0130,1,60.99,False
O002890,P0273,1,30.99,False
O002891,P0150,2,16.99,False
O002892,P0197,1,20.99,True
O002892,P0173,1,95.99,False
O002893,P0023,1,313.99,False
O002894,P0087,1,21.99,False
O002895,P0084,1,16.99,False
O002895,P0297,1,11.99,False
O002896,P0025,1,42.99,False
O002896,P0240,2,76.99,False
O002897,P0040,2,179.99,False
O002898,P0243,1,115.99,True
O002898,P0243,1,115.99,False
O002899,P0098,1,21.99,False
O002900,P0242,2,19.99,False
O002900,P0073,1,53.99,False
O002901,P0259,1,62.99,False
O002902,P0206,1,35.99,False
O002903,P0033,1,103.99,False
O002904,P0262,1,284.99,False
O002904,P0053,1,200.99,False
O002905,P0256,1,19.99,True
O002905,P0014,1,133.99,False
O002906,P0051,1,45.99,False
O002906,P0050,1,88.99,False
O002907,P0235,1,14.99,False
O002907,P0039,1,117.99,False
O002907,P0211,1,39.99,False
O002907,P0117,1,32.99,False
O002908,P0169,1,18.99,True
O002908,P0142,1,73.99,False
O002908,P0164,1,83.99,False
O002909,P0144,2,91.99,False
O002909,P0043,1,201.99,True
O002910,P0192,1,30.99,False
O002910,P0046,1,384.99,False
O002911,P0064,2,58.99,False
O002912,P0150,2,16.99,False
O002913,P0120,2,132.99,False
O002913,P0103,1,141.99,False
O002913,P0228,1,17.99,False
O002914,P0034,2,423.99,False
O002915,P0077,1,32.99,False
O002916,P0110,1,134.99,False
O002917,P0290,1,15.99,False
O002917,P0216,1,23.99,False
O002917,P0069,1,15.99,False
O002918,P0210,1,9.99,False
O002919,P0239,1,37.99,False
O002920,P0146,1,36.99,True
O002921,P0260,1,20.99,False
O002921,P0056,1,154.99,False
O002922,P0228,1,17.99,False
O002923,P0128,1,61.99,False
O002924,P0244,1,26.99,False
O002925,P0045,1,55.99,False
O002926,P0182,1,12.99,True
O002926,P0190,2,17.99,False
O002927,P0147,1,82.99,False
O002928,P0196,1,22.99,False
O002928,P0212,2,20.99,False
O002929,P0073,1,53.99,False
O002930,P0168,1,50.99,False
O002931,P0268,1,27.99,False
O002932,P0141,1,59.99,False
O002933,P0029,1,57.99,True
O002933,P0044,1,650.99,False
O002933,P0084,1,16.99,False
O002934,P0227,1,20.99,False
O002934,P0251,1,213.99,False
O002935,P0290,1,15.99,False
O002936,P0043,1,201.99,False
O002936,P0255,1,116.99,False
O002937,P0112,2,163.99,False
O002938,P0099,1,79.99,False
O002938,P0269,1,219.99,False
O002938,P0120,1,132.99,False
O002939,P0083,2,42.99,False
O002940,P0283,1,6.99,False
O002941,P0107,1,31.99,False
O002942,P0082,1,74.99,False
O002943,P0257,1,34.99,False
O002944,P0195,1,18.99,False
O002944,P0247,1,133.99,False
O002945,P0246,1,46.99,False
O002945,P0180,1,14.99,False
O002946,P0145,1,39.99,False
O002946,P0106,1,37.99,False
O002946,P0195,1,18.99,False
O002947,P0153,1,28.99,False
O002948,P0228,1,17.99,False
O002949,P0163,1,13.99,False
O002949,P0268,1,27.99,False
O002950,P0273,1,30.99,False
O002951,P0055,1,30.99,True
O002951,P0182,1,12.99,False
O002952,P0240,1,76.99,False
O002953,P0111,1,240.99,False
O002953,P0249,1,19.99,False
O002954,P0274,1,153.99,False
O002954,P0261,1,147.99,False
O002955,P0260,1,20.99,False
O002955,P0122,1,47.99,False
O002956,P0019,1,432.99,False
O002956,P0287,1,14.99,False
O002957,P0172,1,49.99,False
O002958,P0166,2,84.99,True
O002959,P0060,1,100.99,False
O002959,P0015,2,61.99,False
O002960,P0190,2,17.99,False
O002961,P0122,1,47.99,True
O002962,P0237,1,31.99,False
O002963,P0263,1,22.99,False
O002964,P0252,1,85.99,False
O002964,P0045,1,55.99,False
O002965,P0037,1,111.99,False
O002966,P0258,1,60.99,False
O002967,P0288,1,12.99,False
O002967,P0132,1,51.99,False
O002967,P0128,1,61.99,False
O002967,P0097,1,19.99,False
O002968,P0039,1,117.99,False
O002969,P0287,1,14.99,False
O002969,P0110,1,134.99,False
O002970,P0133,1,105.99,False
O002971,P0135,1,38.99,False
O002972,P0188,1,26.99,False
O002972,P0107,3,31.99,False
O002973,P0003,1,461.99,False
O002973,P0073,1,53.99,False
O002974,P0133,1,105.99,False
O002975,P0105,1,94.99,False
O002976,P0071,1,171.99,False
O002977,P0279,1,37.99,False
O002978,P0115,1,51.99,False
O002979,P0244,1,26.99,False
O002980,P0291,1,8.99,False
O002981,P0032,1,664.99,False
O002981,P0058,1,133.99,False
O002982,P0141,1,59.99,False
O002983,P0271,1,30.99,False
O002983,P0123,3,84.99,False
O002983,P0127,2,16.99,False
O002984,P0177,1,66.99,False
O002985,P0138,1,30.99,False
O002986,P0005,1,158.99,False
O002987,P0224,2,65.99,False
O002988,P0022,1,47.99,False
O002989,P0104,1,20.99,False
O002989,P0149,1,11.99,False
O002990,P0055,1,30.99,False
O002991,P0113,1,77.99,False
O002992,P0174,2,87.99,False
O002992,P0130,2,60.99,False
O002993,P0005,1,158.99,False
O002994,P0072,2,49.99,False
O002995,P0191,1,62.99,False
O002996,P0055,2,30.99,False
O002996,P0170,1,23.99,False
O002997,P0264,2,188.99,False
O002998,P0060,1,100.99,False
O002999,P0065,2,33.99,False
O003000,P0025,1,42.99,False
O003000,P0227,1,20.99,True
O003000,P0085,1,160.99,False
O003001,P0133,2,105.99,False
O003002,P0215,1,55.99,False
O003003,P0248,1,224.99,False
O003004,P0197,1,20.99,False
O003004,P0115,1,51.99,False
O003005,P0127,1,16.99,False
O003006,P0041,1,181.99,False
O003006,P0092,2,215.99,False
O003006,P0134,1,53.99,False
O003007,P0045,1,55.99,False
O003008,P0130,1,60.99,False
O003009,P0152,1,24.99,False
O003010,P0167,1,40.99,False
O003011,P0209,1,22.99,False
O003012,P0048,2,126.99,False
O003012,P0129,1,13.99,False
O003012,P0254,1,48.99,False
O003013,P0185,1,49.99,False
O003014,P0223,1,11.99,False
O003015,P0181,1,100.99,False
O003015,P0163,1,13.99,False
O003015,P0214,2,16.99,False
O003015,P0048,1,126.99,False
O003015,P0245,2,27.99,True
O003016,P0107,1,31.99,True
O003017,P0287,1,14.99,False
O003017,P0115,1,51.99,False
O003018,P0180,2,14.99,True
O003019,P0039,1,117.99,False
O003020,P0251,1,213.99,False
O003020,P0019,1,432.99,False
O003020,P0233,1,78.99,False
O003021,P0126,1,66.99,False
O003021,P0080,1,61.99,False
O003021,P0201,2,13.99,False
O003022,P0287,1,14.99,False
O003022,P0227,1,20.99,False
O003023,P0102,1,55.99,False
O003024,P0217,1,16.99,False
O003025,P0226,1,49.99,False
O003026,P0161,1,14.99,False
O003026,P0067,1,48.99,False
O003027,P0256,1,19.99,False
O003027,P0279,1,37.99,False
O003028,P0130,1,60.99,False
O003028,P0185,1,49.99,False
O003029,P0263,1,22.99,False
O003030,P0003,1,,True
O003030,P0126,1,66.99,False
O003030,P0144,1,91.99,False
O003031,P0290,1,15.99,False
O003031,P0130,1,60.99,False
O003032,P0235,1,14.99,False
O003033,P0029,2,57.99,False
O003034,P0199,1,16.99,False
O003035,P0023,1,313.99,False
O003035,P0030,1,91.99,False
O003036,P0207,2,21.99,False
O003036,P0179,1,34.99,False
O003037,P0231,1,10.99,False
O003038,P0060,1,100.99,False
O003038,P0212,1,20.99,False
O003039,P0285,1,38.99,False
O003040,P0091,1,37.99,False
O003041,P0229,1,41.99,False
O003042,P0203,1,48.99,False
O003042,P0249,1,19.99,False
O003043,P0265,1,24.99,False
O003044,P0009,1,64.99,False
O003045,P0261,2,147.99,False
O003046,P0294,2,39.99,False
O003046,P0012,1,321.99,False
O003046,P0049,1,106.99,False
O003047,P0216,1,23.99,False
O003048,P0140,2,19.99,False
O003048,P0288,1,12.99,False
O003049,P0093,1,37.99,False
O003049,P0084,1,16.99,False
O003050,P0216,2,23.99,False
O003051,P0055,1,30.99,False
O003051,P0004,2,715.99,False
O003051,P0228,1,17.99,True
O003052,P0005,1,158.99,False
O003053,P0059,1,21.99,False
O003053,P0110,2,134.99,False
O003054,P0089,2,31.99,False
O003054,P0115,2,51.99,False
O003055,P0296,1,36.99,False
O003055,P0021,2,77.99,False
O003055,P0069,1,15.99,False
O003056,P0205,1,48.99,False
O003056,P0210,1,9.99,False
O003057,P0209,2,22.99,False
O003058,P0268,1,27.99,False
O003058,P0091,1,37.99,False
O003059,P0060,1,100.99,False
O003060,P0269,2,219.99,True
O003061,P0281,1,43.99,False
O003062,P0296,1,36.99,False
O003063,P0127,1,16.99,False
O003064,P0092,1,215.99,False
O003064,P0004,1,715.99,False
O003065,P0270,1,25.99,True
O003065,P0263,1,22.99,False
O003066,P0227,1,20.99,False
O003067,P0049,1,106.99,False
O003068,P0168,1,50.99,False
O003069,P0110,1,134.99,False
O003070,P0213,2,57.99,False
O003070,P0103,1,141.99,False
O003071,P0220,1,8.99,False
O003072,P0163,2,13.99,False
O003073,P0185,1,49.99,False
O003074,P0082,1,74.99,False
O003074,P0063,1,20.99,False
O003075,P0105,1,94.99,False
O003076,P0215,1,55.99,False
O003077,P0263,1,22.99,False
O003078,P0136,1,15.99,False
O003079,P0129,1,13.99,False
O003080,P0271,1,30.99,False
O003081,P0210,1,9.99,False
O003081,P0088,1,54.99,False
O003082,P0205,1,48.99,False
O003083,P0145,1,39.99,False
O003084,P0112,1,163.99,True
O003085,P0161,1,14.99,False
O003086,P0217,1,16.99,False
O003086,P0001,1,444.99,False
O003087,P0256,1,19.99,False
O003087,P0123,1,84.99,False
O003087,P0056,1,154.99,False
O003088,P0111,2,240.99,False
O003088,P0024,2,141.99,False
O003089,P0134,1,53.99,True
O003090,P0052,1,410.99,False
O003091,P0245,1,27.99,False
O003091,P0009,1,64.99,False
O003091,P0149,1,11.99,False
O003092,P0253,1,246.99,False
O003093,P0201,1,13.99,False
O003094,P0083,1,42.99,False
O003095,P0229,1,41.99,False
O003096,P0107,1,31.99,False
O003097,P0105,1,94.99,False
O003098,P0289,1,25.99,False
O003098,P0227,2,20.99,False
O003099,P0231,1,10.99,False
O003100,P0185,1,49.99,False
O003100,P0084,2,16.99,False
O003101,P0097,2,19.99,False
O003102,P0244,1,26.99,False
O003103,P0157,2,29.99,True
O003104,P0172,2,49.99,False
O003105,P0250,2,281.99,False
O003106,P0015,1,61.99,False
O003106,P0270,1,25.99,False
O003107,P0241,1,15.99,False
O003107,P0143,1,50.99,False
O003108,P0014,1,133.99,False
O003109,P0276,2,21.99,False
O003110,P0194,1,65.99,False
O003111,P0119,1,186.99,False
O003111,P0247,1,133.99,False
O003111,P0138,1,30.99,False
O003111,P0108,1,22.99,False
O003111,P0204,1,37.99,False
O003112,P0269,2,219.99,False
O003113,P0143,2,50.99,False
O003114,P0011,2,71.99,False
O003115,P0104,1,20.99,False
O003115,P0128,1,61.99,False
O003115,P0060,2,100.99,False
O003116,P0133,1,105.99,False
O003117,P0066,1,88.99,False
O003118,P0068,2,143.99,False
O003119,P0241,1,15.99,False
O003120,P0198,2,14.99,True
O003121,P0195,1,18.99,False
O003122,P0246,1,46.99,False
O003123,P0269,1,219.99,False
O003124,P0028,1,284.99,False
O003124,P0101,1,84.99,False
O003125,P0271,1,30.99,False
O003126,P0243,2,115.99,False
O003127,P0173,1,95.99,False
O003127,P0083,1,42.99,False
O003128,P0068,1,143.99,True
O003129,P0041,1,181.99,False
O003130,P0198,1,14.99,False
O003130,P0073,1,53.99,False
O003131,P0014,2,133.99,False
O003132,P0118,1,97.99,False
O003133,P0043,1,201.99,False
O003133,P0204,1,37.99,False
O003134,P0129,1,13.99,False
O003135,P0019,1,432.99,False
O003135,P0169,1,18.99,False
O003135,P0170,1,23.99,False
O003135,P0284,1,26.99,False
O003136,P0250,1,281.99,False
O003136,P0178,1,71.99,False
O003137,P0028,1,284.99,False
O003138,P0138,1,30.99,False
O003139,P0259,1,62.99,False
O003139,P0215,1,55.99,False
O003140,P0215,1,55.99,False
O003141,P0013,2,353.99,True
O003142,P0110,1,134.99,False
O003142,P0132,1,51.99,False
O003143,P0199,1,16.99,False
O003143,P0075,1,79.99,False
O003143,P0264,2,188.99,False
O003143,P0105,1,94.99,False
O003143,P0025,1,42.99,False
O003143,P0086,1,133.99,False
O003144,P0012,1,321.99,False
O003144,P0208,1,8.99,False
O003144,P0185,2,49.99,False
O003145,P0163,1,13.99,False
O003146,P0134,1,53.99,True
O003146,P0243,2,115.99,False
O003147,P0057,1,80.99,False
O003148,P0164,1,83.99,False
O003149,P0194,1,65.99,False
O003150,P0255,1,116.99,False
O003151,P0020,1,102.99,False
O003152,P0209,2,22.99,False
O003153,P0043,1,201.99,False
O003153,P0177,2,66.99,False
O003154,P0148,1,17.99,False
O003154,P0215,2,55.99,False
O003154,P0222,1,7.99,False
O003155,P0292,1,14.99,False
O003156,P0104,1,20.99,False
O003157,P0054,1,127.99,False
O003158,P0270,1,25.99,False
O003158,P0049,1,106.99,False
O003159,P0288,1,12.99,False
O003159,P0189,1,46.99,False
O003160,P0293,1,43.99,False
O003161,P0204,1,37.99,False
O003161,P0028,1,284.99,False
O003162,P0079,2,,False
O003163,P0291,1,8.99,False
O003164,P0226,1,49.99,False
O003165,P0104,1,20.99,False
O003166,P0149,1,11.99,True
O003166,P0187,1,93.99,True
O003167,P0058,1,133.99,False
O003168,P0267,2,45.99,False
O003168,P0113,-1,77.99,False
O003168,P0102,1,55.99,False
O003169,P0209,1,22.99,False
O003170,P0069,1,15.99,False
O003171,P0068,1,143.99,False
O003171,P0239,1,37.99,False
O003172,P0016,2,316.99,True
O003172,P0107,1,31.99,False
O003173,P0212,1,20.99,False
O003174,P0201,1,13.99,False
O003175,P0246,1,46.99,False
O003176,P0227,1,20.99,False
O003177,P0096,1,168.99,False
O003177,P0179,1,34.99,False
O003178,P0178,1,71.99,False
O003179,P0251,1,213.99,False
O003180,P0040,2,179.99,False
O003180,P0084,2,16.99,False
O003181,P0098,1,21.99,False
O003182,P0055,1,30.99,False
O003183,P0207,1,21.99,False
O003184,P0258,1,60.99,False
O003185,P0163,1,13.99,False
O003186,P0049,1,106.99,False
O003187,P0066,1,88.99,False
O003188,P0118,1,97.99,False
O003189,P0230,1,61.99,False
O003190,P0169,1,18.99,False
O003190,P0060,1,100.99,False
O003191,P0283,1,6.99,False
O003191,P0231,1,10.99,False
O003192,P0205,1,48.99,False
O003192,P0088,1,54.99,False
O003193,P0006,1,525.99,False
O003194,P0033,1,103.99,False
O003195,P0290,1,15.99,False
O003196,P0216,1,23.99,False
O003196,P0211,1,39.99,False
O003197,P0215,2,55.99,False
O003197,P0274,1,153.99,True
O003198,P0299,1,22.99,False
O003199,P0170,2,23.99,False
O003199,P0082,1,74.99,False
O003200,P0186,1,56.99,False
O003200,P0259,1,62.99,False
O003201,P0212,2,20.99,False
O003201,P0281,1,43.99,False
O003202,P0108,1,22.99,False
O003203,P0100,1,30.99,False
O003204,P0052,1,410.99,False
O003205,P0116,1,19.99,False
O003205,P0219,1,10.99,False
O003206,P0142,2,73.99,False
O003206,P0075,1,79.99,False
O003206,P0052,1,410.99,False
O003207,P0082,1,74.99,False
O003208,P0297,1,11.99,False
O003208,P0214,1,16.99,False
O003209,P0275,1,72.99,False
O003210,P0200,1,30.99,False
O003210,P0281,1,43.99,False
O003210,P0236,1,36.99,False
O003211,P0178,1,71.99,False
O003211,P0023,1,313.99,False
O003212,P0068,1,143.99,False
O003213,P0170,1,23.99,False
O003214,P0266,2,85.99,False
O003214,P0069,1,15.99,False
O003214,P0148,1,17.99,True
O003214,P0166,1,84.99,False
O003215,P0293,1,43.99,False
O003216,P0126,1,66.99,False
O003217,P0153,1,28.99,True
O003217,P0071,1,171.99,False
O003218,P0069,1,15.99,False
O003218,P0101,1,84.99,False
O003219,P0046,1,384.99,False
O003220,P0292,1,14.99,False
O003221,P0040,1,179.99,False
O003222,P0001,1,444.99,False
O003223,P0013,1,353.99,False
O003224,P0272,1,40.99,False
O003225,P0102,1,55.99,False
O003226,P0227,1,20.99,False
O003226,P0020,1,102.99,False
O003227,P0065,2,33.99,False
O003228,P0174,1,87.99,False
O003229,P0040,1,179.99,False
O003230,P0083,1,42.99,False
O003231,P0116,1,19.99,False
O003232,P0149,1,11.99,False
O003232,P0140,2,19.99,False
O003233,P0013,1,353.99,False
O003234,P0014,1,133.99,False
O003235,P0189,1,46.99,False
O003235,P0157,1,29.99,True
O003236,P0129,1,13.99,False
O003237,P0296,1,36.99,False
O003238,P0250,1,281.99,False
O003238,P0219,1,10.99,False
O003239,P0138,2,30.99,False
O003239,P0043,1,201.99,False
O003240,P0178,1,71.99,False
O003241,P0062,1,111.99,False
O003242,P0109,1,43.99,False
O003243,P0133,1,105.99,True
O003243,P0147,1,82.99,False
O003244,P0276,1,21.99,False
O003245,P0014,1,133.99,False
O003245,P0189,1,46.99,False
O003246,P0125,1,12.99,False
O003247,P0184,1,75.99,False
O003247,P0197,1,20.99,False
O003248,P0254,1,48.99,False
O003249,P0018,2,320.99,False
O003250,P0242,2,19.99,False
O003251,P0300,1,28.99,False
O003252,P0253,1,246.99,False
O003253,P0283,1,6.99,False
O003253,P0252,1,85.99,False
O003253,P0111,2,240.99,False
O003254,P0031,1,372.99,False
O003255,P0137,1,31.99,False
O003255,P0160,1,36.99,False
O003256,P0267,1,45.99,False
O003256,P0111,1,240.99,False
O003257,P0291,1,8.99,False
O003258,P0079,1,78.99,False
O003259,P0080,1,61.99,False
O003259,P0092,1,215.99,False
O003259,P0147,1,82.99,False
O003260,P0124,1,70.99,False
O003261,P0056,2,154.99,False
O003262,P0262,2,284.99,True
O003263,P0271,1,30.99,False
O003264,P0287,1,14.99,False
O003264,P0078,1,17.99,False
O003265,P0293,1,43.99,False
O003265,P0162,1,52.99,True
O003266,P0286,1,43.99,False
O003266,P0196,1,22.99,False
O003267,P0132,1,51.99,False
O003268,P0268,1,27.99,False
O003269,P0206,1,35.99,False
O003270,P0152,1,24.99,False
O003270,P0225,1,76.99,False
O003270,P0229,1,41.99,False
O003270,P0028,1,284.99,False
O003271,P0244,1,26.99,False
O003272,P0270,1,25.99,False
O003272,P0030,1,91.99,False
O003273,P0274,1,153.99,False
O003273,P0157,1,29.99,False
O003274,P0052,1,410.99,False
O003274,P0152,1,24.99,False
O003275,P0073,1,53.99,False
O003275,P0209,1,22.99,True
O003276,P0105,1,94.99,False
O003277,P0074,1,148.99,False
O003278,P0154,1,39.99,False
O003279,P0219,1,10.99,False
O003280,P0120,1,132.99,False
O003281,P0065,1,33.99,False
O003282,P0018,1,320.99,False
O003283,P0138,1,30.99,False
O003283,P0165,1,84.99,False
O003284,P0285,2,38.99,False
O003285,P0173,1,95.99,False
O003286,P0011,2,71.99,False
O003286,P0158,1,34.99,False
O003287,P0138,1,30.99,False
O003288,P0187,2,93.99,True
O003289,P0057,2,80.99,False
O003290,P0068,1,143.99,True
O003291,P0057,1,80.99,False
O003292,P0045,1,55.99,False
O003293,P0196,2,22.99,False
O003293,P0230,1,61.99,False
O003294,P0114,2,152.99,False
O003294,P0085,1,160.99,False
O003294,P0196,1,22.99,False
O003295,P0294,1,39.99,False
O003296,P0262,1,284.99,False
O003297,P0274,2,153.99,False
O003298,P0089,1,31.99,True
O003299,P0284,1,26.99,False
O003299,P0083,1,42.99,True
O003300,P0283,1,6.99,False
O003300,P0101,2,84.99,False
O003301,P0278,1,9.99,False
O003301,P0169,1,18.99,False
O003302,P0119,2,186.99,False
O003302,P0066,1,88.99,False
O003302,P0011,1,71.99,False
O003303,P0188,1,26.99,False
O003304,P0243,1,115.99,False
O003305,P0282,1,7.99,False
O003305,P0282,1,7.99,False
O003306,P0228,1,17.99,False
O003307,P0116,1,19.99,False
O003308,P0059,2,21.99,False
O003308,P0138,1,30.99,False
O003308,P0152,1,24.99,False
O003308,P0103,-1,141.99,False
O003309,P0286,1,43.99,False
O003310,P0008,1,72.99,False
O003310,P0044,1,650.99,False
O003310,P0098,1,21.99,False
O003310,P0161,1,14.99,False
O003311,P0205,1,48.99,False
O003311,P0250,2,281.99,False
O003312,P0276,2,21.99,False
O003313,P0172,1,49.99,False
O003314,P0229,1,41.99,False
O003315,P0248,1,224.99,True
O003316,P0214,3,16.99,False
O003316,P0011,1,71.99,False
O003316,P0211,1,39.99,False
O003317,P0254,1,48.99,False
O003317,P0252,2,85.99,False
O003317,P0039,1,117.99,False
O003318,P0227,1,20.99,False
O003318,P0003,2,461.99,False
O003319,P0130,1,60.99,False
O003320,P0255,1,116.99,False
O003321,P0123,1,84.99,False
O003322,P0271,1,30.99,True
O003322,P0250,1,281.99,False
O003323,P0122,1,47.99,False
O003324,P0255,1,116.99,False
O003324,P0165,1,84.99,False
O003325,P0185,1,49.99,False
O003326,P0247,1,133.99,False
O003327,P0076,1,21.99,False
O003328,P0133,1,105.99,False
O003328,P0018,1,320.99,False
O003329,P0164,1,83.99,False
O003330,P0152,1,24.99,True
O003330,P0281,1,43.99,False
O003331,P0037,1,111.99,False
O003332,P0014,1,133.99,False
O003332,P0138,1,30.99,False
O003333,P0042,1,174.99,False
O003334,P0023,1,313.99,False
O003335,P0091,1,37.99,False
O003336,P0181,1,100.99,False
O003337,P0088,1,54.99,False
O003338,P0151,1,27.99,False
O003339,P0034,1,423.99,False
O003340,P0072,1,49.99,False
O003340,P0140,1,19.99,False
O003341,P0035,1,281.99,False
O003342,P0085,3,160.99,False
O003342,P0137,1,31.99,False
O003343,P0269,1,219.99,False
O003343,P0231,1,10.99,False
O003343,P0126,1,66.99,False
O003344,P0029,1,57.99,False
O003345,P0282,1,7.99,False
O003345,P0042,1,174.99,False
O003346,P0210,1,9.99,False
O003347,P0110,1,134.99,False
O003347,P0168,1,50.99,False
O003348,P0273,1,30.99,False
O003348,P0019,1,432.99,False
O003349,P0092,1,215.99,False
O003350,P0240,1,76.99,False
O003350,P0237,2,31.99,False
O003350,P0039,1,117.99,False
O003351,P0263,1,22.99,False
O003352,P0110,1,134.99,False
O003352,P0001,1,444.99,False
O003352,P0183,1,61.99,False
O003353,P0222,1,7.99,False
O003353,P0246,1,46.99,False
O003354,P0038,1,67.99,False
O003354,P0001,1,444.99,False
O003355,P0101,1,84.99,False
O003355,P0042,2,174.99,False
O003356,P0232,1,77.99,False
O003357,P0100,1,30.99,False
O003358,P0234,1,60.99,False
O003359,P0219,2,10.99,False
O003360,P0092,1,215.99,False
O003361,P0109,2,43.99,False
O003362,P0098,2,21.99,False
O003363,P0151,1,27.99,False
O003363,P0102,1,55.99,False
O003363,P0237,1,31.99,False
O003364,P0097,1,19.99,False
O003364,P0282,2,7.99,False
O003364,P0282,1,7.99,False
O003365,P0011,1,71.99,False
O003366,P0201,1,13.99,False
O003367,P0157,1,29.99,False
O003368,P0038,1,67.99,False
O003368,P0070,1,28.99,False
O003369,P0297,1,11.99,False
O003370,P0092,2,215.99,False
O003370,P0197,1,20.99,False
O003371,P0248,1,224.99,False
O003372,P0191,1,62.99,True
O003372,P0099,1,79.99,False
O003372,P0268,1,27.99,False
O003373,P0125,1,12.99,False
O003374,P0006,2,525.99,False
O003375,P0144,2,91.99,False
O003376,P0092,1,215.99,False
O003376,P0209,1,22.99,False
O003377,P0125,1,12.99,False
O003378,P0247,1,133.99,False
O003378,P0152,1,24.99,False
O003379,P0051,1,45.99,False
O003379,P0197,1,20.99,False
O003379,P0202,1,14.99,False
O003379,P0054,1,127.99,False
O003380,P0281,1,43.99,False
O003381,P0208,1,8.99,False
O003381,P0001,1,444.99,False
O003382,P0138,2,30.99,False
O003382,P0148,1,17.99,False
O003383,P0183,1,61.99,False
O003384,P0261,1,147.99,False
O003385,P0246,1,46.99,False
O003386,P0062,1,111.99,False
O003386,P0041,1,181.99,False
O003387,P0139,1,24.99,False
O003388,P0239,1,37.99,False
O003389,P0226,1,49.99,False
O003390,P0135,1,38.99,False
O003390,P0152,2,24.99,False
O003391,P0089,1,31.99,False
O003392,P0139,2,24.99,False
O003393,P0264,2,188.99,False
O003393,P0038,1,67.99,False
O003394,P0258,1,60.99,True
O003395,P0122,1,47.99,False
O003395,P0009,1,64.99,False
O003396,P0260,1,20.99,False
O003397,P0100,1,30.99,False
O003398,P0010,1,109.99,False
O003399,P0293,1,43.99,False
O003399,P0105,1,94.99,False
O003400,P0057,1,80.99,False
O003401,P0298,2,6.99,False
O003402,P0264,1,188.99,False
O003402,P0097,1,19.99,False
O003403,P0059,1,21.99,False
O003404,P0082,1,74.99,False
O003405,P0178,1,71.99,False
O003405,P0067,1,48.99,False
O003406,P0294,2,39.99,False
O003407,P0061,1,105.99,False
O003408,P0195,1,18.99,False
O003409,P0074,1,148.99,False
O003410,P0090,2,28.99,False
O003410,P0050,1,88.99,False
O003410,P0010,2,109.99,False
O003411,P0159,1,96.99,False
O003411,P0298,1,6.99,False
O003411,P0080,1,61.99,False
O003412,P0226,1,49.99,False
O003412,P0099,1,79.99,False
O003412,P0031,1,372.99,False
O003413,P0042,2,174.99,False
O003414,P0061,1,105.99,False
O003414,P0275,1,72.99,False
O003415,P0012,2,321.99,False
O003415,P0234,1,60.99,False
O003416,P0245,3,27.99,False
O003416,P0295,2,13.99,False
O003417,P0183,1,61.99,True
O003418,P0164,2,83.99,False
O003418,P0036,1,145.99,False
O003419,P0045,2,55.99,False
O003420,P0126,2,66.99,True
O003421,P0193,2,79.99,False
O003422,P0008,1,72.99,False
O003423,P0158,1,34.99,False
O003424,P0043,2,201.99,False
O003424,P0205,1,48.99,False
O003424,P0209,1,22.99,False
O003425,P0287,2,14.99,True
O003426,P0036,2,145.99,False
O003427,P0014,2,133.99,False
O003428,P0237,1,31.99,False
O003429,P0054,1,127.99,False
O003430,P0133,1,105.99,True
O003431,P0009,1,64.99,False
O003432,P0123,1,84.99,False
O003433,P0064,2,58.99,False
O003434,P0129,1,13.99,False
O003434,P0225,1,76.99,False
O003435,P0140,1,19.99,False
O003435,P0272,2,40.99,False
O003436,P0294,1,39.99,False
O003437,P0025,1,42.99,True
O003437,P0200,1,30.99,False
O003438,P0059,1,21.99,False
O003439,P0223,2,11.99,False
O003440,P0188,1,26.99,False
O003441,P0247,1,133.99,False
O003441,P0141,1,59.99,True
O003442,P0203,1,48.99,False
O003443,P0078,1,17.99,False
O003444,P0022,2,47.99,False
O003444,P0265,1,24.99,True
O003445,P0024,1,141.99,False
O003446,P0118,1,97.99,True
O003447,P0040,1,179.99,False
O003448,P0245,1,27.99,False
O003449,P0067,2,48.99,True
O003449,P0168,1,50.99,True
O003450,P0260,1,20.99,False
O003450,P0033,2,103.99,False
O003450,P0293,1,43.99,False
O003451,P0278,1,9.99,False
O003451,P0059,1,21.99,False
O003452,P0104,2,20.99,False
O003452,P0052,1,410.99,False
O003453,P0008,1,72.99,False
O003454,P0051,1,45.99,False
O003455,P0248,1,224.99,False
O003456,P0189,1,46.99,False
O003456,P0217,1,16.99,True
O003457,P0009,1,64.99,False
O003458,P0234,2,60.99,False
O003459,P0294,1,39.99,False
O003459,P0186,1,56.99,False
O003460,P0291,1,8.99,False
O003461,P0047,2,692.99,False
O003462,P0201,1,13.99,False
O003463,P0225,2,76.99,False
O003463,P0039,2,117.99,False
O003464,P0068,1,143.99,False
O003465,P0125,1,12.99,False
O003466,P0252,1,85.99,False
O003466,P0102,1,55.99,False
O003466,P0297,2,11.99,False
O003467,P0106,1,37.99,False
O003468,P0036,1,145.99,False
O003469,P0110,2,134.99,False
O003469,P0081,1,16.99,False
O003470,P0154,1,39.99,False
O003471,P0219,1,10.99,False
O003472,P0209,1,22.99,False
O003473,P0002,1,53.99,False
O003473,P0082,2,74.99,False
O003474,P0007,1,120.99,True
O003475,P0118,1,97.99,False
O003476,P0122,1,47.99,False
O003477,P0290,2,15.99,False
O003477,P0101,2,84.99,False
O003478,P0223,1,11.99,False
O003479,P0122,1,47.99,False
O003480,P0205,1,48.99,False
O003480,P0193,1,79.99,False
O003480,P0085,1,,True
O003480,P0262,1,284.99,True
O003481,P0019,1,432.99,False
O003482,P0184,1,75.99,False
O003482,P0009,1,64.99,False
O003482,P0273,1,30.99,False
O003483,P0058,1,133.99,False
O003483,P0223,2,11.99,False
O003484,P0297,1,11.99,False
O003484,P0087,1,21.99,False
O003485,P0013,1,353.99,False
O003486,P0292,2,14.99,False
O003487,P0037,1,111.99,False
O003487,P0208,2,8.99,False
O003488,P0035,1,281.99,False
O003489,P0255,2,116.99,False
O003490,P0130,1,60.99,False
O003491,P0003,1,461.99,False
O003491,P0094,1,143.99,False
O003491,P0198,1,14.99,False
O003492,P0259,1,62.99,False
O003493,P0180,1,14.99,False
O003494,P0240,1,76.99,False
O003495,P0004,2,715.99,False
O003495,P0091,1,37.99,False
O003496,P0066,1,88.99,False
O003496,P0127,1,16.99,False
O003497,P0139,1,24.99,False
O003497,P0011,1,71.99,False
O003497,P0258,1,60.99,False
O003497,P0027,1,349.99,False
O003498,P0236,1,36.99,False
O003499,P0295,1,13.99,False
O003500,P0188,1,26.99,False
O003500,P0176,1,115.99,False
O003501,P0021,1,77.99,False
O003501,P0231,1,10.99,False
O003501,P0231,2,10.99,False
O003501,P0229,1,41.99,False
O003502,P0192,1,30.99,False
O003503,P0055,1,30.99,False
O003504,P0016,2,316.99,False
O003505,P0049,1,106.99,False
O003505,P0019,1,432.99,False
O003506,P0073,1,53.99,False
O003506,P0172,1,49.99,False
O003506,P0149,1,11.99,False
O003507,P0134,1,53.99,True
O003508,P0138,1,30.99,False
O003508,P0211,1,39.99,False
O003508,P0144,1,91.99,False
O003509,P0049,1,106.99,False
O003510,P0169,2,18.99,False
O003511,P0198,1,14.99,False
O003512,P0200,1,30.99,False
O003512,P0291,1,8.99,False
O003513,P0111,1,240.99,False
O003513,P0300,1,28.99,False
O003514,P0096,1,168.99,False
O003515,P0146,1,36.99,False
O003516,P0217,1,16.99,False
O003517,P0054,1,127.99,False
O003517,P0087,1,21.99,False
O003518,P0135,1,38.99,False
O003519,P0227,1,20.99,False
O003520,P0214,1,16.99,False
O003521,P0025,1,42.99,False
O003522,P0168,1,50.99,False
O003523,P0261,1,147.99,False
O003523,P0051,2,45.99,False
O003524,P0158,1,34.99,False
O003524,P0033,1,103.99,True
O003525,P0244,1,26.99,False
O003525,P0151,2,27.99,False
O003526,P0134,1,53.99,False
O003526,P0273,1,30.99,False
O003526,P0232,1,77.99,False
O003527,P0093,1,37.99,False
O003528,P0237,2,31.99,False
O003529,P0246,1,46.99,False
O003529,P0257,1,34.99,False
O003530,P0095,1,33.99,False
O003531,P0186,1,56.99,False
O003531,P0110,1,134.99,False
O003531,P0130,1,60.99,False
O003532,P0132,1,51.99,False
O003533,P0215,1,55.99,False
O003533,P0186,1,56.99,True
O003534,P0117,1,32.99,False
O003535,P0137,2,31.99,False
O003536,P0263,1,22.99,False
O003536,P0033,1,103.99,False
O003537,P0062,1,111.99,False
O003538,P0261,2,147.99,False
O003539,P0160,2,36.99,False
O003540,P0264,2,188.99,False
O003541,P0185,1,49.99,True
O003542,P0092,1,215.99,False
O003543,P0050,1,88.99,False
O003544,P0124,1,70.99,False
O003545,P0066,1,88.99,False
O003545,P0060,1,100.99,False
O003546,P0004,2,715.99,False
O003547,P0283,2,6.99,False
O003548,P0221,1,13.99,False
O003548,P0129,1,13.99,False
O003549,P0275,1,72.99,False
O003550,P0288,1,12.99,False
O003550,P0057,1,80.99,True
O003551,P0033,2,103.99,False
O003552,P0079,1,78.99,False
O003552,P0275,1,72.99,True
O003553,P0091,2,37.99,False
O003554,P0003,1,461.99,False
O003554,P0206,1,35.99,False
O003555,P0263,1,22.99,False
O003556,P0067,1,48.99,False
O003557,P0021,1,77.99,False
O003557,P0044,1,650.99,False
O003558,P0017,1,166.99,True
O003559,P0062,2,111.99,False
O003559,P0269,1,219.99,False
O003559,P0178,1,71.99,True
O003560,P0170,1,23.99,False
O003560,P0199,1,16.99,False
O003561,P0210,1,9.99,False
O003562,P0038,1,67.99,False
O003563,P0178,1,71.99,False
O003563,P0091,1,37.99,False
O003564,P0134,1,53.99,False
O003565,P0061,1,105.99,False
O003566,P0018,1,320.99,False
O003567,P0255,1,116.99,False
O003567,P0297,1,11.99,False
O003568,P0019,1,432.99,False
O003569,P0113,1,77.99,False
O003570,P0282,1,7.99,False
O003571,P0062,1,111.99,False
O003572,P0020,1,102.99,False
O003573,P0272,2,40.99,False
O003574,P0232,1,77.99,False
O003574,P0249,2,19.99,False
O003575,P0073,1,53.99,False
O003576,P0223,1,11.99,False
O003576,P0036,1,145.99,False
O003577,P0077,1,32.99,False
O003577,P0198,1,14.99,False
O003577,P0143,1,50.99,False
O003578,P0062,1,111.99,False
O003579,P0068,1,143.99,False
O003580,P0035,2,281.99,False
O003581,P0295,1,13.99,True
O003581,P0202,1,14.99,False
O003582,P0147,1,82.99,False
O003583,P0235,1,14.99,False
O003584,P0014,1,133.99,False
O003584,P0180,2,14.99,False
O003584,P0109,2,43.99,False
O003585,P0062,1,111.99,False
O003586,P0065,1,33.99,False
O003586,P0137,1,31.99,False
O003587,P0291,1,8.99,False
O003588,P0039,1,117.99,False
O003588,P0219,2,10.99,False
O003589,P0065,1,33.99,False
O003589,P0258,1,60.99,True
O003590,P0102,1,55.99,False
O003591,P0184,1,75.99,True
O003592,P0101,1,84.99,True
O003593,P0100,2,30.99,False
O003593,P0260,1,20.99,False
O003594,P0282,1,7.99,False
O003595,P0278,1,9.99,False
O003596,P0085,1,160.99,False
O003597,P0275,1,72.99,False
O003598,P0039,1,117.99,False
O003599,P0245,2,27.99,False
O003600,P0048,1,126.99,False
O003601,P0281,1,43.99,False
O003602,P0197,1,20.99,False
O003603,P0018,1,320.99,False
O003603,P0161,2,14.99,False
O003604,P0021,1,77.99,True
O003604,P0131,2,17.99,False
O003605,P0062,1,111.99,False
O003606,P0209,2,22.99,False
O003607,P0036,1,145.99,False
O003607,P0092,1,215.99,False
O003608,P0013,1,353.99,False
O003608,P0047,1,692.99,False
O003609,P0093,1,37.99,False
O003610,P0069,1,15.99,False
O003611,P0030,3,91.99,False
O003612,P0147,1,82.99,False
O003613,P0009,1,64.99,True
O003614,P0165,1,84.99,False
O003615,P0190,1,17.99,False
O003615,P0095,1,33.99,False
O003616,P0136,2,15.99,False
O003616,P0171,1,22.99,False
O003616,P0103,2,141.99,False
O003617,P0234,1,60.99,False
O003618,P0130,1,60.99,False
O003619,P0080,2,61.99,True
O003619,P0158,1,34.99,False
O003619,P0085,1,160.99,False
O003620,P0173,1,95.99,False
O003621,P0165,1,84.99,False
O003621,P0015,2,61.99,False
O003621,P0029,1,57.99,False
O003621,P0167,1,40.99,False
O003622,P0206,2,35.99,False
O003622,P0297,1,11.99,False
O003622,P0021,1,77.99,False
O003623,P0257,1,34.99,False
O003624,P0159,1,96.99,False
O003625,P0085,1,160.99,False
O003625,P0280,1,12.99,False
O003626,P0101,1,84.99,False
O003626,P0123,1,84.99,False
O003627,P0088,1,54.99,False
O003627,P0117,1,32.99,False
O003628,P0069,1,15.99,False
O003628,P0190,1,17.99,True
O003629,P0140,2,19.99,False
O003630,P0112,1,163.99,False
O003631,P0065,1,33.99,False
O003631,P0124,1,70.99,False
O003631,P0105,1,94.99,False
O003631,P0226,1,49.99,False
O003632,P0197,1,20.99,False
O003633,P0174,2,87.99,False
O003634,P0190,1,17.99,False
O003635,P0040,1,179.99,False
O003636,P0176,1,115.99,False
O003637,P0073,1,53.99,False
O003637,P0036,1,145.99,False
O003637,P0251,1,213.99,False
O003637,P0012,1,321.99,False
O003638,P0238,1,32.99,False
O003639,P0005,1,158.99,False
O003639,P0115,1,51.99,False
O003639,P0011,1,71.99,True
O003639,P0058,2,133.99,False
O003639,P0171,1,22.99,False
O003640,P0092,1,215.99,False
O003640,P0083,2,42.99,False
O003641,P0026,1,65.99,False
O003641,P0061,1,105.99,False
O003642,P0095,1,33.99,False
O003643,P0144,1,91.99,True
O003644,P0294,1,,False
O003645,P0234,2,60.99,False
O003646,P0037,1,111.99,False
O003646,P0242,1,19.99,False
O003647,P0116,2,19.99,False
O003648,P0119,1,186.99,False
O003649,P0063,1,20.99,False
O003650,P0041,1,181.99,False
O003651,P0138,1,30.99,False
O003651,P0155,1,81.99,False
O003651,P0103,1,141.99,False
O003652,P0048,1,126.99,False
O003652,P0151,2,27.99,False
O003652,P0205,2,48.99,False
O003653,P0229,1,41.99,False
O003653,P0176,1,115.99,False
O003654,P0244,1,26.99,False
O003654,P0219,1,10.99,False
O003654,P0093,2,37.99,True
O003655,P0200,2,30.99,False
O003655,P0083,1,42.99,False
O003655,P0214,1,16.99,False
O003656,P0172,1,49.99,True
O003656,P0215,1,55.99,False
O003657,P0077,1,32.99,False
O003657,P0005,1,158.99,False
O003657,P0167,1,40.99,False
O003657,P0054,1,127.99,False
O003658,P0089,2,31.99,False
O003658,P0272,1,40.99,False
O003658,P0168,1,50.99,True
O003658,P0100,1,30.99,False
O003658,P0210,2,9.99,False
O003659,P0018,1,320.99,False
O003659,P0227,1,20.99,False
O003660,P0187,1,93.99,False
O003661,P0240,1,76.99,False
O003662,P0188,1,26.99,False
O003662,P0016,1,316.99,False
O003662,P0150,2,16.99,False
O003663,P0117,1,32.99,False
O003663,P0197,1,20.99,False
O003664,P0034,1,423.99,False
O003665,P0230,1,61.99,False
O003666,P0022,1,47.99,True
O003666,P0246,1,46.99,False
O003667,P0296,1,36.99,False
O003668,P0229,1,,False
O003669,P0207,1,21.99,False
O003670,P0083,1,42.99,False
O003670,P0127,1,16.99,True
O003671,P0125,1,12.99,True
O003671,P0184,1,75.99,False
O003672,P0151,1,27.99,True
O003672,P0180,1,14.99,False
O003673,P0145,1,39.99,False
O003674,P0231,1,10.99,False
O003674,P0051,1,45.99,True
O003675,P0067,2,48.99,False
O003675,P0167,1,40.99,False
O003675,P0143,1,50.99,False
O003676,P0098,0,21.99,False
O003677,P0149,1,11.99,False
O003678,P0197,1,20.99,False
O003679,P0249,1,19.99,False
O003680,P0229,1,41.99,False
O003681,P0059,1,21.99,False
O003682,P0127,2,16.99,False
O003683,P0084,1,16.99,False
O003684,P0093,2,37.99,False
O003685,P0155,1,81.99,True
O003686,P0179,3,34.99,False
O003687,P0285,1,38.99,False
O003688,P0237,1,31.99,False
O003688,P0034,1,423.99,False
O003689,P0122,1,47.99,True
O003690,P0116,1,19.99,False
O003691,P0163,1,13.99,False
O003692,P0039,2,117.99,False
O003692,P0105,1,94.99,False
O003693,P0195,1,18.99,False
O003694,P0195,1,18.99,False
O003695,P0048,1,126.99,False
O003695,P0206,2,35.99,False
O003695,P0103,1,141.99,False
O003696,P0002,1,53.99,False
O003697,P0017,1,166.99,False
O003698,P0263,2,22.99,False
O003698,P0059,1,21.99,False
O003699,P0104,1,20.99,False
O003700,P0026,1,65.99,False
O003701,P0281,1,43.99,False
O003701,P0151,2,27.99,False
O003702,P0218,1,40.99,False
O003703,P0207,1,21.99,False
O003704,P0254,1,48.99,False
O003705,P0104,2,20.99,False
O003706,P0222,1,7.99,False
O003707,P0153,1,28.99,False
O003708,P0289,3,25.99,False
O003708,P0066,1,88.99,False
O003709,P0136,1,15.99,False
O003710,P0137,1,31.99,True
O003711,P0070,1,28.99,False
O003712,P0175,1,32.99,False
O003713,P0123,1,84.99,False
O003714,P0115,2,51.99,True
O003714,P0169,1,18.99,False
O003715,P0153,1,28.99,False
O003716,P0014,1,133.99,False
O003717,P0103,2,141.99,False
O003717,P0162,1,52.99,False
O003718,P0067,1,48.99,False
O003718,P0104,1,20.99,False
O003719,P0280,2,12.99,False
O003720,P0116,1,19.99,False
O003720,P0211,1,39.99,False
O003720,P0299,1,22.99,False
O003720,P0243,1,115.99,False
O003721,P0105,1,94.99,False
O003722,P0255,2,116.99,False
O003723,P0253,1,246.99,False
O003723,P0049,1,106.99,False
O003724,P0099,1,79.99,False
O003724,P0125,1,12.99,False
O003725,P0207,2,21.99,False
O003726,P0020,1,102.99,False
O003727,P0248,2,224.99,False
O003727,P0274,1,153.99,False
O003728,P0197,2,20.99,False
O003728,P0086,1,133.99,False
O003729,P0033,1,103.99,False
O003730,P0120,1,132.99,False
O003731,P0052,2,410.99,False
O003732,P0269,1,219.99,False
O003732,P0192,1,30.99,False
O003733,P0018,1,320.99,False
O003734,P0138,1,30.99,True
O003735,P0089,1,31.99,False
O003736,P0194,1,65.99,False
O003737,P0243,1,115.99,False
O003737,P0106,2,37.99,False
O003738,P0117,1,32.99,True
O003739,P0154,2,39.99,False
O003740,P0069,2,15.99,False
O003741,P0109,1,43.99,False
O003742,P0284,1,26.99,False
O003742,P0096,2,168.99,False
O003743,P0059,1,21.99,False
O003743,P0145,1,39.99,False
O003743,P0164,1,83.99,False
O003743,P0105,1,94.99,False
O003743,P0005,1,158.99,False
O003744,P0110,1,134.99,False
O003744,P0023,2,313.99,False
O003745,P0262,1,284.99,False
O003746,P0283,1,6.99,False
O003747,P0183,1,61.99,True
O003747,P0043,1,201.99,True
O003748,P0113,1,77.99,False
O003749,P0064,1,58.99,False
O003750,P0253,1,246.99,False
O003751,P0110,1,134.99,False
O003752,P0008,1,72.99,True
O003753,P0251,1,213.99,False
O003754,P0104,1,20.99,False
O003755,P0070,1,28.99,False
O003756,P0254,1,48.99,False
O003756,P0089,1,31.99,False
O003756,P0061,1,105.99,False
O003757,P0043,1,201.99,True
O003757,P0256,1,19.99,False
O003758,P0045,1,55.99,False
O003758,P0150,1,16.99,False
O003759,P0284,1,26.99,False
O003760,P0234,1,60.99,False
O003761,P0138,1,30.99,True
O003761,P0050,1,88.99,False
O003761,P0249,1,19.99,False
O003762,P0106,2,37.99,False
O003762,P0026,1,65.99,False
O003762,P0128,1,61.99,False
O003762,P0151,1,27.99,False
O003763,P0250,1,281.99,False
O003763,P0025,1,42.99,False
O003764,P0157,2,29.99,False
O003764,P0288,1,12.99,False
O003765,P0266,1,85.99,False
O003766,P0218,2,40.99,False
O003767,P0256,1,19.99,False
O003768,P0102,1,55.99,False
O003769,P0160,1,36.99,False
O003770,P0192,2,30.99,False
O003771,P0087,1,21.99,False
O003772,P0245,1,27.99,False
O003773,P0009,1,64.99,False
O003773,P0086,1,133.99,False
O003774,P0154,1,39.99,False
O003775,P0056,1,154.99,False
O003776,P0039,1,117.99,False
O003777,P0248,1,224.99,False
O003777,P0231,2,10.99,False
O003778,P0220,2,8.99,False
O003778,P0131,2,17.99,False
O003778,P0297,1,11.99,False
O003779,P0294,1,39.99,False
O003780,P0230,1,61.99,False
O003781,P0225,1,76.99,False
O003782,P0228,1,17.99,False
O003783,P0124,1,70.99,True
O003783,P0253,1,246.99,False
O003784,P0028,1,284.99,False
O003785,P0142,2,73.99,False
O003785,P0078,1,17.99,False
O003786,P0002,1,53.99,False
O003786,P0160,1,36.99,False
O003787,P0065,1,33.99,True
O003788,P0258,1,60.99,False
O003788,P0210,2,9.99,False
O003788,P0226,1,49.99,False
O003789,P0288,1,12.99,False
O003789,P0134,1,53.99,False
O003790,P0119,1,186.99,False
O003791,P0220,1,8.99,False
O003792,P0189,1,46.99,False
O003793,P0188,1,26.99,False
O003793,P0222,1,7.99,False
O003794,P0226,1,49.99,False
O003794,P0198,1,14.99,False
O003794,P0206,1,35.99,False
O003795,P0203,1,48.99,False
O003796,P0151,1,27.99,False
O003797,P0042,1,174.99,False
O003798,P0255,1,116.99,False
O003798,P0002,1,53.99,False
O003799,P0078,1,17.99,False
O003800,P0001,1,444.99,False
O003801,P0070,1,28.99,False
O003801,P0274,1,153.99,False
O003802,P0176,2,115.99,False
O003803,P0163,1,13.99,False
O003804,P0071,1,171.99,False
O003805,P0289,1,25.99,False
O003806,P0159,1,96.99,True
O003807,P0227,1,20.99,False
O003808,P0019,1,432.99,False
O003809,P0066,2,88.99,False
O003809,P0144,1,91.99,True
O003810,P0209,1,22.99,True
O003810,P0179,1,34.99,False
O003811,P0211,2,39.99,False
O003811,P0235,1,14.99,False
O003812,P0005,1,158.99,False
O003813,P0166,1,84.99,False
O003814,P0296,1,36.99,False
O003815,P0084,2,16.99,False
O003815,P0144,1,91.99,True
O003816,P0284,1,26.99,False
O003817,P0097,1,19.99,False
O003818,P0048,1,126.99,False
O003818,P0233,1,78.99,False
O003819,P0297,1,11.99,False
O003819,P0085,1,160.99,False
O003820,P0087,1,21.99,False
O003821,P0135,1,38.99,False
O003822,P0232,1,77.99,False
O003823,P0249,1,19.99,False
O003824,P0109,1,43.99,False
O003825,P0291,1,8.99,False
O003825,P0202,1,14.99,False
O003826,P0136,1,15.99,True
O003826,P0040,1,179.99,True
O003827,P0157,1,29.99,False
O003827,P0042,1,174.99,False
O003827,P0101,1,84.99,False
O003828,P0200,1,30.99,False
O003828,P0017,2,166.99,False
O003829,P0292,1,14.99,False
O003829,P0017,1,166.99,False
O003830,P0051,1,45.99,False
O003830,P0079,1,78.99,False
O003831,P0137,1,31.99,True
O003831,P0183,2,61.99,False
O003832,P0127,1,16.99,False
O003832,P0266,1,85.99,False
O003833,P0068,1,143.99,False
O003833,P0293,1,43.99,False
O003834,P0053,1,200.99,False
O003835,P0266,2,85.99,False
O003836,P0292,2,14.99,False
O003836,P0268,1,,False
O003837,P0242,1,19.99,False
O003837,P0288,1,12.99,False
O003838,P0164,1,83.99,False
O003839,P0145,1,39.99,False
O003839,P0276,1,21.99,False
O003840,P0062,1,111.99,False
O003841,P0124,1,70.99,False
O003841,P0297,1,11.99,False
O003841,P0201,1,13.99,False
O003842,P0063,2,20.99,False
O003843,P0178,1,71.99,False
O003843,P0146,1,36.99,False
O003843,P0033,1,103.99,False
O003844,P0019,1,432.99,False
O003845,P0182,1,12.99,False
O003846,P0021,1,77.99,False
O003847,P0188,2,26.99,False
O003848,P0127,1,16.99,True
O003848,P0250,1,,False
O003849,P0177,2,66.99,False
O003850,P0048,1,126.99,False
O003851,P0270,1,25.99,True
O003852,P0245,1,27.99,False
O003853,P0264,1,188.99,False
O003853,P0273,1,30.99,False
O003853,P0256,1,19.99,False
O003854,P0118,1,97.99,False
O003854,P0243,2,115.99,False
O003855,P0260,1,20.99,False
O003855,P0043,1,201.99,False
O003856,P0141,2,59.99,False
O003857,P0183,3,61.99,False
O003857,P0080,1,61.99,False
O003858,P0113,1,77.99,False
O003859,P0243,2,115.99,False
O003860,P0188,1,26.99,False
O003861,P0205,2,48.99,False
O003861,P0291,1,8.99,False
O003861,P0182,1,12.99,False
O003862,P0026,2,65.99,False
O003863,P0006,1,525.99,False
O003863,P0027,1,349.99,False
O003864,P0286,1,43.99,False
O003865,P0240,1,76.99,False
O003865,P0136,1,15.99,False
O003866,P0249,1,19.99,False
O003866,P0166,1,84.99,False
O003867,P0182,1,12.99,False
O003868,P0078,1,17.99,False
O003869,P0208,1,8.99,False
O003869,P0049,1,106.99,False
O003870,P0199,1,16.99,False
O003871,P0239,2,37.99,False
O003871,P0061,2,105.99,False
O003872,P0030,2,91.99,False
O003873,P0236,1,36.99,False
O003874,P0191,1,62.99,False
O003874,P0007,2,120.99,False
O003875,P0245,1,27.99,False
O003876,P0217,1,16.99,False
O003876,P0022,1,47.99,False
O003877,P0126,2,66.99,False
O003877,P0118,1,97.99,False
O003878,P0223,1,11.99,False
O003879,P0054,1,127.99,False
O003879,P0291,1,8.99,False
O003880,P0210,1,9.99,False
O003881,P0112,1,163.99,False
O003881,P0214,1,16.99,False
O003881,P0271,1,30.99,False
O003882,P0253,1,246.99,False
O003882,P0013,1,353.99,False
O003883,P0017,1,166.99,False
O003884,P0201,1,13.99,False
O003884,P0108,2,22.99,False
O003884,P0117,1,32.99,False
O003885,P0198,1,14.99,False
O003886,P0142,1,73.99,True
O003887,P0215,1,55.99,False
O003888,P0125,1,12.99,False
O003889,P0270,1,25.99,False
O003889,P0101,1,84.99,False
O003890,P0271,1,30.99,False
O003890,P0273,1,30.99,False
O003891,P0296,2,36.99,False
O003891,P0046,1,384.99,False
O003891,P0254,1,48.99,False
O003892,P0057,2,80.99,False
O003892,P0297,1,11.99,False
O003893,P0066,1,88.99,False
O003893,P0214,1,16.99,False
O003894,P0093,1,37.99,False
O003894,P0280,1,12.99,True
O003895,P0141,1,59.99,False
O003896,P0231,1,10.99,False
O003896,P0139,1,24.99,False
O003897,P0054,1,127.99,False
O003898,P0049,1,106.99,False
O003899,P0053,2,200.99,False
O003900,P0035,1,281.99,False
O003901,P0219,2,10.99,False
O003902,P0196,1,22.99,False
O003903,P0086,1,133.99,False
O003904,P0213,1,57.99,False
O003905,P0249,1,19.99,False
O003906,P0150,1,16.99,False
O003907,P0289,1,25.99,False
O003908,P0074,1,148.99,False
O003908,P0011,1,71.99,False
O003908,P0161,1,14.99,True
O003909,P0062,1,111.99,False
O003909,P0029,2,57.99,False
O003909,P0035,1,281.99,False
O003909,P0100,1,30.99,False
O003910,P0044,1,650.99,False
O003911,P0297,1,11.99,False
O003911,P0040,1,179.99,False
O003912,P0002,1,53.99,False
O003912,P0037,1,111.99,False
O003913,P0172,1,49.99,True
O003914,P0288,1,12.99,False
O003914,P0077,1,32.99,False
O003915,P0169,1,18.99,False
O003916,P0132,1,51.99,False
O003916,P0195,1,18.99,False
O003917,P0266,2,85.99,False
O003917,P0040,1,179.99,False
O003917,P0042,1,174.99,True
O003917,P0166,1,84.99,False
O003918,P0164,1,83.99,False
O003919,P0046,1,384.99,False
O003920,P0109,1,43.99,False
O003921,P0264,1,188.99,False
O003922,P0234,1,60.99,False
O003923,P0269,1,219.99,False
O003923,P0109,2,43.99,False
O003924,P0241,1,15.99,False
O003924,P0290,1,15.99,False
O003925,P0280,1,12.99,False
O003926,P0281,1,43.99,False
O003927,P0007,1,120.99,False
O003927,P0097,1,19.99,False
O003928,P0052,1,410.99,False
O003929,P0069,1,15.99,False
O003930,P0294,1,39.99,False
O003931,P0190,2,17.99,True
O003932,P0247,1,133.99,False
O003932,P0251,1,213.99,False
O003933,P0150,1,16.99,False
O003934,P0145,2,39.99,False
O003934,P0252,1,85.99,False
O003935,P0188,2,26.99,False
O003935,P0104,1,20.99,False
O003936,P0124,1,70.99,False
O003937,P0221,1,13.99,False
O003938,P0249,2,19.99,False
O003939,P0243,2,115.99,False
O003940,P0123,1,84.99,False
O003941,P0190,1,17.99,False
O003942,P0048,1,126.99,False
O003942,P0275,2,72.99,False
O003942,P0284,1,26.99,False
O003943,P0078,1,17.99,False
O003943,P0066,1,88.99,False
O003944,P0207,1,21.99,False
O003945,P0299,1,22.99,False
O003945,P0247,2,133.99,False
O003945,P0150,1,16.99,False
O003946,P0220,2,8.99,False
O003947,P0023,1,313.99,False
O003948,P0252,2,85.99,False
O003949,P0269,1,219.99,False
O003949,P0173,1,95.99,False
O003949,P0094,1,143.99,False
O003950,P0231,1,10.99,False
O003951,P0292,2,14.99,False
O003952,P0234,1,60.99,False
O003952,P0186,2,56.99,True
O003953,P0040,1,179.99,False
O003953,P0222,2,7.99,False
O003954,P0195,2,18.99,False
O003954,P0256,1,19.99,False
O003955,P0136,1,15.99,False
O003955,P0009,1,64.99,False
O003956,P0218,1,40.99,False
O003957,P0007,1,120.99,False
O003958,P0231,1,10.99,True
O003959,P0049,1,106.99,False
O003960,P0176,1,115.99,False
O003961,P0281,1,43.99,False
O003962,P0278,1,9.99,False
O003963,P0024,1,141.99,False
O003964,P0092,2,215.99,False
O003965,P0093,1,37.99,False
O003965,P0281,1,43.99,False
O003966,P0052,1,410.99,False
O003966,P0101,1,84.99,False
O003966,P0011,1,71.99,False
O003967,P0071,1,171.99,False
O003968,P0167,1,40.99,False
O003969,P0130,2,60.99,False
O003969,P0241,2,15.99,True
O003970,P0177,1,66.99,False
O003970,P0025,1,42.99,False
O003971,P0013,1,353.99,False
O003972,P0154,1,39.99,False
O003973,P0056,2,154.99,False
O003973,P0120,1,132.99,True
O003973,P0286,1,43.99,False
O003973,P0152,1,24.99,False
O003973,P0128,1,61.99,False
O003973,P0061,1,105.99,False
O003974,P0085,1,160.99,True
O003975,P0106,1,37.99,False
O003976,P0121,2,53.99,False
O003977,P0165,1,84.99,False
O003978,P0245,2,27.99,False
O003978,P0263,1,22.99,False
O003979,P0150,1,16.99,False
O003979,P0231,1,10.99,False
O003980,P0296,1,36.99,False
O003980,P0168,1,50.99,False
O003980,P0266,2,85.99,False
O003980,P0263,2,22.99,False
O003981,P0040,1,179.99,False
O003982,P0258,2,60.99,False
O003983,P0117,1,32.99,False
O003983,P0084,1,16.99,False
O003983,P0236,1,36.99,False
O003984,P0245,2,27.99,False
O003985,P0055,1,30.99,False
O003986,P0202,1,14.99,False
O003987,P0158,1,34.99,False
O003988,P0182,1,12.99,False
O003989,P0223,1,11.99,False
O003989,P0258,1,60.99,False
O003990,P0130,1,60.99,False
O003990,P0085,1,160.99,False
O003990,P0185,1,49.99,False
O003991,P0014,1,133.99,False
O003992,P0184,1,75.99,False
O003992,P0124,2,70.99,False
O003993,P0248,1,224.99,False
O003993,P0110,1,134.99,False
O003994,P0011,2,71.99,True
O003995,P0285,1,38.99,False
O003995,P0087,1,21.99,False
O003996,P0018,1,320.99,False
O003996,P0015,1,61.99,False
O003997,P0002,2,53.99,False
O003998,P0189,2,46.99,False
O003999,P0232,1,77.99,False
O003999,P0179,1,34.99,True
O004000,P0148,2,17.99,False
O004000,P0299,2,22.99,False
O004001,P0145,1,39.99,False
O004001,P0109,1,43.99,False
O004002,P0034,2,423.99,False
O004003,P0244,1,26.99,False
O004003,P0163,2,13.99,False
O004004,P0300,1,28.99,False
O004005,P0284,2,26.99,False
O004006,P0276,1,21.99,False
O004007,P0290,1,15.99,False
O004007,P0255,1,116.99,False
O004008,P0282,1,7.99,False
O004008,P0132,1,51.99,False
O004008,P0291,1,8.99,False
O004009,P0085,1,160.99,False
O004010,P0039,1,117.99,False
O004011,P0184,2,75.99,False
O004011,P0153,2,28.99,False
O004012,P0046,1,384.99,False
O004013,P0245,1,27.99,False
O004013,P0052,1,410.99,False
O004014,P0074,1,148.99,False
O004015,P0180,1,14.99,True
O004016,P0275,1,72.99,False
O004017,P0260,1,20.99,False
O004017,P0268,1,27.99,False
O004017,P0128,2,61.99,False
O004018,P0229,1,41.99,False
O004018,P0236,1,36.99,False
O004019,P0262,1,284.99,False
O004019,P0160,1,36.99,False
O004020,P0037,2,111.99,True
O004021,P0060,2,100.99,False
O004022,P0063,1,20.99,False
O004023,P0162,1,52.99,False
O004023,P0175,2,32.99,False
O004023,P0182,1,12.99,False
O004024,P0195,2,18.99,False
O004024,P0037,1,111.99,False
O004025,P0146,1,36.99,False
O004025,P0005,2,158.99,False
O004025,P0153,2,28.99,False
O004026,P0167,1,40.99,False
O004027,P0259,1,62.99,False
O004028,P0240,1,76.99,False
O004028,P0085,1,160.99,False
O004029,P0039,1,117.99,False
O004030,P0071,1,171.99,False
O004031,P0240,1,76.99,False
O004031,P0244,1,26.99,False
O004032,P0242,1,19.99,False
O004032,P0012,1,321.99,False
O004033,P0193,1,79.99,False
O004034,P0109,1,43.99,False
O004035,P0015,1,61.99,False
O004036,P0089,1,31.99,False
O004037,P0079,1,78.99,False
O004037,P0300,1,28.99,False
O004037,P0125,1,12.99,False
O004038,P0227,1,20.99,False
O004038,P0203,1,48.99,False
O004039,P0045,1,55.99,False
O004040,P0030,1,91.99,False
O004041,P0157,1,29.99,True
O004041,P0207,1,21.99,False
O004042,P0042,1,174.99,False
O004043,P0238,2,32.99,False
O004043,P0080,2,61.99,False
O004043,P0288,1,12.99,False
O004044,P0257,1,34.99,False
O004044,P0078,2,17.99,False
O004045,P0174,1,87.99,False
O004046,P0231,1,10.99,False
O004047,P0058,1,133.99,False
O004048,P0062,1,111.99,True
O004049,P0191,2,62.99,False
O004050,P0045,1,55.99,False
O004051,P0090,1,28.99,False
O004052,P0052,1,410.99,True
O004052,P0069,1,15.99,False
O004053,P0129,1,13.99,False
O004054,P0201,1,13.99,False
O004055,P0114,1,152.99,False
O004056,P0042,1,174.99,False
O004056,P0080,1,61.99,False
O004057,P0145,1,39.99,False
O004057,P0071,1,171.99,False
O004057,P0147,1,82.99,False
O004058,P0083,1,42.99,False
O004059,P0300,1,28.99,False
O004060,P0160,1,36.99,False
O004061,P0188,1,26.99,False
O004062,P0171,1,22.99,False
O004063,P0251,1,213.99,False
O004063,P0189,1,46.99,False
O004064,P0127,1,16.99,False
O004065,P0219,1,10.99,False
O004066,P0126,1,66.99,False
O004067,P0268,1,27.99,False
O004067,P0287,2,14.99,False
O004068,P0063,1,20.99,False
O004069,P0273,1,30.99,False
O004070,P0077,1,32.99,False
O004070,P0082,1,74.99,False
O004071,P0250,2,281.99,False
O004072,P0129,1,13.99,False
O004073,P0114,1,152.99,False
O004074,P0039,1,117.99,False
O004075,P0072,1,49.99,False
O004076,P0283,1,6.99,False
O004077,P0294,1,39.99,False
O004078,P0217,1,16.99,False
O004079,P0099,1,79.99,False
O004079,P0298,1,6.99,False
O004080,P0070,1,28.99,False
O004080,P0004,1,715.99,False
O004081,P0119,2,186.99,False
O004082,P0182,1,12.99,True
O004083,P0013,2,353.99,False
O004084,P0178,1,71.99,True
O004085,P0020,1,102.99,False
O004086,P0146,1,36.99,False
O004087,P0272,1,40.99,False
O004087,P0145,1,39.99,False
O004088,P0172,1,49.99,False
O004088,P0247,1,133.99,False
O004089,P0289,1,25.99,False
O004090,P0128,1,61.99,True
O004091,P0099,1,79.99,False
O004092,P0006,1,525.99,False
O004092,P0255,1,116.99,False
O004093,P0240,2,76.99,False
O004093,P0155,1,81.99,False
O004094,P0070,1,28.99,False
O004094,P0017,1,166.99,False
O004095,P0157,1,29.99,True
O004096,P0199,1,16.99,False
O004096,P0043,2,201.99,False
O004097,P0212,1,20.99,False
O004098,P0066,3,88.99,False
O004099,P0091,2,37.99,False
O004100,P0251,1,213.99,False
O004100,P0250,1,281.99,False
O004101,P0078,1,17.99,False
O004101,P0263,2,22.99,False
O004102,P0073,2,53.99,False
O004103,P0234,2,60.99,False
O004103,P0065,2,33.99,False
O004104,P0180,1,14.99,False
O004104,P0006,1,525.99,False
O004105,P0132,1,51.99,False
O004106,P0134,1,53.99,False
O004107,P0036,1,145.99,False
O004107,P0124,1,70.99,False
O004107,P0107,1,31.99,False
O004108,P0254,2,48.99,False
O004109,P0018,1,320.99,False
O004109,P0167,1,40.99,True
O004110,P0137,2,31.99,False
O004111,P0274,1,153.99,False
O004111,P0009,1,64.99,False
O004112,P0250,1,281.99,False
O004113,P0066,1,88.99,True
O004113,P0240,1,76.99,False
O004114,P0256,1,19.99,False
O004114,P0193,1,79.99,False
O004115,P0103,1,141.99,False
O004116,P0164,1,83.99,False
O004116,P0291,1,8.99,False
O004117,P0101,2,84.99,False
O004118,P0001,1,444.99,False
O004118,P0221,1,13.99,False
O004119,P0084,1,16.99,False
O004120,P0204,1,37.99,False
O004121,P0197,1,20.99,False
O004122,P0253,2,246.99,False
O004122,P0111,1,240.99,False
O004123,P0176,1,115.99,False
O004123,P0220,2,8.99,False
O004123,P0213,1,57.99,False
O004124,P0285,1,38.99,False
O004125,P0161,1,14.99,False
O004126,P0198,1,14.99,False
O004127,P0015,2,61.99,False
O004127,P0241,1,15.99,False
O004128,P0184,1,75.99,False
O004129,P0052,2,410.99,False
O004129,P0297,1,11.99,False
O004130,P0121,1,53.99,True
O004130,P0094,1,143.99,False
O004131,P0041,1,181.99,False
O004132,P0076,2,21.99,False
O004133,P0127,1,16.99,False
O004133,P0069,1,15.99,False
O004134,P0063,2,20.99,False
O004135,P0248,1,224.99,False
O004136,P0216,1,23.99,False
O004137,P0125,1,12.99,True
O004137,P0073,1,53.99,False
O004138,P0124,1,70.99,False
O004139,P0142,1,73.99,False
O004140,P0113,2,77.99,False
O004140,P0030,1,91.99,False
O004141,P0144,1,91.99,False
O004141,P0248,1,224.99,False
O004141,P0127,1,16.99,False
O004142,P0236,1,36.99,False
O004142,P0040,2,179.99,False
O004142,P0233,1,78.99,False
O004143,P0079,1,78.99,False
O004144,P0052,1,410.99,True
O004144,P0036,1,145.99,True
O004145,P0297,1,11.99,False
O004145,P0079,1,78.99,False
O004146,P0159,1,96.99,False
O004146,P0088,2,54.99,True
O004146,P0230,1,61.99,False
O004147,P0047,1,692.99,False
O004147,P0139,1,24.99,False
O004147,P0005,1,158.99,False
O004148,P0215,1,55.99,False
O004148,P0117,1,32.99,True
O004149,P0044,1,650.99,False
O004149,P0211,1,39.99,False
O004149,P0057,1,80.99,False
O004150,P0108,2,22.99,False
O004151,P0213,2,57.99,False
O004152,P0223,1,11.99,False
O004153,P0122,1,47.99,False
O004153,P0290,1,15.99,False
O004154,P0233,1,78.99,False
O004154,P0278,1,9.99,False
O004154,P0158,1,34.99,False
O004155,P0280,2,12.99,False
O004155,P0006,2,525.99,False
O004155,P0142,1,73.99,True
O004156,P0148,1,17.99,False
O004157,P0198,1,14.99,False
O004158,P0068,1,143.99,False
O004159,P0157,-1,29.99,False
O004160,P0279,1,37.99,False
O004160,P0150,2,16.99,False
O004161,P0124,1,70.99,False
O004162,P0007,1,120.99,False
O004163,P0199,1,16.99,False
O004164,P0176,1,115.99,False
O004165,P0167,2,40.99,False
O004166,P0102,1,55.99,False
O004166,P0076,1,21.99,False
O004167,P0104,1,20.99,False
O004168,P0241,1,15.99,False
O004169,P0231,3,10.99,False
O004170,P0033,2,103.99,False
O004170,P0140,1,19.99,True
O004171,P0114,1,152.99,False
O004172,P0286,1,43.99,False
O004172,P0079,1,78.99,False
O004173,P0205,1,48.99,False
O004174,P0274,1,153.99,False
O004174,P0145,1,39.99,True
O004175,P0059,1,21.99,False
O004176,P0028,1,284.99,False
O004177,P0047,1,692.99,False
O004177,P0137,1,31.99,True
O004178,P0101,1,84.99,False
O004179,P0030,1,91.99,False
O004180,P0237,2,31.99,False
O004181,P0143,1,50.99,False
O004181,P0003,1,461.99,False
O004182,P0242,1,19.99,True
O004183,P0038,1,67.99,False
O004183,P0276,2,21.99,False
O004184,P0084,1,16.99,False
O004185,P0142,1,73.99,False
O004186,P0273,1,30.99,False
O004187,P0043,1,201.99,False
O004188,P0125,1,12.99,False
O004189,P0189,2,46.99,False
O004190,P0014,1,133.99,False
O004191,P0064,1,58.99,False
O004192,P0097,1,19.99,False
O004193,P0152,1,24.99,False
O004194,P0194,1,65.99,False
O004195,P0080,1,61.99,False
O004196,P0179,1,34.99,False
O004197,P0209,1,22.99,False
O004198,P0004,1,715.99,False
O004198,P0011,1,71.99,False
O004198,P0225,1,76.99,False
O004199,P0135,1,38.99,False
O004200,P0069,1,15.99,False
O004201,P0243,2,115.99,False
O004201,P0192,1,30.99,False
O004201,P0239,1,37.99,False
O004202,P0214,1,16.99,False
O004203,P0068,1,143.99,False
O004204,P0300,1,28.99,False
O004205,P0009,1,64.99,False
O004206,P0074,1,148.99,False
O004206,P0244,1,26.99,False
O004207,P0163,1,13.99,False
O004208,P0038,1,67.99,False
O004209,P0137,1,31.99,False
O004209,P0279,1,37.99,False
O004210,P0260,1,20.99,False
O004211,P0109,1,43.99,False
O004212,P0263,2,22.99,False
O004212,P0230,1,61.99,False
O004212,P0281,1,43.99,False
O004213,P0300,1,28.99,False
O004213,P0177,2,66.99,True
O004213,P0293,1,43.99,False
O004213,P0206,1,35.99,False
O004214,P0162,1,52.99,False
O004214,P0131,2,17.99,False
O004214,P0212,1,20.99,False
O004215,P0267,1,45.99,False
O004215,P0104,1,20.99,True
O004216,P0166,1,84.99,False
O004216,P0084,1,16.99,False
O004216,P0107,1,31.99,False
O004217,P0201,1,13.99,True
O004217,P0203,1,48.99,False
O004218,P0167,2,40.99,True
O004219,P0194,1,65.99,False
O004219,P0093,1,37.99,False
O004219,P0097,1,19.99,False
O004220,P0215,1,55.99,False
O004221,P0265,1,24.99,False
O004222,P0076,1,21.99,False
O004223,P0288,1,12.99,False
O004224,P0094,1,143.99,False
O004225,P0103,1,141.99,False
O004225,P0158,1,34.99,False
O004226,P0164,1,83.99,False
O004227,P0103,1,141.99,False
O004228,P0039,1,117.99,False
O004228,P0097,1,19.99,False
O004229,P0187,1,93.99,False
O004229,P0112,1,163.99,True
O004230,P0120,1,132.99,False
O004230,P0091,1,37.99,False
O004230,P0193,1,79.99,False
O004231,P0272,1,40.99,False
O004232,P0155,2,81.99,True
O004232,P0208,2,8.99,False
O004233,P0236,1,36.99,False
O004234,P0271,1,30.99,False
O004235,P0122,1,47.99,False
O004235,P0161,1,14.99,False
O004236,P0055,1,30.99,False
O004237,P0201,1,13.99,False
O004237,P0245,1,27.99,False
O004238,P0058,1,133.99,False
O004239,P0036,1,145.99,False
O004240,P0245,1,27.99,False
O004241,P0044,1,650.99,False
O004242,P0132,1,51.99,False
O004243,P0183,2,61.99,False
O004244,P0175,1,32.99,True
O004244,P0117,1,32.99,False
O004245,P0104,1,20.99,False
O004246,P0026,2,65.99,False
O004247,P0185,1,49.99,False
O004248,P0071,1,171.99,False
O004248,P0201,1,13.99,False
O004249,P0076,1,21.99,False
O004249,P0224,1,65.99,False
O004250,P0278,1,9.99,False
O004251,P0243,2,115.99,False
O004251,P0057,1,80.99,False
O004251,P0282,1,7.99,False
O004252,P0145,1,39.99,False
O004253,P0279,1,37.99,False
O004253,P0039,2,117.99,False
O004254,P0078,1,17.99,False
O004254,P0207,1,21.99,False
O004255,P0292,1,14.99,False
O004256,P0207,1,21.99,False
O004256,P0042,1,174.99,False
O004257,P0247,1,133.99,False
O004257,P0073,1,53.99,False
O004258,P0155,1,81.99,True
O004258,P0181,1,100.99,False
O004259,P0083,1,42.99,False
O004260,P0237,1,31.99,False
O004261,P0159,1,96.99,False
O004262,P0228,1,17.99,False
O004263,P0116,2,19.99,False
O004264,P0237,1,31.99,False
O004265,P0025,1,42.99,False
O004266,P0194,1,65.99,False
O004266,P0280,1,12.99,False
O004267,P0268,1,27.99,False
O004267,P0104,1,20.99,False
O004268,P0189,1,46.99,False
O004269,P0213,1,57.99,False
O004270,P0024,1,141.99,False
O004271,P0248,1,224.99,False
O004271,P0027,1,349.99,False
O004271,P0015,2,61.99,False
O004272,P0118,1,97.99,False
O004272,P0244,1,26.99,False
O004273,P0262,1,284.99,False
O004274,P0149,1,11.99,False
O004275,P0064,1,58.99,False
O004276,P0116,1,19.99,False
O004277,P0005,1,158.99,False
O004278,P0230,2,61.99,False
O004279,P0052,1,410.99,True
O004280,P0186,1,56.99,False
O004280,P0252,1,85.99,False
O004280,P0009,1,64.99,False
O004281,P0093,1,37.99,True
O004281,P0097,1,19.99,False
O004282,P0063,1,20.99,False
O004283,P0273,1,30.99,False
O004284,P0264,1,188.99,False
O004285,P0061,1,105.99,False
O004286,P0280,1,12.99,False
O004287,P0238,1,32.99,False
O004288,P0231,1,10.99,False
O004289,P0265,1,24.99,True
O004289,P0194,1,65.99,False
O004290,P0293,1,43.99,False
O004291,P0288,2,12.99,False
O004292,P0209,1,22.99,False
O004292,P0222,1,7.99,False
O004293,P0018,1,320.99,False
O004294,P0104,1,20.99,False
O004294,P0295,1,13.99,False
O004295,P0221,1,13.99,False
O004295,P0027,1,349.99,False
O004296,P0261,1,147.99,False
O004296,P0129,1,13.99,False
O004297,P0276,1,21.99,False
O004298,P0229,1,41.99,False
O004298,P0250,1,281.99,False
O004299,P0292,1,14.99,False
O004300,P0002,1,53.99,False
O004300,P0189,2,46.99,False
O004301,P0155,1,81.99,False
O004301,P0128,2,61.99,False
O004302,P0222,1,7.99,False
O004303,P0236,1,36.99,False
O004304,P0081,2,16.99,False
O004304,P0063,1,20.99,False
O004304,P0192,2,30.99,False
O004305,P0108,3,22.99,False
O004306,P0099,1,79.99,False
O004307,P0254,2,48.99,False
O004308,P0010,1,109.99,False
O004309,P0286,1,43.99,False
O004310,P0239,1,37.99,False
O004310,P0140,1,19.99,False
O004311,P0086,1,133.99,False
O004312,P0105,1,94.99,False
O004312,P0219,2,10.99,False
O004312,P0288,2,12.99,False
O004313,P0224,1,65.99,False
O004314,P0157,1,29.99,False
O004314,P0169,2,18.99,False
O004315,P0082,1,74.99,False
O004316,P0110,2,134.99,False
O004316,P0021,1,77.99,False
O004316,P0088,1,54.99,False
O004317,P0076,1,21.99,False
O004318,P0040,1,179.99,False
O004319,P0113,1,77.99,False
O004320,P0236,1,36.99,False
O004321,P0178,1,71.99,False
O004322,P0118,1,97.99,False
O004322,P0179,2,34.99,True
O004323,P0089,3,31.99,False
O004323,P0164,1,83.99,False
O004324,P0093,1,37.99,False
O004324,P0288,1,12.99,False
O004324,P0212,2,20.99,False
O004325,P0175,2,32.99,False
O004326,P0086,1,133.99,False
O004326,P0283,1,6.99,False
O004327,P0031,1,372.99,False
O004328,P0087,1,21.99,False
O004329,P0088,1,54.99,False
O004329,P0071,1,171.99,False
O004330,P0229,1,41.99,False
O004331,P0299,1,22.99,False
O004332,P0057,1,80.99,False
O004333,P0107,1,31.99,False
O004334,P0014,1,133.99,False
O004335,P0159,1,96.99,True
O004336,P0073,1,53.99,False
O004337,P0276,1,21.99,False
O004338,P0196,1,22.99,False
O004338,P0033,1,103.99,False
O004339,P0047,2,692.99,False
O004340,P0169,1,18.99,False
O004341,P0146,1,36.99,True
O004342,P0105,1,94.99,False
O004342,P0119,2,186.99,False
O004343,P0259,1,62.99,False
O004343,P0172,1,49.99,False
O004344,P0220,1,8.99,False
O004344,P0009,1,64.99,False
O004345,P0058,2,133.99,False
O004345,P0110,1,134.99,False
O004345,P0146,1,36.99,False
O004345,P0289,1,25.99,False
O004346,P0204,1,37.99,False
O004347,P0094,1,143.99,False
O004348,P0131,1,17.99,False
O004349,P0251,1,213.99,False
O004350,P0133,1,105.99,False
O004351,P0050,1,88.99,False
O004351,P0250,1,281.99,False
O004352,P0053,1,200.99,False
O004353,P0135,1,38.99,False
O004354,P0145,2,39.99,False
O004355,P0179,1,34.99,False
O004355,P0255,2,116.99,False
O004356,P0161,2,14.99,False
O004356,P0271,1,30.99,False
O004357,P0103,1,141.99,False
O004357,P0038,1,67.99,False
O004357,P0071,2,171.99,False
O004358,P0159,1,96.99,True
O004358,P0208,1,8.99,False
O004359,P0089,1,31.99,False
O004360,P0026,1,65.99,False
O004361,P0068,1,143.99,False
O004361,P0285,1,38.99,False
O004362,P0105,1,94.99,False
O004363,P0266,1,85.99,False
O004364,P0047,1,692.99,False
O004365,P0045,2,55.99,False
O004366,P0012,1,321.99,False
O004366,P0191,1,62.99,False
O004367,P0283,2,6.99,False
O004368,P0193,2,79.99,False
O004369,P0294,1,39.99,False
O004369,P0210,1,9.99,False
O004370,P0111,1,240.99,False
O004371,P0227,2,20.99,False
O004371,P0271,1,30.99,False
O004371,P0235,1,14.99,False
O004371,P0259,1,62.99,False
O004372,P0227,1,20.99,False
O004373,P0273,1,30.99,False
O004374,P0064,1,58.99,False
O004375,P0202,1,14.99,False
O004376,P0041,1,181.99,False
O004377,P0023,1,313.99,False
O004377,P0188,1,26.99,False
O004377,P0070,1,28.99,False
O004377,P0270,1,25.99,False
O004378,P0004,1,715.99,False
O004379,P0094,1,143.99,False
O004380,P0300,1,28.99,False
O004381,P0294,1,39.99,False
O004381,P0117,1,32.99,True
O004382,P0140,1,19.99,False
O004383,P0253,1,246.99,False
O004384,P0085,2,160.99,False
O004385,P0201,1,13.99,False
O004385,P0145,1,39.99,False
O004386,P0243,1,115.99,False
O004387,P0278,1,9.99,False
O004388,P0016,1,316.99,False
O004388,P0182,1,12.99,False
O004389,P0165,1,84.99,False
O004390,P0128,1,61.99,True
O004391,P0174,1,87.99,False
O004392,P0145,1,39.99,False
O004392,P0169,1,18.99,False
O004393,P0163,2,13.99,False
O004394,P0138,1,30.99,True
O004394,P0171,1,22.99,False
O004395,P0258,2,60.99,False
O004396,P0290,1,15.99,False
O004396,P0141,1,59.99,False
O004396,P0211,1,39.99,False
O004397,P0035,1,281.99,False
O004398,P0157,1,29.99,False
O004398,P0195,1,18.99,False
O004398,P0126,1,66.99,False
O004399,P0078,1,17.99,False
O004399,P0154,1,39.99,False
O004400,P0260,1,20.99,False
O004401,P0293,1,43.99,False
O004401,P0035,1,281.99,False
O004402,P0187,1,93.99,False
O004403,P0115,1,51.99,False
O004404,P0022,1,47.99,False
O004405,P0074,1,148.99,False
O004405,P0057,1,80.99,False
O004406,P0111,1,240.99,False
O004406,P0263,1,22.99,False
O004406,P0284,1,26.99,False
O004406,P0151,1,27.99,False
O004407,P0279,1,37.99,False
O004407,P0290,1,15.99,False
O004407,P0191,1,62.99,False
O004408,P0264,1,188.99,False
O004408,P0103,2,141.99,False
O004409,P0273,1,30.99,False
O004410,P0213,1,57.99,False
O004410,P0017,1,166.99,False
O004410,P0014,1,133.99,False
O004411,P0112,1,163.99,False
O004411,P0040,1,179.99,False
O004412,P0103,1,141.99,False
O004413,P0093,1,37.99,False
O004413,P0293,1,43.99,False
O004414,P0260,1,20.99,False
O004414,P0165,2,84.99,False
O004415,P0161,1,14.99,False
O004416,P0233,1,78.99,False
O004417,P0031,1,372.99,False
O004417,P0266,1,85.99,False
O004418,P0150,1,16.99,False
O004419,P0287,1,14.99,False
O004420,P0199,1,16.99,False
O004421,P0208,1,8.99,False
O004422,P0003,1,461.99,False
O004422,P0190,1,17.99,False
O004423,P0003,1,461.99,False
O004424,P0089,2,31.99,False
O004425,P0197,1,20.99,True
O004426,P0239,1,37.99,False
O004426,P0044,1,650.99,False
O004426,P0154,1,39.99,False
O004427,P0097,1,19.99,False
O004427,P0047,1,692.99,False
O004427,P0255,1,116.99,False
O004428,P0150,1,16.99,False
O004429,P0214,1,16.99,False
O004429,P0196,2,22.99,False
O004429,P0123,1,84.99,False
O004429,P0156,1,116.99,True
O004430,P0142,2,73.99,False
O004431,P0184,1,75.99,False
O004431,P0252,1,85.99,True
O004431,P0121,1,53.99,False
O004432,P0022,1,47.99,False
O004433,P0041,1,181.99,False
O004433,P0062,1,111.99,False
O004434,P0235,1,14.99,False
O004435,P0173,1,95.99,False
O004436,P0282,1,7.99,False
O004437,P0158,1,34.99,False
O004437,P0152,1,24.99,False
O004438,P0120,1,132.99,False
O004439,P0214,1,16.99,False
O004439,P0079,1,78.99,False
O004440,P0053,1,200.99,False
O004441,P0024,1,141.99,False
O004442,P0105,1,94.99,False
O004443,P0177,1,66.99,False
O004443,P0220,1,8.99,False
O004443,P0095,1,33.99,True
O004444,P0251,1,213.99,False
O004444,P0132,1,51.99,False
O004445,P0268,1,27.99,False
O004446,P0289,2,25.99,False
O004447,P0226,1,49.99,False
O004447,P0013,1,353.99,False
O004447,P0267,1,45.99,False
O004448,P0163,1,13.99,False
O004449,P0202,2,14.99,False
O004450,P0195,1,18.99,False
O004450,P0052,1,410.99,False
O004451,P0020,1,102.99,False
O004452,P0239,1,37.99,False
O004452,P0056,2,154.99,False
O004452,P0071,1,171.99,False
O004453,P0257,1,34.99,False
O004453,P0296,1,36.99,False
O004454,P0299,1,22.99,False
O004454,P0044,1,650.99,False
O004454,P0068,1,143.99,False
O004454,P0141,1,59.99,True
O004455,P0017,2,166.99,False
O004455,P0216,1,23.99,True
O004455,P0065,1,33.99,False
O004455,P0062,1,111.99,False
O004456,P0220,2,8.99,False
O004456,P0144,1,91.99,False
O004456,P0114,1,152.99,False
O004457,P0228,1,17.99,False
O004457,P0082,1,74.99,False
O004458,P0220,1,8.99,False
O004459,P0007,1,120.99,False
O004460,P0008,2,72.99,False
O004461,P0174,1,87.99,False
O004462,P0257,1,34.99,False
O004462,P0018,1,320.99,False
O004463,P0248,1,224.99,False
O004464,P0009,2,64.99,False
O004465,P0169,1,18.99,False
O004465,P0157,1,29.99,False
O004466,P0175,1,32.99,False
O004467,P0046,3,384.99,False
O004468,P0263,1,22.99,False
O004469,P0104,2,20.99,False
O004469,P0158,1,34.99,True
O004470,P0140,1,19.99,False
O004470,P0099,1,79.99,False
O004471,P0029,1,57.99,False
O004472,P0279,1,37.99,False
O004473,P0120,1,132.99,False
O004473,P0260,1,20.99,False
O004474,P0030,1,91.99,False
O004474,P0293,1,43.99,False
O004475,P0238,1,32.99,False
O004475,P0069,1,15.99,True
O004476,P0034,1,423.99,False
O004476,P0168,1,50.99,False
O004477,P0191,2,62.99,False
O004478,P0297,1,11.99,False
O004478,P0290,1,15.99,False
O004479,P0221,1,13.99,False
O004480,P0166,1,84.99,False
O004481,P0240,2,76.99,False
O004482,P0137,1,31.99,False
O004483,P0281,1,43.99,False
O004483,P0103,1,141.99,False
O004484,P0121,2,53.99,False
O004485,P0130,2,60.99,False
O004486,P0184,1,75.99,True
O004487,P0187,1,93.99,False
O004487,P0233,1,78.99,False
O004488,P0022,1,47.99,False
O004489,P0271,1,30.99,False
O004490,P0101,2,,False
O004491,P0168,1,50.99,False
O004492,P0203,1,48.99,False
O004493,P0184,1,75.99,False
O004493,P0156,1,116.99,False
O004493,P0210,1,9.99,False
O004494,P0289,2,25.99,False
O004494,P0224,1,65.99,False
O004494,P0264,2,188.99,False
O004495,P0115,1,51.99,False
O004496,P0007,1,120.99,False
O004496,P0028,2,284.99,False
O004496,P0205,2,48.99,False
O004497,P0288,1,12.99,False
O004498,P0077,2,32.99,False
O004499,P0162,1,52.99,False
O004499,P0186,1,56.99,False
O004500,P0060,1,100.99,False
O004500,P0185,1,49.99,False
O004501,P0291,1,8.99,False
O004501,P0039,2,117.99,False
O004502,P0267,1,45.99,False
O004503,P0183,1,61.99,False
O004503,P0277,2,40.99,False
O004504,P0084,1,16.99,False
O004504,P0009,1,64.99,False
O004505,P0222,2,7.99,False
O004506,P0266,1,85.99,False
O004507,P0166,1,84.99,True
O004508,P0145,1,39.99,False
O004509,P0157,1,29.99,False
O004509,P0024,2,141.99,False
O004510,P0139,1,24.99,False
O004510,P0251,1,213.99,False
O004511,P0171,1,22.99,False
O004512,P0007,1,120.99,False
O004512,P0144,2,91.99,False
O004513,P0176,1,115.99,False
O004513,P0079,1,78.99,False
O004513,P0073,1,53.99,False
O004514,P0292,2,14.99,False
O004514,P0234,1,60.99,False
O004514,P0201,1,13.99,False
O004515,P0236,1,36.99,False
O004515,P0162,1,52.99,False
O004516,P0240,1,76.99,True
O004516,P0250,1,281.99,False
O004517,P0058,1,133.99,False
O004518,P0123,1,84.99,False
O004518,P0293,1,43.99,False
O004519,P0110,1,134.99,False
O004519,P0064,1,58.99,False
O004520,P0048,1,126.99,False
O004520,P0202,1,14.99,False
O004521,P0201,1,13.99,False
O004522,P0033,1,103.99,False
O004522,P0134,1,53.99,True
O004523,P0038,1,67.99,False
O004523,P0006,1,525.99,False
O004523,P0249,1,19.99,False
O004524,P0002,1,53.99,False
O004524,P0141,1,59.99,False
O004524,P0205,1,48.99,False
O004524,P0068,1,143.99,False
O004525,P0190,1,17.99,False
O004526,P0085,1,160.99,False
O004527,P0086,1,133.99,False
O004527,P0081,1,16.99,False
O004528,P0032,1,664.99,False
O004529,P0178,1,71.99,False
O004529,P0211,1,39.99,True
O004530,P0205,1,48.99,False
O004531,P0267,1,45.99,False
O004532,P0262,1,284.99,False
O004533,P0269,1,219.99,False
O004534,P0088,1,54.99,False
O004534,P0226,1,49.99,False
O004535,P0178,1,71.99,False
O004536,P0147,1,82.99,True
O004537,P0128,1,61.99,False
O004538,P0030,1,91.99,False
O004539,P0181,2,100.99,False
O004540,P0294,1,39.99,False
O004541,P0162,1,52.99,False
O004541,P0114,1,152.99,False
O004542,P0038,1,67.99,False
O004542,P0097,2,19.99,False
O004543,P0079,1,78.99,True
O004543,P0177,1,66.99,False
O004544,P0003,1,461.99,False
O004545,P0299,2,22.99,False
O004545,P0210,1,9.99,False
O004546,P0133,1,105.99,False
O004547,P0218,1,40.99,False
O004548,P0078,1,17.99,False
O004549,P0167,2,40.99,False
O004549,P0278,2,9.99,False
O004550,P0206,1,35.99,False
O004551,P0044,1,650.99,True
O004552,P0196,1,22.99,False
O004553,P0119,2,186.99,False
O004554,P0231,1,10.99,False
O004555,P0015,1,61.99,True
O004555,P0158,1,34.99,False
O004556,P0147,0,82.99,False
O004557,P0009,1,64.99,False
O004557,P0265,2,24.99,False
O004558,P0019,2,432.99,False
O004559,P0166,1,84.99,False
O004559,P0048,1,126.99,True
O004560,P0279,1,37.99,False
O004561,P0036,1,145.99,False
O004562,P0062,1,111.99,False
O004563,P0291,2,8.99,False
O004564,P0109,1,43.99,False
O004564,P0145,1,39.99,False
O004565,P0023,1,313.99,False
O004565,P0174,1,87.99,False
O004566,P0128,1,61.99,False
O004566,P0283,1,6.99,False
O004567,P0135,1,38.99,False
O004568,P0003,1,461.99,False
O004569,P0229,2,41.99,False
O004569,P0047,3,692.99,False
O004570,P0154,1,39.99,False
O004571,P0012,2,321.99,False
O004571,P0193,2,79.99,False
O004572,P0046,2,384.99,False
O004573,P0121,2,53.99,False
O004574,P0075,1,79.99,False
O004574,P0172,1,49.99,False
O004575,P0043,2,201.99,False
O004575,P0077,1,32.99,False
O004575,P0164,1,83.99,False
O004575,P0220,2,8.99,False
O004576,P0231,1,10.99,False
O004577,P0089,1,31.99,False
O004577,P0170,1,23.99,False
O004577,P0047,1,692.99,False
O004578,P0138,2,30.99,False
O004579,P0015,1,61.99,False
O004580,P0058,1,133.99,False
O004581,P0298,1,6.99,False
O004581,P0046,2,384.99,False
O004581,P0131,2,,True
O004581,P0209,1,22.99,False
O004582,P0120,1,132.99,False
O004583,P0176,1,115.99,False
O004583,P0166,1,84.99,False
O004584,P0063,1,20.99,False
O004584,P0060,1,100.99,False
O004584,P0254,1,48.99,False
O004585,P0179,1,34.99,True
O004586,P0052,1,410.99,False
O004587,P0120,1,132.99,False
O004587,P0104,1,20.99,False
O004587,P0217,1,16.99,False
O004588,P0202,1,14.99,False
O004589,P0113,1,77.99,False
O004589,P0219,1,10.99,False
O004590,P0020,1,102.99,False
O004591,P0097,1,19.99,False
O004592,P0167,2,40.99,False
O004593,P0278,1,9.99,False
O004594,P0217,1,16.99,False
O004595,P0263,1,22.99,False
O004596,P0098,2,21.99,False
O004596,P0210,1,9.99,False
O004597,P0050,1,88.99,False
O004598,P0019,2,432.99,False
O004599,P0114,1,152.99,False
O004600,P0279,1,37.99,False
O004600,P0200,1,30.99,False
O004601,P0121,1,53.99,True
O004601,P0027,0,349.99,False
O004602,P0276,1,21.99,True
O004602,P0077,2,32.99,True
O004602,P0030,1,91.99,False
O004603,P0012,2,321.99,False
O004603,P0029,1,57.99,False
O004604,P0007,1,120.99,False
O004605,P0067,1,48.99,False
O004606,P0063,2,20.99,False
O004607,P0290,1,15.99,False
O004607,P0084,1,16.99,False
O004608,P0150,1,16.99,False
O004609,P0084,1,16.99,False
O004609,P0008,2,72.99,False
O004609,P0254,1,48.99,True
O004610,P0232,1,77.99,False
O004611,P0144,1,91.99,False
O004612,P0052,2,410.99,False
O004613,P0263,1,22.99,False
O004613,P0263,1,22.99,False
O004613,P0234,1,60.99,False
O004614,P0237,1,31.99,False
O004614,P0250,1,281.99,False
O004615,P0281,1,43.99,False
O004615,P0176,1,115.99,False
O004616,P0088,1,54.99,False
O004617,P0040,2,179.99,False
O004618,P0129,1,13.99,False
O004618,P0235,1,14.99,False
O004619,P0192,1,30.99,True
O004620,P0215,1,55.99,False
O004620,P0138,1,30.99,False
O004621,P0060,1,100.99,False
O004622,P0060,2,100.99,False
O004623,P0116,1,19.99,False
O004623,P0141,2,59.99,False
O004624,P0008,1,72.99,False
O004624,P0157,1,29.99,False
O004625,P0025,1,42.99,False
O004626,P0231,1,10.99,False
O004627,P0069,1,15.99,False
O004628,P0118,1,97.99,False
O004628,P0271,2,30.99,False
O004629,P0180,1,14.99,False
O004630,P0173,1,95.99,False
O004631,P0089,1,31.99,False
O004631,P0072,1,49.99,False
O004632,P0028,1,284.99,False
O004633,P0160,1,36.99,False
O004633,P0215,1,55.99,False
O004634,P0006,2,525.99,False
O004634,P0186,2,56.99,False
O004635,P0049,1,106.99,False
O004636,P0245,1,27.99,True
O004637,P0036,1,145.99,False
O004638,P0188,1,26.99,False
O004638,P0189,1,46.99,False
O004639,P0193,2,79.99,False
O004639,P0280,1,12.99,False
O004640,P0274,1,153.99,True
O004641,P0281,1,43.99,False
O004641,P0081,1,16.99,False
O004641,P0007,1,120.99,False
O004642,P0156,2,116.99,False
O004643,P0181,1,100.99,False
O004644,P0173,1,95.99,False
O004645,P0099,2,79.99,False
O004645,P0292,1,14.99,False
O004646,P0216,1,23.99,False
O004647,P0012,1,321.99,True
O004648,P0028,2,284.99,False
O004649,P0261,1,147.99,False
O004650,P0113,1,77.99,False
O004651,P0178,2,71.99,False
O004651,P0296,1,36.99,False
O004652,P0228,1,17.99,False
O004652,P0289,2,25.99,False
O004653,P0142,2,73.99,False
O004653,P0201,1,13.99,False
O004653,P0248,1,224.99,False
O004654,P0122,2,47.99,False
O004655,P0014,1,133.99,False
O004656,P0051,1,45.99,False
O004657,P0275,2,72.99,False
O004657,P0281,2,43.99,False
O004658,P0052,2,410.99,True
O004659,P0198,1,14.99,False
O004660,P0039,1,117.99,False
O004661,P0095,1,33.99,False
O004662,P0240,1,76.99,False
O004663,P0158,1,34.99,False
O004663,P0237,1,31.99,False
O004664,P0282,1,7.99,False
O004665,P0040,1,179.99,False
O004665,P0021,1,,True
O004666,P0144,1,91.99,False
O004666,P0166,2,84.99,False
O004667,P0184,1,75.99,False
O004668,P0060,1,100.99,False
O004668,P0300,1,28.99,False
O004668,P0069,2,15.99,False
O004668,P0002,1,53.99,False
O004669,P0217,1,16.99,False
O004670,P0217,1,16.99,False
O004670,P0093,1,37.99,False
O004671,P0130,1,60.99,False
O004672,P0260,1,20.99,False
O004672,P0131,1,17.99,True
O004673,P0017,1,166.99,True
O004673,P0168,1,50.99,True
O004674,P0125,1,12.99,False
O004675,P0182,2,12.99,False
O004676,P0226,2,49.99,False
O004676,P0222,1,7.99,False
O004677,P0097,1,19.99,False
O004678,P0246,1,46.99,False
O004678,P0220,1,8.99,False
O004678,P0272,1,40.99,False
O004679,P0125,2,12.99,True
O004680,P0294,1,39.99,False
O004680,P0118,1,97.99,False
O004681,P0110,1,134.99,False
O004682,P0033,2,103.99,False
O004683,P0190,1,17.99,False
O004683,P0006,1,525.99,False
O004684,P0244,1,26.99,False
O004684,P0084,2,16.99,False
O004684,P0177,2,66.99,False
O004684,P0229,1,41.99,False
O004685,P0040,1,179.99,False
O004685,P0015,1,61.99,False
O004686,P0205,1,48.99,False
O004686,P0261,1,147.99,False
O004686,P0288,2,12.99,False
O004687,P0279,1,37.99,False
O004687,P0122,1,47.99,False
O004687,P0091,1,37.99,False
O004688,P0231,1,10.99,False
O004688,P0267,2,45.99,False
O004689,P0251,1,213.99,False
O004689,P0060,1,100.99,False
O004690,P0259,1,62.99,False
O004690,P0172,1,49.99,False
O004690,P0119,1,186.99,False
O004691,P0283,2,6.99,False
O004692,P0136,1,15.99,True
O004693,P0277,1,40.99,False
O004694,P0253,1,246.99,False
O004695,P0133,1,105.99,False
O004695,P0115,1,51.99,False
O004696,P0065,1,33.99,False
O004696,P0102,2,55.99,False
O004697,P0231,1,10.99,False
O004698,P0126,1,66.99,False
O004698,P0276,1,21.99,True
O004699,P0067,1,48.99,False
O004700,P0293,1,43.99,False
O004700,P0056,1,154.99,False
O004701,P0249,1,19.99,False
O004702,P0102,1,55.99,False
O004702,P0242,2,19.99,False
O004702,P0080,1,61.99,False
O004703,P0115,1,51.99,False
O004703,P0095,1,33.99,False
O004703,P0228,1,17.99,False
O004704,P0125,2,12.99,False
O004705,P0074,1,148.99,False
O004706,P0104,1,20.99,False
O004707,P0046,2,384.99,False
O004708,P0049,1,106.99,False
O004708,P0185,2,49.99,False
O004709,P0295,1,13.99,False
O004709,P0237,1,31.99,False
O004710,P0205,1,48.99,False
O004710,P0153,1,28.99,False
O004711,P0156,1,116.99,True
O004712,P0073,2,53.99,False
O004713,P0065,1,33.99,False
O004714,P0270,1,25.99,False
O004715,P0069,1,15.99,False
O004715,P0196,1,22.99,False
O004716,P0084,2,16.99,True
O004717,P0189,1,46.99,False
O004718,P0159,1,96.99,False
O004718,P0271,1,30.99,False
O004719,P0237,1,31.99,False
O004720,P0219,1,10.99,False
O004721,P0272,1,40.99,False
O004722,P0005,1,158.99,False
O004722,P0055,2,30.99,False
O004723,P0222,1,7.99,False
O004724,P0189,1,46.99,False
O004724,P0132,1,51.99,False
O004725,P0163,1,13.99,False
O004726,P0115,1,51.99,False
O004726,P0239,1,37.99,False
O004726,P0089,1,31.99,False
O004727,P0128,1,61.99,False
O004727,P0114,2,152.99,False
O004728,P0272,1,40.99,False
O004729,P0020,1,102.99,False
O004729,P0047,1,692.99,False
O004730,P0120,2,132.99,False
O004731,P0084,1,16.99,False
O004732,P0167,1,40.99,False
O004732,P0178,3,71.99,False
O004733,P0279,1,37.99,False
O004733,P0069,2,15.99,False
O004734,P0090,1,28.99,False
O004734,P0112,1,163.99,False
O004735,P0137,1,31.99,False
O004736,P0267,1,45.99,False
O004737,P0073,1,53.99,False
O004738,P0167,1,40.99,True
O004738,P0203,1,48.99,False
O004739,P0233,1,78.99,False
O004739,P0223,1,11.99,False
O004739,P0239,1,37.99,False
O004740,P0022,1,47.99,False
O004740,P0224,2,65.99,False
O004741,P0010,1,109.99,False
O004741,P0292,2,14.99,False
O004741,P0128,1,61.99,False
O004741,P0108,1,22.99,False
O004742,P0294,2,39.99,False
O004742,P0212,2,20.99,False
O004743,P0026,1,65.99,False
O004743,P0166,1,84.99,False
O004744,P0197,1,20.99,False
O004745,P0155,1,81.99,False
O004745,P0185,1,49.99,False
O004745,P0296,1,36.99,False
O004745,P0256,1,19.99,False
O004745,P0015,1,61.99,False
O004746,P0293,1,43.99,False
O004746,P0208,1,8.99,False
O004747,P0215,1,55.99,False
O004748,P0251,1,213.99,False
O004748,P0153,2,28.99,False
O004749,P0157,1,29.99,False
O004749,P0282,1,7.99,False
O004750,P0019,1,432.99,False
O004751,P0225,2,76.99,False
O004751,P0023,1,313.99,True
O004752,P0190,1,17.99,False
O004753,P0201,1,13.99,False
O004753,P0086,1,133.99,False
O004754,P0088,1,54.99,False
O004754,P0173,1,95.99,False
O004754,P0001,1,444.99,False
O004755,P0247,1,133.99,True
O004755,P0036,1,145.99,False
O004756,P0047,1,692.99,False
O004757,P0063,1,20.99,False
O004758,P0023,1,313.99,False
O004759,P0149,1,11.99,False
O004759,P0269,2,219.99,False
O004760,P0110,1,134.99,False
O004760,P0183,1,61.99,False
O004761,P0067,1,48.99,False
O004762,P0066,1,88.99,False
O004763,P0289,2,25.99,False
O004763,P0148,1,17.99,False
O004763,P0035,1,281.99,False
O004764,P0121,1,53.99,False
O004765,P0067,1,48.99,False
O004765,P0101,1,84.99,False
O004766,P0031,2,372.99,True
O004767,P0038,1,67.99,True
O004767,P0124,1,70.99,False
O004767,P0294,2,39.99,False
O004768,P0209,1,22.99,False
O004769,P0210,2,9.99,False
O004769,P0284,1,26.99,False
O004770,P0016,1,316.99,False
O004770,P0113,1,77.99,False
O004771,P0240,1,76.99,False
O004771,P0184,1,75.99,False
O004771,P0147,1,82.99,False
O004772,P0037,1,111.99,False
O004772,P0257,1,34.99,False
O004773,P0265,1,24.99,False
O004774,P0195,1,18.99,False
O004775,P0097,1,19.99,False
O004775,P0300,1,28.99,False
O004776,P0180,1,14.99,False
O004776,P0279,1,37.99,False
O004776,P0198,1,14.99,False
O004777,P0204,1,37.99,False
O004778,P0013,1,353.99,False
O004779,P0199,1,16.99,False
O004780,P0023,2,313.99,False
O004781,P0054,1,127.99,False
O004782,P0101,1,84.99,True
O004782,P0053,1,200.99,False
O004783,P0026,1,65.99,True
O004783,P0228,1,17.99,False
O004784,P0090,1,28.99,False
O004785,P0239,1,37.99,True
O004786,P0044,1,650.99,False
O004787,P0215,1,55.99,False
O004788,P0129,1,13.99,True
O004789,P0234,1,60.99,False
O004789,P0130,1,60.99,False
O004790,P0069,1,15.99,False
O004791,P0257,1,34.99,False
O004792,P0173,2,95.99,False
O004793,P0264,1,188.99,False
O004793,P0242,1,19.99,False
O004793,P0067,1,48.99,False
O004794,P0170,2,23.99,False
O004795,P0254,2,48.99,False
O004795,P0046,1,384.99,True
O004796,P0241,1,15.99,False
O004796,P0153,2,28.99,False
O004796,P0050,1,88.99,False
O004797,P0239,1,37.99,False
O004797,P0267,1,45.99,False
O004798,P0048,2,126.99,False
O004798,P0121,2,53.99,False
O004799,P0005,2,158.99,False
O004800,P0142,1,73.99,False
O004801,P0063,1,20.99,False
O004801,P0231,1,10.99,False
O004802,P0024,1,141.99,False
O004803,P0236,1,36.99,True
O004804,P0188,1,26.99,False
O004804,P0023,2,313.99,False
O004805,P0252,1,85.99,False
O004805,P0150,1,16.99,False
O004806,P0197,1,20.99,False
O004807,P0026,1,65.99,False
O004807,P0040,1,179.99,False
O004807,P0223,1,11.99,False
O004808,P0243,1,115.99,False
O004808,P0118,1,97.99,True
O004808,P0007,2,120.99,False
O004809,P0037,2,111.99,False
O004809,P0102,1,55.99,False
O004810,P0080,1,61.99,False
O004810,P0212,2,20.99,False
O004811,P0039,1,117.99,False
O004811,P0280,2,12.99,False
O004812,P0089,1,31.99,False
O004813,P0152,2,24.99,False
O004814,P0015,1,61.99,False
O004814,P0053,1,200.99,False
O004814,P0035,1,281.99,False
O004815,P0139,1,24.99,False
O004815,P0254,1,48.99,False
O004816,P0230,1,61.99,False
O004817,P0130,1,60.99,False
O004817,P0131,1,17.99,False
O004818,P0246,2,46.99,False
O004818,P0200,1,30.99,False
O004818,P0013,1,353.99,True
O004818,P0069,2,15.99,False
O004819,P0011,2,71.99,True
O004819,P0231,1,10.99,False
O004820,P0123,1,84.99,False
O004821,P0206,1,35.99,False
O004822,P0122,1,47.99,False
O004822,P0128,1,61.99,False
O004823,P0062,1,111.99,False
O004824,P0161,1,14.99,False
O004825,P0196,1,22.99,False
O004826,P0288,1,12.99,False
O004827,P0151,1,27.99,True
O004827,P0119,2,186.99,False
O004828,P0215,1,55.99,False
O004828,P0228,1,17.99,False
O004829,P0266,1,85.99,False
O004830,P0133,2,105.99,False
O004830,P0166,1,84.99,False
O004831,P0022,1,47.99,False
O004831,P0184,1,75.99,True
O004831,P0146,1,36.99,False
O004832,P0076,1,21.99,False
O004832,P0144,1,91.99,False
O004833,P0027,2,349.99,False
O004834,P0139,2,24.99,False
O004834,P0117,1,32.99,False
O004835,P0162,1,52.99,False
O004835,P0145,2,39.99,False
O004835,P0189,2,46.99,True
O004836,P0031,1,372.99,False
O004837,P0296,1,36.99,False
O004838,P0203,1,48.99,False
O004839,P0035,1,281.99,False
O004839,P0074,1,148.99,True
O004840,P0016,1,316.99,False
O004840,P0293,2,43.99,False
O004841,P0243,1,115.99,False
O004841,P0230,2,61.99,True
O004842,P0117,1,32.99,False
O004842,P0035,1,281.99,False
O004843,P0174,1,87.99,False
O004844,P0015,1,61.99,False
O004844,P0071,1,171.99,False
O004845,P0180,1,14.99,False
O004845,P0156,1,116.99,False
O004846,P0119,1,186.99,False
O004847,P0067,1,48.99,False
O004848,P0194,1,65.99,False
O004849,P0132,1,51.99,True
O004850,P0167,1,40.99,False
O004851,P0198,1,14.99,False
O004852,P0068,1,143.99,False
O004852,P0010,1,109.99,False
O004852,P0126,1,66.99,False
O004853,P0261,1,147.99,True
O004853,P0083,1,42.99,False
O004853,P0223,1,11.99,False
O004853,P0090,1,28.99,False
O004854,P0058,1,133.99,False
O004855,P0228,1,17.99,False
O004856,P0054,2,127.99,False
O004856,P0112,1,163.99,False
O004857,P0109,1,43.99,False
O004858,P0097,2,19.99,False
O004859,P0062,1,111.99,False
O004859,P0193,1,79.99,False
O004860,P0017,1,166.99,False
O004861,P0080,1,61.99,False
O004862,P0237,2,31.99,False
O004863,P0077,1,32.99,False
O004863,P0235,1,14.99,False
O004863,P0006,1,525.99,False
O004863,P0056,2,154.99,False
O004864,P0112,1,163.99,False
O004865,P0215,1,55.99,False
O004866,P0267,1,45.99,False
O004867,P0008,1,72.99,False
O004868,P0157,1,29.99,False
O004868,P0232,1,77.99,False
O004869,P0013,1,353.99,False
O004869,P0283,1,6.99,False
O004870,P0284,1,26.99,False
O004871,P0032,1,664.99,False
O004872,P0067,1,48.99,False
O004873,P0144,1,91.99,False
O004873,P0105,1,94.99,False
O004873,P0182,1,12.99,False
O004874,P0293,1,43.99,False
O004875,P0207,1,21.99,False
O004875,P0171,2,22.99,False
O004876,P0199,1,16.99,False
O004876,P0049,1,106.99,False
O004877,P0224,2,65.99,False
O004878,P0171,1,22.99,False
O004879,P0200,1,30.99,False
O004880,P0283,2,6.99,False
O004881,P0059,1,21.99,False
O004881,P0249,2,19.99,False
O004881,P0055,1,30.99,True
O004881,P0156,2,116.99,False
O004882,P0095,2,33.99,False
O004883,P0152,1,24.99,False
O004884,P0140,1,19.99,False
O004885,P0139,2,24.99,False
O004886,P0221,2,13.99,False
O004886,P0048,1,126.99,False
O004887,P0074,1,148.99,False
O004887,P0147,1,82.99,False
O004888,P0047,1,692.99,False
O004888,P0137,2,31.99,True
O004889,P0146,1,36.99,False
O004890,P0003,1,461.99,False
O004891,P0265,1,24.99,False
O004892,P0142,1,73.99,False
O004892,P0001,1,444.99,False
O004892,P0086,2,133.99,False
O004893,P0202,1,14.99,False
O004894,P0276,1,21.99,False
O004895,P0028,1,284.99,False
O004895,P0220,1,8.99,False
O004896,P0285,2,38.99,False
O004896,P0132,1,51.99,True
O004897,P0283,1,6.99,False
O004898,P0062,1,111.99,False
O004899,P0212,2,20.99,False
O004900,P0174,1,87.99,False
O004901,P0140,1,19.99,False
O004901,P0058,1,133.99,False
O004901,P0046,1,384.99,False
O004902,P0095,1,33.99,False
O004903,P0060,1,100.99,False
O004904,P0085,1,160.99,False
O004904,P0195,2,18.99,False
O004904,P0123,1,84.99,False
O004905,P0058,1,133.99,False
O004906,P0184,1,75.99,False
O004907,P0188,1,26.99,False
O004908,P0175,1,32.99,False
O004908,P0209,1,22.99,False
O004909,P0069,1,15.99,False
O004909,P0014,1,133.99,False
O004910,P0048,1,126.99,False
O004911,P0165,1,84.99,False
O004912,P0189,1,46.99,False
O004913,P0195,1,18.99,False
O004914,P0092,1,215.99,False
O004915,P0110,1,134.99,False
O004916,P0071,2,171.99,False
O004916,P0009,1,64.99,False
O004917,P0204,2,37.99,False
O004918,P0243,2,115.99,False
O004919,P0218,1,40.99,False
O004920,P0178,1,71.99,False
O004921,P0135,1,38.99,True
O004922,P0214,1,16.99,False
O004922,P0125,1,12.99,False
O004923,P0004,1,715.99,True
O004923,P0019,1,432.99,False
O004924,P0050,2,88.99,False
O004925,P0236,1,36.99,False
O004926,P0094,2,143.99,False
O004926,P0147,2,82.99,False
O004927,P0088,2,54.99,False
O004928,P0163,0,13.99,False
O004928,P0046,1,384.99,True
O004929,P0226,1,49.99,False
O004929,P0118,1,97.99,False
O004929,P0051,1,45.99,True
O004930,P0188,2,26.99,False
O004931,P0126,1,66.99,False
O004931,P0296,1,36.99,False
O004932,P0144,1,91.99,False
O004933,P0132,1,51.99,False
O004934,P0216,1,23.99,False
O004935,P0240,2,76.99,False
O004936,P0140,1,19.99,False
O004937,P0186,1,56.99,False
O004938,P0205,1,48.99,False
O004939,P0019,1,432.99,False
O004939,P0027,1,349.99,False
O004939,P0287,1,14.99,False
O004940,P0203,1,48.99,False
O004941,P0110,1,134.99,False
O004942,P0105,1,94.99,False
O004943,P0174,1,87.99,False
O004944,P0125,1,12.99,True
O004945,P0085,1,160.99,False
O004945,P0129,1,13.99,False
O004946,P0100,1,30.99,False
O004947,P0206,1,35.99,False
O004948,P0056,1,154.99,False
O004949,P0286,1,43.99,False
O004950,P0054,1,127.99,False
O004950,P0225,1,76.99,False
O004951,P0148,2,17.99,False
O004952,P0134,1,53.99,False
O004952,P0139,1,24.99,False
O004952,P0123,1,84.99,False
O004953,P0270,1,25.99,False
O004954,P0070,1,28.99,True
O004955,P0186,1,56.99,False
O004956,P0189,1,46.99,False
O004957,P0046,1,384.99,False
O004958,P0106,1,37.99,False
O004958,P0078,2,17.99,False
O004959,P0159,1,96.99,False
O004959,P0215,1,55.99,False
O004960,P0186,1,56.99,False
O004960,P0266,2,85.99,False
O004961,P0190,2,17.99,False
O004962,P0031,1,372.99,False
O004963,P0140,1,19.99,True
O004964,P0043,1,201.99,False
O004965,P0104,1,20.99,False
O004966,P0042,1,174.99,False
O004967,P0233,2,78.99,False
O004968,P0142,1,73.99,False
O004968,P0032,1,664.99,False
O004969,P0111,1,240.99,False
O004969,P0040,1,179.99,False
O004969,P0152,1,24.99,True
O004970,P0058,2,133.99,False
O004971,P0073,1,53.99,False
O004972,P0046,1,384.99,False
O004972,P0098,1,21.99,False
O004973,P0101,1,84.99,False
O004974,P0291,2,8.99,False
O004975,P0266,1,85.99,False
O004975,P0007,1,120.99,False
O004976,P0070,1,28.99,False
O004977,P0255,1,116.99,False
O004978,P0238,2,32.99,False
O004978,P0018,1,320.99,False
O004978,P0170,1,23.99,False
O004978,P0271,1,30.99,False
O004979,P0074,1,148.99,False
O004980,P0047,1,692.99,False
O004980,P0289,1,25.99,False
O004980,P0225,1,76.99,False
O004980,P0252,1,85.99,False
O004981,P0112,1,163.99,False
O004982,P0213,2,57.99,False
O004982,P0222,1,7.99,False
O004983,P0142,1,73.99,False
O004983,P0234,1,60.99,False
O004983,P0212,1,20.99,False
O004984,P0040,2,179.99,False
O004984,P0291,1,8.99,True
O004985,P0138,1,30.99,False
O004985,P0078,1,17.99,False
O004985,P0233,1,78.99,False
O004986,P0268,1,27.99,False
O004987,P0286,1,43.99,False
O004988,P0145,1,39.99,True
O004989,P0255,1,116.99,False
O004990,P0093,1,37.99,False
O004991,P0023,1,313.99,False
O004991,P0087,1,21.99,False
O004992,P0098,2,21.99,False
O004992,P0104,1,20.99,False
O004993,P0169,1,18.99,False
O004994,P0007,1,120.99,False
O004995,P0268,2,27.99,False
O004995,P0218,2,40.99,False
O004995,P0212,1,20.99,False
O004996,P0025,2,42.99,False
O004997,P0006,1,525.99,False
O004997,P0189,1,46.99,False
O004997,P0287,1,14.99,False
O004998,P0088,1,54.99,False
O004998,P0126,1,66.99,True
O004999,P0266,1,85.99,False
O005000,P0183,1,61.99,False
O005001,P0259,2,62.99,False
O005001,P0298,1,6.99,False
O005002,P0155,1,81.99,False
O005003,P0166,1,84.99,True
O005004,P0166,1,84.99,False
O005004,P0140,1,19.99,False
O005005,P0292,2,14.99,False
O005005,P0182,2,12.99,False
O005006,P0031,2,372.99,False
O005006,P0154,1,39.99,False
O005007,P0119,1,186.99,False
O005007,P0232,1,77.99,False
O005007,P0221,1,13.99,False
O005008,P0101,1,84.99,False
O005008,P0027,1,349.99,False
O005009,P0224,1,65.99,False
O005010,P0243,3,115.99,False
O005011,P0143,2,50.99,True
O005012,P0300,1,28.99,False
O005013,P0006,1,525.99,False
O005014,P0068,1,143.99,False
O005015,P0118,1,97.99,False
O005015,P0155,2,81.99,False
O005016,P0241,1,15.99,False
O005017,P0174,1,87.99,True
O005017,P0252,1,85.99,False
O005017,P0290,1,15.99,False
O005018,P0017,1,166.99,False
O005019,P0238,2,32.99,False
O005019,P0247,1,133.99,False
O005020,P0147,1,82.99,False
O005021,P0196,1,22.99,False
O005021,P0186,1,56.99,False
O005021,P0203,1,48.99,False
O005021,P0124,2,70.99,False
O005021,P0032,1,664.99,False
O005022,P0196,1,22.99,False
O005023,P0108,1,22.99,False
O005023,P0242,1,19.99,False
O005023,P0172,1,49.99,False
O005024,P0191,1,62.99,False
O005024,P0191,2,62.99,True
O005025,P0212,2,20.99,False
O005025,P0230,2,61.99,False
O005026,P0188,1,26.99,False
O005026,P0008,2,72.99,False
O005027,P0109,1,43.99,False
O005028,P0207,2,21.99,False
O005029,P0033,1,103.99,False
O005029,P0210,1,9.99,False
O005029,P0099,1,79.99,False
O005030,P0156,2,116.99,False
O005031,P0183,1,61.99,False
O005032,P0269,2,219.99,False
O005033,P0179,1,34.99,False
O005034,P0032,1,664.99,False
O005034,P0248,1,224.99,False
O005035,P0119,2,186.99,False
O005036,P0060,2,100.99,False
O005036,P0052,1,410.99,False
O005037,P0036,1,145.99,False
O005038,P0107,2,31.99,False
O005039,P0011,1,71.99,True
O005039,P0273,1,30.99,False
O005039,P0172,1,49.99,False
O005040,P0171,1,22.99,False
O005040,P0107,1,31.99,False
O005041,P0166,1,84.99,False
O005042,P0183,2,61.99,False
O005042,P0177,1,66.99,False
O005043,P0008,1,72.99,False
O005044,P0040,1,179.99,False
O005044,P0133,2,105.99,False
O005044,P0217,1,16.99,False
O005044,P0298,1,6.99,False
O005045,P0053,1,200.99,False
O005046,P0109,1,43.99,False
O005047,P0035,1,281.99,False
O005047,P0258,1,60.99,False
O005048,P0132,1,51.99,False
O005049,P0012,1,321.99,False
O005050,P0026,1,65.99,False
O005051,P0202,1,14.99,False
O005051,P0186,1,56.99,False
O005052,P0129,1,13.99,False
O005053,P0179,1,34.99,True
O005054,P0100,2,30.99,False
O005055,P0232,1,77.99,True
O005055,P0110,1,134.99,False
O005055,P0051,1,45.99,False
O005056,P0046,2,384.99,False
O005057,P0027,1,349.99,False
O005058,P0029,1,57.99,False
O005059,P0296,1,36.99,False
O005059,P0013,1,353.99,False
O005060,P0176,1,115.99,False
O005061,P0211,1,39.99,False
O005061,P0275,2,72.99,False
O005061,P0277,1,40.99,False
O005062,P0078,1,17.99,False
O005063,P0099,1,79.99,False
O005064,P0087,1,21.99,False
O005065,P0090,1,28.99,False
O005066,P0203,1,48.99,False
O005067,P0241,1,15.99,False
O005067,P0108,0,22.99,False
O005068,P0262,1,284.99,True
O005068,P0275,2,72.99,False
O005069,P0191,1,62.99,False
O005069,P0052,1,410.99,False
O005069,P0300,2,28.99,False
O005070,P0233,1,78.99,False
O005071,P0016,1,316.99,False
O005071,P0199,1,16.99,False
O005072,P0002,2,53.99,False
O005072,P0119,1,186.99,False
O005073,P0187,1,93.99,False
O005074,P0022,1,47.99,True
O005075,P0068,1,143.99,False
O005075,P0233,1,78.99,False
O005076,P0261,1,147.99,False
O005076,P0107,1,31.99,False
O005077,P0103,2,141.99,False
O005077,P0249,1,19.99,False
O005078,P0090,1,28.99,False
O005078,P0002,1,53.99,False
O005079,P0101,1,84.99,False
O005079,P0131,1,17.99,True
O005080,P0275,1,72.99,False
O005081,P0129,1,13.99,False
O005082,P0013,1,353.99,False
O005082,P0126,1,66.99,True
O005083,P0151,2,27.99,False
O005083,P0290,1,15.99,False
O005083,P0062,2,111.99,False
O005084,P0300,1,28.99,False
O005084,P0200,1,30.99,False
O005085,P0032,1,664.99,False
O005086,P0108,1,22.99,False
O005086,P0245,1,27.99,False
O005086,P0030,2,91.99,False
O005087,P0149,1,11.99,False
O005087,P0162,1,52.99,False
O005088,P0225,1,76.99,False
O005088,P0054,1,127.99,False
O005089,P0259,1,62.99,False
O005090,P0274,1,153.99,False
O005091,P0188,2,26.99,False
O005092,P0247,1,133.99,False
O005092,P0227,2,20.99,False
O005093,P0166,1,84.99,False
O005093,P0069,1,15.99,False
O005094,P0226,1,49.99,False
O005095,P0123,1,84.99,False
O005096,P0221,1,13.99,False
O005096,P0298,1,6.99,False
O005097,P0033,1,103.99,False
O005098,P0299,1,22.99,False
O005099,P0219,1,10.99,False
O005100,P0105,1,94.99,False
O005101,P0246,2,46.99,False
O005102,P0158,1,34.99,False
O005102,P0279,1,37.99,False
O005103,P0275,1,72.99,False
O005104,P0088,1,54.99,False
O005105,P0009,1,64.99,True
O005105,P0206,1,35.99,False
O005106,P0197,1,20.99,False
O005106,P0210,2,9.99,False
O005106,P0223,1,11.99,False
O005107,P0014,2,133.99,False
O005108,P0040,1,179.99,False
O005109,P0021,1,77.99,False
O005110,P0048,1,126.99,False
O005111,P0120,1,132.99,False
O005111,P0136,1,15.99,False
O005111,P0270,1,25.99,False
O005112,P0070,1,28.99,True
O005113,P0174,1,87.99,False
O005114,P0221,2,13.99,False
O005115,P0163,2,13.99,True
O005116,P0093,1,37.99,False
O005117,P0155,1,81.99,False
O005118,P0039,1,117.99,False
O005118,P0040,2,179.99,False
O005119,P0006,2,525.99,False
O005120,P0081,2,16.99,False
O005121,P0088,1,54.99,False
O005122,P0139,1,24.99,False
O005122,P0156,1,116.99,False
O005123,P0127,1,16.99,False
O005123,P0265,1,24.99,False
O005123,P0048,1,126.99,False
O005124,P0235,1,14.99,False
O005125,P0240,1,76.99,True
O005126,P0037,1,111.99,True
O005126,P0116,2,19.99,False
O005126,P0195,2,18.99,False
O005127,P0172,1,49.99,False
O005127,P0079,1,78.99,False
O005128,P0002,2,53.99,False
O005128,P0106,1,37.99,False
O005129,P0222,1,7.99,False
O005129,P0162,1,52.99,False
O005130,P0183,1,61.99,False
O005130,P0291,1,8.99,False
O005131,P0067,1,48.99,False
O005131,P0044,1,650.99,False
O005132,P0048,1,126.99,False
O005133,P0141,1,59.99,False
O005134,P0167,2,40.99,False
O005135,P0268,1,27.99,False
O005135,P0126,1,66.99,False
O005135,P0036,2,145.99,False
O005136,P0158,1,34.99,False
O005137,P0293,1,43.99,False
O005137,P0194,1,65.99,False
O005137,P0072,1,49.99,False
O005138,P0198,2,14.99,False
O005139,P0111,1,240.99,False
O005140,P0059,1,21.99,False
O005141,P0246,1,46.99,False
O005142,P0286,1,43.99,False
O005143,P0120,2,132.99,False
O005143,P0213,1,57.99,False
O005144,P0052,2,410.99,False
O005145,P0011,1,71.99,False
O005145,P0278,1,9.99,False
O005146,P0034,1,423.99,False
O005147,P0272,1,40.99,False
O005147,P0067,1,48.99,False
O005148,P0205,1,48.99,False
O005149,P0187,2,93.99,True
O005150,P0221,1,13.99,False
O005151,P0073,1,53.99,False
O005152,P0144,2,91.99,False
O005152,P0292,1,14.99,False
O005153,P0108,1,22.99,False
O005153,P0161,2,14.99,False
O005153,P0118,1,97.99,False
O005153,P0189,1,46.99,False
O005154,P0054,0,127.99,False
O005155,P0078,2,17.99,False
O005156,P0013,1,353.99,False
O005156,P0073,1,53.99,False
O005157,P0270,1,25.99,False
O005157,P0115,1,51.99,False
O005158,P0046,1,384.99,False
O005159,P0091,1,37.99,True
O005160,P0124,1,70.99,False
O005160,P0273,1,30.99,False
O005161,P0082,2,74.99,False
O005162,P0046,1,384.99,False
O005162,P0070,1,28.99,False
O005163,P0044,1,650.99,False
O005163,P0274,1,153.99,False
O005164,P0007,1,120.99,False
O005165,P0149,1,11.99,True
O005166,P0002,1,53.99,False
O005167,P0282,1,7.99,False
O005168,P0186,1,56.99,False
O005169,P0261,1,147.99,False
O005170,P0090,1,28.99,False
O005171,P0256,1,19.99,False
O005172,P0139,1,24.99,True
O005172,P0225,1,76.99,False
O005173,P0227,1,20.99,False
O005173,P0007,1,120.99,False
O005174,P0171,1,22.99,False
O005174,P0293,1,43.99,False
O005175,P0110,1,134.99,False
O005176,P0270,1,25.99,False
O005176,P0235,1,14.99,False
O005177,P0286,1,43.99,False
O005178,P0179,1,34.99,True
O005179,P0117,1,32.99,False
O005179,P0205,1,48.99,False
O005180,P0155,1,81.99,False
O005180,P0075,1,79.99,False
O005180,P0256,1,19.99,True
O005180,P0071,2,171.99,False
O005181,P0204,1,37.99,False
O005181,P0052,2,410.99,False
O005181,P0096,1,168.99,False
O005182,P0028,1,284.99,False
O005183,P0053,1,200.99,False
O005183,P0079,1,78.99,False
O005183,P0003,1,461.99,False
O005184,P0017,1,166.99,False
O005184,P0092,1,215.99,False
O005184,P0191,2,62.99,False
O005185,P0208,1,8.99,False
O005186,P0171,1,22.99,False
O005187,P0039,1,117.99,False
O005187,P0038,1,67.99,False
O005187,P0068,1,143.99,False
O005188,P0235,1,14.99,False
O005189,P0201,1,13.99,False
O005189,P0066,2,88.99,False
O005190,P0043,1,201.99,False
O005191,P0189,1,46.99,False
O005192,P0025,2,42.99,False
O005193,P0047,2,692.99,False
O005193,P0087,1,21.99,False
O005194,P0243,1,115.99,False
O005194,P0172,1,49.99,False
O005195,P0008,1,72.99,False
O005196,P0275,1,72.99,False
O005197,P0032,1,664.99,False
O005198,P0198,1,14.99,True
O005199,P0018,1,320.99,False
O005200,P0180,2,14.99,False
O005201,P0197,1,20.99,False
O005201,P0007,1,120.99,False
O005201,P0091,1,37.99,False
O005202,P0059,1,21.99,False
O005203,P0245,1,27.99,False
O005203,P0128,1,61.99,False
O005204,P0239,1,37.99,False
O005205,P0226,1,49.99,False
O005205,P0211,2,39.99,False
O005206,P0044,1,650.99,False
O005207,P0028,1,284.99,False
O005207,P0014,1,133.99,False
O005208,P0243,2,115.99,False
O005209,P0070,1,28.99,False
O005210,P0060,1,100.99,False
O005210,P0285,1,38.99,False
O005210,P0242,1,19.99,True
O005210,P0119,1,186.99,False
O005211,P0078,1,17.99,False
O005212,P0090,1,28.99,False
O005213,P0115,2,51.99,False
O005213,P0002,1,53.99,False
O005214,P0279,1,37.99,False
O005215,P0155,1,81.99,False
O005215,P0206,1,35.99,False
O005216,P0105,1,94.99,False
O005217,P0097,1,19.99,False
O005218,P0069,2,15.99,False
O005219,P0025,2,42.99,False
O005219,P0243,1,115.99,False
O005220,P0052,1,410.99,False
O005221,P0145,1,39.99,False
O005222,P0095,1,33.99,False
O005222,P0092,1,215.99,False
O005223,P0131,1,17.99,True
O005224,P0044,1,650.99,False
O005224,P0058,1,133.99,False
O005225,P0262,1,284.99,False
O005225,P0213,1,57.99,False
O005226,P0011,2,71.99,False
O005227,P0227,1,20.99,False
O005228,P0286,1,43.99,False
O005229,P0139,1,24.99,True
O005229,P0059,1,21.99,False
O005230,P0144,1,91.99,False
O005230,P0226,1,49.99,False
O005231,P0158,2,34.99,False
O005231,P0068,1,143.99,False
O005231,P0259,1,62.99,False
O005232,P0138,1,30.99,True
O005233,P0022,2,47.99,False
O005234,P0104,1,20.99,False
O005235,P0114,1,152.99,False
O005236,P0180,1,14.99,False
O005236,P0036,1,145.99,False
O005237,P0276,2,21.99,False
O005238,P0082,1,74.99,False
O005239,P0253,2,246.99,False
O005240,P0182,1,12.99,False
O005240,P0020,1,102.99,False
O005241,P0006,1,525.99,False
O005241,P0161,1,14.99,False
O005241,P0202,1,14.99,False
O005242,P0159,1,96.99,False
O005243,P0118,1,97.99,False
O005243,P0107,2,31.99,False
O005244,P0285,1,38.99,False
O005245,P0203,1,48.99,False
O005245,P0119,1,186.99,False
O005246,P0281,1,43.99,False
O005247,P0149,1,11.99,False
O005247,P0256,1,19.99,True
O005248,P0050,1,88.99,False
O005249,P0207,2,21.99,False
O005250,P0136,1,15.99,False
O005251,P0028,1,284.99,False
O005251,P0007,1,120.99,False
O005252,P0261,1,147.99,False
O005253,P0266,1,85.99,False
O005254,P0269,2,219.99,False
O005255,P0061,1,105.99,False
O005256,P0271,1,30.99,True
O005256,P0207,1,21.99,False
O005256,P0285,1,38.99,False
O005256,P0110,1,134.99,False
O005256,P0274,1,153.99,False
O005257,P0300,1,28.99,False
O005258,P0143,2,50.99,False
O005258,P0124,1,70.99,False
O005258,P0050,1,88.99,True
O005259,P0044,1,650.99,False
O005260,P0184,1,75.99,False
O005261,P0037,1,111.99,False
O005262,P0114,1,152.99,False
O005263,P0141,1,59.99,False
O005263,P0218,2,40.99,True
O005264,P0088,1,54.99,False
O005265,P0259,2,62.99,False
O005266,P0076,1,21.99,False
O005267,P0090,1,28.99,True
O005267,P0137,1,31.99,True
O005268,P0127,1,16.99,False
O005268,P0253,1,246.99,False
O005269,P0188,1,26.99,False
O005269,P0136,1,15.99,False
O005270,P0082,1,74.99,False
O005271,P0153,1,28.99,True
O005271,P0121,1,53.99,False
O005272,P0208,1,8.99,False
O005272,P0058,1,133.99,False
O005272,P0243,1,115.99,False
O005272,P0077,1,32.99,False
O005273,P0260,1,,False
O005273,P0014,1,133.99,False
O005274,P0207,2,21.99,False
O005275,P0103,1,141.99,False
O005276,P0101,1,84.99,False
O005277,P0150,2,16.99,True
O005277,P0122,1,47.99,True
O005278,P0089,1,31.99,False
O005279,P0224,1,65.99,False
O005280,P0132,1,51.99,True
O005281,P0113,1,77.99,False
O005281,P0173,1,95.99,True
O005282,P0091,1,37.99,False
O005283,P0265,1,24.99,False
O005284,P0200,2,30.99,True
O005285,P0185,1,49.99,False
O005285,P0106,2,37.99,False
O005286,P0073,1,53.99,False
O005287,P0271,1,30.99,False
O005288,P0035,2,281.99,False
O005289,P0209,1,22.99,False
O005289,P0224,1,65.99,False
O005290,P0201,2,13.99,False
O005290,P0272,1,40.99,False
O005291,P0075,1,79.99,False
O005291,P0052,1,410.99,False
O005292,P0200,1,30.99,False
O005293,P0209,1,22.99,False
O005293,P0188,1,26.99,False
O005294,P0176,1,115.99,False
O005295,P0114,1,152.99,False
O005295,P0169,2,18.99,False
O005296,P0212,2,20.99,False
O005297,P0131,1,17.99,True
O005298,P0218,1,40.99,False
O005299,P0084,1,16.99,True
O005299,P0059,1,21.99,False
O005300,P0255,1,116.99,False
O005301,P0161,1,14.99,False
O005301,P0023,1,313.99,False
O005301,P0259,2,62.99,False
O005302,P0112,1,163.99,False
O005303,P0086,2,133.99,False
O005303,P0148,2,17.99,True
O005304,P0048,1,126.99,False
O005304,P0128,2,61.99,False
O005305,P0003,2,461.99,False
O005305,P0194,1,65.99,False
O005306,P0224,1,65.99,False
O005307,P0039,1,117.99,False
O005308,P0052,2,410.99,False
O005309,P0075,1,79.99,False
O005310,P0111,2,240.99,True
O005311,P0278,1,9.99,False
O005311,P0157,2,29.99,False
O005312,P0273,1,30.99,False
O005313,P0292,1,14.99,False
O005313,P0209,2,22.99,False
O005314,P0069,1,15.99,False
O005315,P0068,1,143.99,False
O005315,P0277,1,40.99,False
O005316,P0250,1,281.99,False
O005317,P0257,1,34.99,False
O005318,P0275,1,72.99,False
O005318,P0160,1,36.99,False
O005319,P0174,2,87.99,False
O005319,P0085,1,160.99,False
O005320,P0166,1,84.99,False
O005320,P0091,2,37.99,False
O005321,P0220,1,8.99,False
O005322,P0034,2,423.99,False
O005322,P0246,2,46.99,False
O005322,P0242,1,19.99,True
O005323,P0093,1,37.99,False
O005324,P0201,1,13.99,False
O005324,P0241,1,15.99,False
O005325,P0233,1,78.99,False
O005325,P0027,2,349.99,False
O005326,P0112,1,163.99,False
O005326,P0044,1,650.99,False
O005327,P0037,1,111.99,False
O005328,P0015,1,61.99,False
O005329,P0300,1,28.99,False
O005330,P0235,1,14.99,False
O005331,P0012,1,321.99,False
O005332,P0194,2,65.99,False
O005333,P0205,2,48.99,False
O005333,P0293,2,43.99,False
O005334,P0236,1,36.99,False
O005335,P0077,1,32.99,False
O005336,P0114,1,152.99,False
O005337,P0042,1,174.99,False
O005338,P0081,1,16.99,False
O005338,P0179,1,34.99,False
O005338,P0152,2,24.99,False
O005338,P0296,1,36.99,False
O005339,P0047,2,692.99,False
O005340,P0253,1,246.99,False
O005341,P0177,1,66.99,False
O005342,P0080,1,61.99,False
O005343,P0208,1,8.99,False
O005344,P0004,2,715.99,False
O005345,P0116,2,19.99,False
O005345,P0287,1,14.99,False
O005346,P0226,1,49.99,False
O005347,P0239,1,37.99,False
O005347,P0061,1,105.99,False
O005347,P0088,1,54.99,False
O005348,P0117,1,32.99,False
O005349,P0284,1,26.99,False
O005350,P0046,1,384.99,False
O005351,P0055,1,30.99,False
O005352,P0285,1,38.99,False
O005353,P0200,1,30.99,False
O005354,P0261,2,147.99,False
O005355,P0040,1,179.99,False
O005355,P0164,1,83.99,False
O005356,P0083,1,42.99,False
O005356,P0235,1,14.99,False
O005357,P0063,1,20.99,True
O005358,P0249,1,19.99,False
O005359,P0130,1,60.99,True
O005360,P0149,1,11.99,False
O005360,P0258,1,60.99,False
O005361,P0252,0,85.99,False
O005362,P0045,1,55.99,False
O005362,P0102,1,55.99,False
O005363,P0300,1,28.99,False
O005363,P0225,1,76.99,False
O005363,P0241,1,15.99,False
O005364,P0217,1,16.99,False
O005364,P0206,2,35.99,False
O005365,P0166,2,84.99,False
O005365,P0124,1,70.99,False
O005366,P0091,2,37.99,False
O005366,P0123,1,84.99,False
O005366,P0027,2,349.99,False
O005367,P0004,1,715.99,False
O005367,P0219,2,10.99,False
O005368,P0025,1,42.99,False
O005368,P0029,1,57.99,False
O005369,P0068,0,143.99,False
O005370,P0271,1,30.99,False
O005370,P0088,1,54.99,False
O005370,P0010,2,109.99,True
O005371,P0112,1,163.99,False
O005372,P0189,1,46.99,False
O005372,P0088,1,54.99,False
O005373,P0123,1,84.99,False
O005373,P0169,1,18.99,False
O005374,P0081,1,16.99,False
O005375,P0140,1,19.99,True
O005375,P0184,1,75.99,False
O005375,P0036,1,145.99,False
O005376,P0197,1,20.99,False
O005377,P0249,1,19.99,False
O005377,P0164,1,83.99,False
O005378,P0062,1,111.99,False
O005379,P0094,1,143.99,False
O005380,P0248,1,224.99,False
O005380,P0290,2,15.99,False
O005380,P0229,2,41.99,False
O005381,P0148,1,17.99,True
O005382,P0033,1,103.99,False
O005382,P0296,1,36.99,False
O005383,P0186,2,56.99,False
O005384,P0244,2,26.99,False
O005385,P0160,1,36.99,False
O005385,P0239,1,37.99,False
O005386,P0073,1,53.99,False
O005387,P0174,1,87.99,True
O005388,P0249,2,19.99,False
O005389,P0287,2,14.99,False
O005390,P0182,1,12.99,False
O005391,P0236,1,36.99,False
O005391,P0037,1,111.99,False
O005391,P0218,1,40.99,False
O005391,P0136,1,15.99,False
O005392,P0208,1,8.99,False
O005392,P0252,1,85.99,False
O005393,P0135,2,38.99,False
O005394,P0127,1,16.99,False
O005395,P0114,1,152.99,False
O005396,P0079,1,78.99,False
O005396,P0126,2,66.99,False
O005397,P0016,1,316.99,True
O005398,P0247,1,133.99,False
O005399,P0266,1,85.99,True
O005399,P0295,1,13.99,False
O005400,P0117,2,32.99,False
O005401,P0296,1,36.99,False
O005401,P0086,1,133.99,False
O005402,P0097,2,19.99,False
O005403,P0156,1,116.99,False
O005403,P0146,1,36.99,False
O005404,P0093,1,37.99,False
O005405,P0175,1,,False
O005405,P0067,2,48.99,False
O005406,P0297,1,11.99,False
O005407,P0258,1,60.99,False
O005407,P0058,1,133.99,False
O005408,P0102,1,55.99,False
O005408,P0193,1,79.99,False
O005408,P0098,1,21.99,False
O005409,P0298,1,6.99,False
O005409,P0049,1,106.99,False
O005410,P0080,2,61.99,False
O005411,P0278,1,9.99,False
O005411,P0052,1,410.99,False
O005412,P0257,2,34.99,False
O005412,P0038,1,67.99,False
O005412,P0112,1,163.99,False
O005413,P0223,2,11.99,False
O005414,P0162,1,52.99,False
O005415,P0244,1,26.99,False
O005415,P0091,2,37.99,False
O005416,P0059,1,21.99,False
O005416,P0042,1,174.99,True
O005417,P0106,1,37.99,False
O005417,P0257,1,34.99,False
O005418,P0275,1,72.99,False
O005419,P0141,1,59.99,False
O005420,P0144,2,91.99,False
O005420,P0119,1,186.99,True
O005420,P0141,1,59.99,False
O005420,P0252,1,85.99,False
O005420,P0105,1,94.99,False
O005421,P0266,1,85.99,False
O005421,P0191,1,62.99,False
O005421,P0272,1,40.99,False
O005422,P0278,1,9.99,False
O005423,P0206,1,35.99,False
O005423,P0152,1,24.99,False
O005424,P0049,1,106.99,False
O005425,P0178,2,71.99,False
O005425,P0268,1,27.99,False
O005426,P0204,1,37.99,False
O005426,P0232,1,77.99,False
O005427,P0178,1,71.99,False
O005427,P0249,1,19.99,False
O005428,P0053,1,200.99,False
O005429,P0103,1,141.99,False
O005430,P0042,1,174.99,False
O005430,P0072,1,49.99,False
O005431,P0062,1,111.99,False
O005432,P0224,2,65.99,False
O005433,P0017,1,166.99,False
O005433,P0052,1,410.99,False
O005434,P0293,2,43.99,False
O005434,P0166,2,84.99,False
O005435,P0161,1,14.99,False
O005436,P0098,1,21.99,False
O005437,P0006,1,525.99,False
O005437,P0135,1,38.99,True
O005437,P0290,1,15.99,False
O005438,P0274,1,153.99,False
O005439,P0104,1,20.99,False
O005440,P0261,1,147.99,False
O005440,P0087,1,21.99,True
O005441,P0242,1,19.99,False
O005442,P0233,1,78.99,False
O005443,P0257,1,34.99,False
O005443,P0147,2,82.99,False
O005444,P0016,1,316.99,False
O005445,P0217,1,16.99,False
O005445,P0102,1,55.99,False
O005446,P0180,1,14.99,False
O005447,P0098,2,21.99,False
O005448,P0187,1,93.99,False
O005449,P0272,1,40.99,False
O005450,P0102,1,55.99,False
O005451,P0154,2,39.99,False
O005452,P0147,1,82.99,False
O005453,P0212,1,20.99,False
O005454,P0215,1,55.99,True
O005455,P0099,1,79.99,False
O005455,P0144,1,91.99,False
O005456,P0026,1,65.99,False
O005457,P0066,1,88.99,True
O005458,P0073,1,53.99,False
O005459,P0236,2,36.99,False
O005460,P0216,2,23.99,False
O005461,P0245,1,27.99,False
O005461,P0276,2,21.99,False
O005461,P0008,1,72.99,False
O005462,P0133,1,105.99,False
O005462,P0100,1,30.99,False
O005463,P0074,2,148.99,False
O005463,P0063,1,20.99,False
O005463,P0021,2,77.99,False
O005464,P0194,1,65.99,False
O005465,P0103,1,141.99,False
O005466,P0054,2,127.99,False
O005466,P0165,1,84.99,False
O005467,P0141,2,59.99,False
O005467,P0219,1,10.99,False
O005468,P0008,1,72.99,False
O005468,P0205,1,48.99,False
O005468,P0088,1,54.99,False
O005468,P0105,1,94.99,False
O005469,P0296,1,36.99,False
O005470,P0196,2,22.99,False
O005470,P0297,1,11.99,False
O005471,P0097,2,19.99,False
O005472,P0222,1,7.99,False
O005473,P0259,1,62.99,True
O005474,P0134,1,53.99,False
O005474,P0115,1,51.99,False
O005475,P0068,1,143.99,False
O005476,P0158,1,34.99,False
O005477,P0259,1,62.99,False
O005478,P0025,1,42.99,False
O005478,P0027,1,349.99,False
O005479,P0213,1,57.99,False
O005479,P0076,1,21.99,False
O005480,P0077,1,32.99,False
O005481,P0063,1,20.99,False
O005482,P0136,1,15.99,False
O005483,P0154,2,39.99,False
O005484,P0187,1,93.99,True
O005485,P0181,1,100.99,False
O005486,P0101,2,84.99,False
O005487,P0240,2,76.99,False
O005487,P0186,1,56.99,False
O005487,P0118,1,97.99,False
O005488,P0044,1,650.99,False
O005489,P0110,1,134.99,False
O005490,P0015,1,61.99,False
O005490,P0161,1,14.99,True
O005491,P0240,1,76.99,False
O005492,P0130,1,60.99,False
O005492,P0017,1,166.99,False
O005493,P0171,1,22.99,False
O005494,P0086,1,133.99,False
O005494,P0249,1,19.99,False
O005495,P0295,2,13.99,False
O005495,P0289,1,25.99,False
O005496,P0205,1,48.99,False
O005497,P0057,1,80.99,False
O005498,P0071,2,171.99,False
O005498,P0289,3,25.99,False
O005498,P0014,1,133.99,False
O005499,P0040,1,179.99,False
O005500,P0241,1,15.99,False
O005500,P0046,2,384.99,False
O005501,P0289,1,25.99,False
O005502,P0001,2,444.99,False
O005503,P0034,1,423.99,False
O005503,P0074,1,148.99,False
O005504,P0238,1,32.99,False
O005505,P0133,1,105.99,False
O005505,P0102,1,55.99,True
O005506,P0006,1,525.99,False
O005507,P0025,1,42.99,False
O005508,P0152,2,24.99,False
O005508,P0066,1,88.99,False
O005508,P0111,1,240.99,False
O005509,P0251,1,213.99,False
O005509,P0269,1,219.99,False
O005510,P0082,1,74.99,False
O005511,P0267,2,45.99,False
O005512,P0222,1,7.99,False
O005512,P0010,1,109.99,False
O005513,P0219,1,10.99,False
O005514,P0078,1,17.99,False
O005515,P0211,2,39.99,False
O005516,P0187,1,93.99,False
O005516,P0213,1,57.99,False
O005516,P0216,1,23.99,False
O005517,P0110,1,134.99,False
O005517,P0054,1,127.99,True
O005518,P0158,1,34.99,False
O005519,P0086,1,133.99,True
O005519,P0296,1,36.99,False
O005520,P0256,1,19.99,False
O005520,P0021,2,77.99,False
O005520,P0266,1,85.99,False
O005521,P0049,1,106.99,False
O005522,P0291,1,8.99,False
O005522,P0040,1,179.99,False
O005523,P0053,2,200.99,True
O005523,P0253,1,246.99,False
O005524,P0108,2,22.99,False
O005525,P0078,1,17.99,False
O005525,P0014,1,133.99,False
O005526,P0020,1,102.99,False
O005527,P0057,1,80.99,False
O005528,P0126,1,66.99,True
O005529,P0274,1,153.99,False
O005529,P0204,2,37.99,False
O005530,P0012,1,321.99,False
O005531,P0096,1,168.99,False
O005532,P0131,2,17.99,False
O005532,P0203,1,48.99,False
O005532,P0140,1,19.99,False
O005533,P0079,1,78.99,False
O005533,P0171,1,22.99,False
O005533,P0223,2,11.99,False
O005534,P0262,2,284.99,False
O005534,P0027,1,349.99,False
O005535,P0253,1,246.99,False
O005536,P0139,1,24.99,False
O005537,P0226,1,49.99,False
O005538,P0053,1,,False
O005538,P0187,1,93.99,False
O005538,P0132,1,51.99,False
O005539,P0149,1,11.99,False
O005540,P0179,1,34.99,False
O005541,P0255,1,116.99,False
O005542,P0152,3,24.99,False
O005543,P0260,1,20.99,False
O005544,P0204,1,37.99,False
O005545,P0094,2,143.99,False
O005545,P0131,1,17.99,True
O005546,P0134,1,53.99,False
O005547,P0180,1,14.99,False
O005547,P0172,1,49.99,False
O005547,P0279,2,37.99,False
O005547,P0283,2,6.99,False
O005548,P0069,1,15.99,False
O005549,P0239,1,37.99,False
O005550,P0002,1,53.99,False
O005551,P0141,1,59.99,False
O005552,P0176,1,115.99,False
O005553,P0072,2,49.99,False
O005554,P0056,2,154.99,False
O005555,P0246,1,46.99,False
O005555,P0071,1,171.99,False
O005556,P0112,1,163.99,False
O005557,P0191,1,62.99,False
O005557,P0295,1,13.99,False
O005558,P0083,1,42.99,False
O005559,P0250,1,281.99,False
O005559,P0133,1,105.99,False
O005560,P0273,1,30.99,False
O005561,P0194,1,65.99,False
O005562,P0018,1,320.99,False
O005563,P0026,1,65.99,False
O005563,P0245,1,27.99,True
O005564,P0075,2,79.99,False
O005565,P0025,2,42.99,False
O005565,P0182,2,12.99,False
O005566,P0271,1,30.99,False
O005566,P0174,1,87.99,False
O005566,P0252,1,85.99,False
O005567,P0120,1,132.99,False
O005568,P0150,1,16.99,False
O005569,P0169,1,18.99,False
O005570,P0224,1,65.99,False
O005570,P0128,2,61.99,False
O005570,P0075,1,79.99,False
O005571,P0229,1,41.99,False
O005571,P0253,1,246.99,False
O005572,P0209,2,22.99,True
O005573,P0076,2,21.99,False
O005574,P0107,1,31.99,False
O005575,P0229,1,41.99,False
O005575,P0116,1,19.99,False
O005576,P0108,1,22.99,False
O005576,P0104,1,20.99,True
O005577,P0121,1,53.99,False
O005577,P0012,1,321.99,False
O005578,P0003,1,461.99,False
O005579,P0124,1,70.99,True
O005580,P0254,1,48.99,False
O005580,P0033,2,103.99,False
O005581,P0003,1,461.99,False
O005582,P0128,1,61.99,False
O005583,P0143,1,50.99,False
O005584,P0233,1,78.99,False
O005585,P0259,2,62.99,False
O005585,P0300,1,28.99,False
O005586,P0283,1,6.99,False
O005586,P0068,1,143.99,False
O005586,P0106,1,37.99,False
O005586,P0065,1,33.99,False
O005587,P0186,1,56.99,True
O005588,P0269,1,219.99,False
O005588,P0268,1,27.99,False
O005589,P0163,1,13.99,False
O005590,P0293,1,43.99,False
O005591,P0015,1,61.99,False
O005591,P0229,1,41.99,False
O005591,P0282,1,7.99,False
O005592,P0207,1,21.99,False
O005593,P0087,1,21.99,False
O005593,P0015,1,61.99,True
O005594,P0156,1,116.99,False
O005595,P0274,1,153.99,False
O005595,P0294,1,39.99,False
O005596,P0173,1,95.99,False
O005597,P0041,1,181.99,False
O005597,P0127,1,16.99,False
O005598,P0297,1,11.99,False
O005599,P0039,1,117.99,True
O005599,P0251,2,213.99,False
O005599,P0040,1,179.99,False
O005600,P0278,1,9.99,False
O005600,P0214,1,16.99,False
O005600,P0170,1,23.99,False
O005601,P0287,1,14.99,False
O005602,P0123,1,84.99,False
O005602,P0031,1,372.99,False
O005602,P0054,1,127.99,False
O005602,P0051,2,45.99,False
O005603,P0279,1,37.99,False
O005604,P0176,1,115.99,False
O005604,P0221,1,13.99,False
O005604,P0110,1,134.99,False
O005605,P0292,2,14.99,False
O005606,P0299,1,22.99,False
O005606,P0231,1,10.99,False
O005607,P0133,1,105.99,False
O005608,P0169,1,18.99,False
O005608,P0058,1,133.99,False
O005608,P0258,1,60.99,False
O005609,P0228,1,17.99,False
O005610,P0203,1,48.99,False
O005611,P0093,1,37.99,False
O005611,P0093,1,37.99,False
O005611,P0117,1,32.99,False
O005612,P0019,1,432.99,False
O005613,P0295,2,13.99,False
O005614,P0190,0,17.99,False
O005614,P0158,1,34.99,True
O005615,P0087,1,21.99,False
O005616,P0160,2,36.99,False
O005616,P0206,1,35.99,False
O005617,P0066,1,88.99,False
O005618,P0122,1,47.99,False
O005618,P0019,1,432.99,False
O005619,P0041,1,,False
O005619,P0048,1,126.99,False
O005620,P0103,2,141.99,False
O005621,P0235,1,14.99,False
O005622,P0061,1,105.99,False
O005623,P0177,1,66.99,False
O005624,P0050,1,88.99,False
O005625,P0269,1,219.99,False
O005626,P0276,2,21.99,False
O005627,P0101,1,84.99,False
O005627,P0103,1,141.99,False
O005627,P0151,1,27.99,True
O005627,P0243,1,115.99,False
O005628,P0062,2,111.99,False
O005628,P0247,2,133.99,False
O005629,P0210,1,9.99,False
O005630,P0299,1,22.99,False
O005631,P0219,1,10.99,False
O005631,P0015,1,61.99,False
O005632,P0214,1,16.99,False
O005633,P0117,3,32.99,False
O005634,P0224,2,65.99,False
O005635,P0098,1,21.99,False
O005636,P0087,1,21.99,False
O005636,P0233,1,78.99,False
O005636,P0253,1,246.99,False
O005636,P0026,2,65.99,False
O005637,P0278,1,9.99,False
O005638,P0152,1,24.99,False
O005639,P0241,1,15.99,False
O005639,P0091,1,37.99,False
O005639,P0155,1,81.99,False
O005640,P0055,1,30.99,False
O005640,P0137,1,31.99,False
O005641,P0214,2,16.99,False
O005642,P0052,1,410.99,False
O005643,P0096,1,168.99,False
O005643,P0152,1,24.99,False
O005644,P0286,1,43.99,False
O005645,P0007,1,120.99,False
O005646,P0281,1,43.99,False
O005646,P0104,1,20.99,False
O005647,P0005,2,158.99,False
O005647,P0212,1,20.99,False
O005648,P0288,1,12.99,False
O005649,P0148,1,17.99,False
O005649,P0142,1,73.99,False
O005650,P0133,1,105.99,False
O005650,P0066,1,88.99,False
O005651,P0084,1,16.99,False
O005652,P0246,1,46.99,False
O005652,P0139,1,24.99,False
O005653,P0131,1,17.99,False
O005654,P0266,1,85.99,False
O005655,P0101,1,84.99,False
O005656,P0262,1,284.99,False
O005656,P0257,1,34.99,False
O005657,P0283,1,6.99,False
O005658,P0139,1,24.99,False
O005659,P0163,2,13.99,True
O005660,P0025,1,42.99,False
O005660,P0100,1,30.99,False
O005660,P0260,1,20.99,False
O005661,P0191,2,62.99,False
O005661,P0300,1,28.99,False
O005662,P0282,2,7.99,False
O005662,P0019,1,432.99,False
O005663,P0071,1,171.99,False
O005663,P0238,1,32.99,False
O005664,P0151,1,27.99,False
O005665,P0089,1,31.99,False
O005666,P0029,1,57.99,False
O005667,P0127,1,16.99,False
O005668,P0267,1,45.99,False
O005669,P0108,1,22.99,True
O005670,P0209,1,22.99,False
O005671,P0261,1,147.99,False
O005671,P0213,2,57.99,False
O005671,P0093,3,37.99,False
O005672,P0110,1,134.99,False
O005672,P0206,2,35.99,False
O005673,P0241,1,15.99,False
O005674,P0224,1,65.99,False
O005675,P0002,1,53.99,False
O005675,P0109,1,43.99,False
O005675,P0094,1,143.99,False
O005676,P0008,1,72.99,False
O005676,P0043,1,201.99,False
O005677,P0144,1,91.99,False
O005678,P0084,1,16.99,False
O005679,P0146,1,36.99,True
O005679,P0215,1,55.99,False
O005680,P0160,1,36.99,False
O005681,P0153,2,28.99,False
O005681,P0252,1,85.99,False
O005682,P0227,1,20.99,False
O005683,P0051,1,45.99,False
O005684,P0104,1,20.99,False
O005685,P0289,1,25.99,False
O005685,P0014,1,133.99,False
O005686,P0008,1,72.99,False
O005686,P0152,1,24.99,False
O005686,P0030,1,91.99,True
O005687,P0084,2,16.99,False
O005688,P0060,2,100.99,False
O005689,P0196,1,22.99,True
O005690,P0209,1,22.99,False
O005690,P0035,2,281.99,False
O005691,P0081,1,16.99,False
O005691,P0269,1,219.99,False
O005691,P0001,2,444.99,False
O005691,P0098,1,21.99,False
O005692,P0267,1,45.99,False
O005693,P0233,1,78.99,False
O005694,P0217,1,16.99,False
O005695,P0269,1,219.99,False
O005696,P0063,1,20.99,False
O005696,P0256,1,19.99,False
O005697,P0278,1,9.99,False
O005698,P0248,1,224.99,False
O005699,P0006,1,525.99,False
O005699,P0279,1,37.99,False
O005699,P0002,1,53.99,False
O005699,P0051,1,45.99,False
O005700,P0058,1,133.99,False
O005701,P0256,1,19.99,True
O005702,P0190,1,17.99,False
O005702,P0024,1,141.99,False
O005702,P0150,1,16.99,False
O005703,P0024,1,141.99,False
O005704,P0168,3,50.99,False
O005704,P0215,1,55.99,False
O005705,P0035,1,281.99,False
O005705,P0287,1,14.99,False
O005705,P0183,2,61.99,False
O005705,P0196,1,22.99,False
O005706,P0083,1,42.99,True
O005707,P0039,2,117.99,False
O005708,P0155,1,81.99,False
O005709,P0192,2,30.99,True
O005709,P0148,2,17.99,False
O005710,P0149,1,11.99,False
O005711,P0046,1,384.99,False
O005712,P0133,1,105.99,False
O005713,P0270,1,25.99,False
O005714,P0045,1,55.99,False
O005714,P0045,1,55.99,False
O005715,P0038,1,67.99,True
O005716,P0274,1,153.99,False
O005717,P0006,1,525.99,False
O005718,P0177,2,66.99,False
O005719,P0140,2,19.99,False
O005720,P0011,1,71.99,False
O005721,P0219,1,10.99,False
O005721,P0246,2,46.99,False
O005722,P0203,1,48.99,False
O005722,P0089,1,31.99,False
O005723,P0163,1,13.99,False
O005723,P0066,1,88.99,False
O005723,P0283,1,6.99,False
O005724,P0028,2,284.99,False
O005724,P0023,1,313.99,False
O005725,P0017,1,166.99,False
O005726,P0038,1,67.99,False
O005727,P0005,1,158.99,False
O005727,P0033,1,103.99,False
O005727,P0182,1,12.99,False
O005728,P0230,1,61.99,False
O005728,P0011,1,71.99,False
O005729,P0164,1,83.99,False
O005730,P0139,1,24.99,False
O005730,P0250,1,281.99,False
O005730,P0022,1,47.99,False
O005731,P0256,1,19.99,False
O005732,P0146,1,36.99,True
O005733,P0050,1,88.99,True
O005734,P0105,1,94.99,False
O005734,P0175,1,32.99,False
O005735,P0049,1,106.99,False
O005736,P0105,1,94.99,False
O005737,P0263,2,22.99,False
O005738,P0113,1,77.99,False
O005739,P0118,1,97.99,False
O005739,P0035,2,281.99,False
O005739,P0157,1,29.99,False
O005740,P0235,2,14.99,False
O005741,P0152,1,24.99,False
O005742,P0300,1,28.99,False
O005742,P0078,2,17.99,False
O005743,P0204,1,37.99,False
O005744,P0085,1,160.99,False
O005744,P0261,2,147.99,False
O005744,P0132,2,51.99,False
O005744,P0070,1,28.99,False
O005745,P0277,2,40.99,False
O005745,P0221,1,13.99,False
O005745,P0084,1,16.99,False
O005746,P0289,1,25.99,False
O005747,P0287,1,14.99,False
O005748,P0123,1,84.99,False
O005749,P0224,1,65.99,False
O005750,P0092,1,215.99,False
O005751,P0126,1,66.99,False
O005751,P0087,1,21.99,True
O005752,P0225,2,76.99,False
O005752,P0281,1,43.99,False
O005753,P0207,1,21.99,False
O005754,P0040,1,179.99,False
O005755,P0169,1,18.99,False
O005756,P0214,1,16.99,False
O005756,P0102,1,55.99,False
O005756,P0009,1,64.99,False
O005757,P0053,1,200.99,True
O005758,P0024,1,141.99,False
O005759,P0140,1,19.99,False
O005759,P0170,1,23.99,False
O005759,P0161,1,14.99,False
O005760,P0131,1,17.99,False
O005761,P0275,1,72.99,False
O005762,P0021,2,77.99,False
O005763,P0259,1,62.99,False
O005764,P0124,1,70.99,False
O005765,P0238,1,32.99,False
O005766,P0046,1,384.99,False
O005767,P0130,1,60.99,False
O005767,P0100,2,30.99,False
O005768,P0077,1,32.99,False
O005768,P0243,1,115.99,False
O005769,P0091,1,37.99,False
O005770,P0071,1,171.99,False
O005771,P0293,1,43.99,False
O005771,P0069,2,15.99,False
O005772,P0061,1,105.99,False
O005773,P0297,1,11.99,False
O005774,P0133,1,105.99,False
O005774,P0170,2,23.99,False
O005775,P0244,1,26.99,False
O005775,P0201,1,13.99,False
O005776,P0180,1,14.99,False
O005776,P0080,1,61.99,False
O005777,P0081,1,16.99,True
O005778,P0059,1,21.99,True
O005778,P0294,2,39.99,False
O005779,P0148,2,17.99,False
O005780,P0190,1,17.99,False
O005781,P0065,1,33.99,False
O005782,P0235,1,14.99,False
O005783,P0117,1,32.99,False
O005784,P0216,1,23.99,False
O005784,P0244,1,26.99,False
O005785,P0286,1,43.99,False
O005786,P0296,1,36.99,False
O005786,P0213,1,57.99,False
O005787,P0221,1,13.99,False
O005788,P0165,2,84.99,True
O005788,P0299,1,22.99,True
O005789,P0091,1,37.99,False
O005789,P0173,1,95.99,False
O005789,P0271,1,30.99,False
O005790,P0228,1,17.99,False
O005790,P0251,1,213.99,False
O005791,P0060,1,100.99,False
O005792,P0275,1,72.99,False
O005793,P0082,1,74.99,False
O005794,P0242,1,19.99,False
O005795,P0004,1,715.99,False
O005796,P0221,1,13.99,True
O005796,P0236,1,36.99,False
O005797,P0025,1,42.99,False
O005797,P0262,1,284.99,False
O005798,P0081,1,16.99,False
O005798,P0048,1,126.99,False
O005799,P0184,1,75.99,False
O005800,P0002,1,53.99,False
O005800,P0030,1,91.99,False
O005801,P0051,2,45.99,True
O005802,P0279,1,37.99,False
O005803,P0067,1,48.99,False
O005804,P0102,1,55.99,False
O005804,P0072,1,49.99,False
O005805,P0192,1,30.99,False
O005806,P0236,1,36.99,False
O005806,P0207,1,21.99,False
O005806,P0080,1,61.99,False
O005806,P0068,1,143.99,False
O005807,P0258,1,60.99,False
O005808,P0107,1,31.99,False
O005808,P0248,2,224.99,False
O005809,P0149,1,11.99,False
O005809,P0075,1,79.99,False
O005810,P0120,1,132.99,False
O005810,P0027,1,349.99,False
O005811,P0034,1,423.99,False
O005812,P0037,1,111.99,False
O005812,P0274,2,153.99,False
O005813,P0241,1,15.99,False
O005814,P0087,1,21.99,True
O005815,P0197,1,20.99,False
O005816,P0278,1,9.99,False
O005817,P0191,1,62.99,False
O005818,P0006,1,525.99,False
O005818,P0198,1,14.99,False
O005818,P0165,1,84.99,False
O005819,P0039,1,117.99,False
O005820,P0009,1,64.99,False
O005821,P0139,1,24.99,True
O005822,P0087,0,21.99,False
O005822,P0092,1,215.99,False
O005823,P0096,1,168.99,False
O005823,P0288,1,12.99,False
O005824,P0266,1,85.99,False
O005824,P0001,1,444.99,False
O005825,P0299,1,22.99,False
O005826,P0013,1,353.99,False
O005827,P0011,1,71.99,True
O005828,P0128,1,61.99,False
O005828,P0097,1,19.99,False
O005829,P0200,1,30.99,False
O005830,P0177,1,66.99,False
O005830,P0222,2,7.99,False
O005831,P0106,1,37.99,False
O005832,P0287,1,14.99,False
O005833,P0198,1,14.99,False
O005834,P0260,2,20.99,False
O005835,P0229,1,41.99,False
O005835,P0128,1,61.99,False
O005836,P0131,1,17.99,False
O005836,P0297,1,11.99,False
O005837,P0178,1,71.99,False
O005838,P0041,1,181.99,False
O005839,P0218,1,40.99,False
O005840,P0192,1,30.99,False
O005840,P0152,1,24.99,True
O005840,P0023,1,313.99,False
O005841,P0234,1,60.99,False
O005842,P0277,1,40.99,False
O005843,P0218,2,40.99,False
O005844,P0138,1,30.99,False
O005845,P0053,1,200.99,False
O005845,P0135,1,38.99,False
O005846,P0095,1,33.99,False
O005846,P0001,2,444.99,False
O005846,P0018,1,320.99,False
O005847,P0037,1,111.99,False
O005847,P0242,1,19.99,False
O005848,P0198,2,14.99,False
O005849,P0249,1,19.99,False
O005850,P0117,1,32.99,False
O005851,P0031,2,372.99,False
O005852,P0205,1,48.99,False
O005853,P0043,1,201.99,False
O005853,P0280,1,12.99,False
O005854,P0253,1,246.99,False
O005855,P0131,1,17.99,False
O005856,P0179,1,34.99,False
O005857,P0108,1,22.99,False
O005858,P0080,1,61.99,False
O005859,P0046,1,384.99,False
O005859,P0072,2,49.99,False
O005860,P0010,2,109.99,False
O005860,P0244,1,26.99,False
O005861,P0015,1,61.99,False
O005861,P0255,1,116.99,False
O005862,P0256,1,19.99,False
O005862,P0148,2,17.99,False
O005863,P0148,2,17.99,False
O005864,P0213,1,57.99,False
O005864,P0219,1,10.99,False
O005864,P0193,1,79.99,False
O005865,P0012,1,321.99,False
O005866,P0115,1,51.99,False
O005867,P0241,1,15.99,False
O005868,P0136,1,15.99,False
O005868,P0204,1,37.99,False
O005869,P0214,1,16.99,False
O005870,P0234,1,60.99,False
O005871,P0073,1,53.99,False
O005871,P0150,1,16.99,False
O005872,P0056,2,154.99,False
O005873,P0136,1,15.99,False
O005873,P0252,1,85.99,False
O005874,P0280,1,12.99,False
O005875,P0258,1,60.99,False
O005876,P0040,2,179.99,False
O005876,P0268,1,27.99,False
O005876,P0251,1,213.99,False
O005877,P0268,1,27.99,True
O005877,P0120,1,132.99,False
O005878,P0265,1,24.99,False
O005878,P0230,1,61.99,False
O005879,P0027,1,349.99,False
O005879,P0053,1,200.99,False
O005880,P0112,2,163.99,False
O005881,P0179,2,34.99,False
O005882,P0098,1,21.99,True
O005882,P0261,1,147.99,False
O005883,P0192,1,30.99,False
O005883,P0293,1,43.99,False
O005884,P0182,1,12.99,False
O005885,P0113,1,77.99,False
O005886,P0107,1,31.99,False
O005887,P0018,1,320.99,False
O005888,P0009,2,64.99,False
O005889,P0086,1,133.99,False
O005890,P0240,1,76.99,False
O005891,P0030,1,91.99,False
O005892,P0081,1,16.99,False
O005893,P0025,1,42.99,False
O005894,P0122,1,47.99,False
O005894,P0023,1,313.99,False
O005895,P0211,1,39.99,False
O005896,P0054,1,127.99,False
O005897,P0120,1,132.99,False
O005897,P0062,1,111.99,False
O005897,P0073,1,53.99,False
O005897,P0083,2,42.99,False
O005898,P0061,1,105.99,False
O005898,P0067,1,48.99,False
O005898,P0123,1,84.99,False
O005898,P0279,1,37.99,False
O005899,P0218,1,40.99,False
O005899,P0235,2,14.99,False
O005900,P0156,1,116.99,False
O005901,P0146,1,36.99,False
O005902,P0230,1,61.99,False
O005902,P0196,1,22.99,False
O005903,P0091,1,37.99,False
O005904,P0059,1,21.99,False
O005904,P0234,2,60.99,False
O005904,P0087,1,21.99,False
O005905,P0036,1,145.99,False
O005906,P0014,1,133.99,False
O005907,P0041,1,181.99,True
O005907,P0089,1,31.99,False
O005908,P0162,1,52.99,False
O005909,P0133,1,105.99,False
O005910,P0155,1,81.99,False
O005910,P0078,1,17.99,False
O005911,P0134,1,53.99,False
O005911,P0059,1,21.99,True
O005912,P0018,1,320.99,False
O005913,P0113,1,77.99,False
O005914,P0220,1,8.99,False
O005914,P0109,1,43.99,False
O005915,P0205,2,48.99,True
O005916,P0214,1,16.99,False
O005917,P0090,1,28.99,False
O005918,P0088,1,54.99,False
O005918,P0041,1,181.99,False
O005919,P0199,1,16.99,False
O005920,P0262,1,284.99,False
O005920,P0147,1,82.99,False
O005921,P0067,1,48.99,False
O005922,P0161,1,14.99,True
O005922,P0250,1,281.99,False
O005922,P0118,2,97.99,False
O005923,P0047,2,692.99,False
O005924,P0081,1,16.99,False
O005924,P0090,1,28.99,False
O005924,P0210,1,9.99,False
O005925,P0043,1,201.99,False
O005926,P0297,1,11.99,False
O005926,P0289,1,25.99,False
O005926,P0138,1,30.99,False
O005926,P0151,2,27.99,False
O005927,P0169,1,18.99,False
O005927,P0230,1,61.99,False
O005928,P0199,1,16.99,False
O005929,P0008,1,72.99,False
O005930,P0131,1,17.99,False
O005931,P0107,1,31.99,False
O005932,P0117,1,32.99,False
O005932,P0079,2,78.99,False
O005933,P0104,1,20.99,False
O005933,P0174,1,87.99,False
O005933,P0247,2,133.99,False
O005934,P0064,1,58.99,False
O005935,P0073,1,53.99,False
O005936,P0190,1,17.99,False
O005937,P0235,2,14.99,False
O005937,P0018,1,320.99,False
O005937,P0080,1,61.99,False
O005938,P0010,1,109.99,False
O005939,P0075,1,79.99,False
O005940,P0105,1,94.99,False
O005941,P0159,1,96.99,False
O005942,P0181,1,100.99,True
O005943,P0057,1,80.99,False
O005944,P0052,1,410.99,False
O005945,P0087,1,21.99,False
O005946,P0288,1,12.99,False
O005946,P0028,1,284.99,False
O005947,P0183,1,61.99,True
O005947,P0075,1,79.99,False
O005947,P0292,1,14.99,False
O005948,P0173,1,95.99,False
O005949,P0199,2,16.99,False
O005950,P0227,1,20.99,False
O005951,P0063,1,20.99,False
O005951,P0193,1,79.99,False
O005952,P0207,1,21.99,False
O005952,P0119,1,186.99,False
O005953,P0015,1,61.99,False
O005954,P0186,1,56.99,False
O005955,P0078,1,17.99,False
O005956,P0009,1,64.99,False
O005956,P0238,1,32.99,False
O005957,P0104,1,20.99,False
O005957,P0234,2,60.99,False
O005958,P0218,1,40.99,False
O005959,P0108,1,22.99,False
O005960,P0021,1,77.99,False
O005960,P0239,1,37.99,False
O005961,P0077,1,32.99,False
O005962,P0274,1,153.99,False
O005962,P0121,1,53.99,False
O005962,P0023,1,313.99,False
O005962,P0246,2,46.99,False
O005962,P0100,1,30.99,False
O005963,P0152,0,24.99,False
O005964,P0293,1,43.99,False
O005965,P0172,1,49.99,True
O005966,P0094,1,143.99,False
O005967,P0021,1,77.99,False
O005968,P0151,1,27.99,True
O005969,P0155,2,81.99,True
O005969,P0078,2,17.99,False
O005970,P0263,1,22.99,False
O005970,P0296,1,36.99,False
O005971,P0133,1,105.99,False
O005972,P0145,1,39.99,False
O005973,P0128,2,61.99,True
O005974,P0041,1,181.99,False
O005975,P0125,2,12.99,False
O005976,P0246,1,46.99,False
O005977,P0162,1,52.99,False
O005978,P0235,1,14.99,False
O005979,P0168,2,50.99,True
O005979,P0200,1,30.99,False
O005979,P0017,1,166.99,False
O005979,P0035,1,281.99,False
O005980,P0039,2,117.99,False
O005981,P0153,1,28.99,False
O005982,P0006,1,525.99,False
O005982,P0034,1,423.99,True
O005982,P0284,1,26.99,False
O005982,P0007,2,120.99,False
O005982,P0195,1,18.99,False
O005983,P0009,1,64.99,False
O005984,P0167,1,40.99,False
O005985,P0032,1,664.99,False
O005985,P0009,2,64.99,False
O005986,P0186,2,56.99,False
O005987,P0079,1,78.99,False
O005988,P0280,1,12.99,False
O005989,P0220,1,8.99,False
O005990,P0087,1,21.99,False
O005991,P0143,1,50.99,True
O005991,P0201,1,13.99,False
O005992,P0225,1,76.99,False
O005993,P0098,1,21.99,False
O005993,P0266,1,85.99,False
O005994,P0016,1,316.99,False
O005995,P0077,2,32.99,False
O005995,P0042,1,174.99,True
O005996,P0047,1,692.99,False
O005996,P0063,1,20.99,False
O005997,P0276,1,21.99,False
O005998,P0157,1,29.99,False
O005998,P0128,1,61.99,False
O005999,P0010,1,109.99,False
O006000,P0052,1,410.99,False
O006001,P0188,1,26.99,False
O006001,P0090,1,28.99,False
O006002,P0100,1,30.99,False
O006003,P0127,1,16.99,False
O006004,P0184,1,75.99,False
O006005,P0254,1,48.99,False
O006006,P0040,1,179.99,True
O006007,P0273,1,30.99,False
O006008,P0131,1,17.99,False
O006008,P0141,1,59.99,False
O006009,P0292,1,14.99,False
O006010,P0165,1,84.99,False
O006010,P0079,2,78.99,False
O006011,P0017,1,166.99,False
O006012,P0103,1,141.99,False
O006012,P0041,2,181.99,False
O006012,P0207,1,21.99,False
O006013,P0107,2,31.99,False
O006014,P0111,1,240.99,False
O006015,P0112,1,163.99,False
O006015,P0241,1,15.99,False
O006015,P0220,1,8.99,False
O006016,P0206,1,35.99,False
O006017,P0233,1,78.99,False
O006018,P0252,1,85.99,False
O006019,P0002,1,53.99,False
O006020,P0139,2,24.99,False
O006020,P0112,1,163.99,False
O006021,P0256,1,19.99,False
O006022,P0181,2,100.99,False
O006022,P0166,1,84.99,False
O006023,P0076,2,21.99,False
O006024,P0211,2,39.99,False
O006025,P0120,1,132.99,False
O006025,P0125,1,12.99,False
O006025,P0117,3,32.99,False
O006026,P0044,1,650.99,False
O006026,P0167,1,40.99,False
O006026,P0033,2,103.99,False
O006027,P0062,1,111.99,False
O006028,P0294,1,39.99,False
O006029,P0235,1,14.99,False
O006030,P0080,2,61.99,False
O006030,P0159,1,96.99,False
O006031,P0241,1,15.99,False
O006032,P0091,1,37.99,False
O006033,P0155,1,81.99,False
O006034,P0139,1,24.99,False
O006034,P0291,1,8.99,False
O006035,P0256,1,19.99,False
O006036,P0116,1,19.99,False
O006037,P0223,1,11.99,False
O006037,P0148,1,17.99,False
O006038,P0297,1,11.99,False
O006039,P0072,1,49.99,False
O006040,P0118,1,97.99,False
O006040,P0135,2,38.99,False
O006041,P0252,1,85.99,True
O006041,P0210,1,9.99,False
O006042,P0273,1,30.99,False
O006043,P0188,1,26.99,False
O006044,P0114,1,152.99,False
O006045,P0075,3,79.99,False
O006046,P0180,1,14.99,True
O006046,P0063,1,20.99,False
O006047,P0165,2,84.99,False
O006048,P0075,1,79.99,False
O006048,P0084,1,16.99,False
O006049,P0017,1,166.99,False
O006049,P0096,1,168.99,False
O006050,P0136,1,15.99,True
O006051,P0250,2,281.99,False
O006052,P0011,1,71.99,False
O006053,P0133,1,105.99,False
O006053,P0251,1,213.99,False
O006054,P0030,2,91.99,False
O006055,P0282,1,7.99,False
O006055,P0257,1,34.99,False
O006056,P0154,1,39.99,False
O006056,P0072,1,49.99,False
O006057,P0189,1,46.99,False
O006058,P0022,1,47.99,False
O006058,P0157,1,29.99,False
O006059,P0245,1,27.99,False
O006060,P0231,1,10.99,False
O006060,P0103,1,141.99,False
O006061,P0075,1,79.99,False
O006061,P0185,1,49.99,False
O006062,P0194,2,65.99,True
O006063,P0174,2,87.99,False
O006064,P0098,1,21.99,False
O006065,P0249,1,19.99,False
O006066,P0181,1,100.99,False
O006067,P0233,2,78.99,False
O006068,P0093,2,37.99,False
O006068,P0222,1,7.99,False
O006069,P0080,1,61.99,False
O006069,P0062,1,111.99,False
O006069,P0034,2,423.99,False
O006070,P0041,1,181.99,False
O006070,P0014,1,133.99,False
O006071,P0056,1,154.99,False
O006072,P0210,1,9.99,False
O006073,P0278,1,9.99,False
O006074,P0187,1,93.99,True
O006075,P0273,1,30.99,False
O006075,P0082,2,74.99,False
O006076,P0078,2,17.99,False
O006076,P0291,1,8.99,False
O006077,P0005,1,158.99,False
O006077,P0092,1,215.99,False
O006078,P0187,1,93.99,False
O006079,P0209,1,22.99,False
O006080,P0027,1,349.99,False
O006081,P0219,1,10.99,False
O006082,P0181,1,100.99,True
O006082,P0075,1,79.99,False
O006083,P0188,1,26.99,False
O006084,P0065,1,33.99,False
O006085,P0151,1,27.99,False
O006086,P0277,1,40.99,False
O006086,P0167,1,40.99,False
O006087,P0050,2,88.99,False
O006087,P0042,1,174.99,False
O006088,P0040,1,179.99,False
O006088,P0113,1,77.99,False
O006088,P0290,1,15.99,False
O006089,P0093,1,37.99,False
O006089,P0294,1,39.99,False
O006089,P0148,2,17.99,False
O006090,P0075,1,79.99,False
O006090,P0103,1,141.99,False
O006090,P0187,1,93.99,False
O006090,P0266,1,85.99,True
O006091,P0029,1,57.99,False
O006092,P0027,2,349.99,False
O006093,P0282,1,7.99,False
O006094,P0166,1,84.99,False
O006094,P0097,1,19.99,False
O006095,P0117,1,32.99,False
O006096,P0267,1,45.99,False
O006097,P0173,1,95.99,False
O006098,P0140,2,19.99,True
O006099,P0188,2,26.99,False
O006100,P0201,1,13.99,False
O006101,P0210,1,9.99,False
O006101,P0089,1,31.99,False
O006102,P0298,1,6.99,False
O006102,P0270,2,25.99,False
O006103,P0051,1,45.99,False
O006103,P0157,2,29.99,True
O006103,P0261,1,147.99,False
O006103,P0242,1,19.99,False
O006104,P0108,1,22.99,False
O006105,P0111,1,240.99,True
O006106,P0136,1,15.99,True
O006107,P0109,1,43.99,False
O006108,P0111,1,240.99,False
O006108,P0193,1,79.99,False
O006109,P0016,1,316.99,False
O006110,P0195,1,18.99,False
O006111,P0291,1,8.99,False
O006112,P0270,1,25.99,False
O006113,P0124,1,70.99,False
O006113,P0013,2,353.99,True
O006114,P0223,1,11.99,False
O006114,P0005,1,158.99,False
O006114,P0171,1,22.99,False
O006115,P0268,1,27.99,False
O006116,P0176,1,115.99,False
O006116,P0074,1,148.99,False
O006116,P0168,1,50.99,True
O006117,P0031,1,372.99,False
O006118,P0064,2,58.99,False
O006118,P0177,1,66.99,False
O006119,P0278,1,9.99,False
O006120,P0142,1,73.99,False
O006120,P0014,1,133.99,False
O006121,P0052,1,410.99,False
O006121,P0267,1,45.99,False
O006122,P0160,2,36.99,False
O006123,P0210,1,9.99,False
O006124,P0237,1,31.99,False
O006124,P0031,1,372.99,False
O006125,P0263,1,22.99,False
O006125,P0052,1,410.99,False
O006126,P0158,2,34.99,False
O006126,P0033,1,103.99,False
O006126,P0175,1,32.99,False
O006127,P0228,2,17.99,False
O006127,P0255,1,116.99,True
O006127,P0224,2,65.99,False
O006127,P0164,1,83.99,True
O006128,P0046,1,384.99,False
O006129,P0165,2,84.99,False
O006130,P0263,1,22.99,False
O006131,P0267,1,45.99,False
O006132,P0268,2,27.99,False
O006133,P0273,1,30.99,False
O006133,P0110,1,134.99,False
O006134,P0246,1,46.99,False
O006134,P0115,1,51.99,False
O006135,P0182,1,12.99,False
O006135,P0255,1,116.99,False
O006136,P0254,1,48.99,False
O006136,P0054,1,127.99,False
O006136,P0144,1,91.99,False
O006137,P0161,1,14.99,False
O006137,P0150,2,16.99,False
O006138,P0123,1,84.99,False
O006139,P0046,2,384.99,False
O006140,P0196,1,22.99,False
O006141,P0105,1,94.99,False
O006141,P0221,1,13.99,False
O006142,P0079,2,78.99,False
O006142,P0200,1,30.99,False
O006143,P0018,2,320.99,True
O006143,P0072,1,49.99,False
O006143,P0009,1,64.99,False
O006143,P0289,1,25.99,False
O006144,P0203,2,48.99,False
O006145,P0165,1,84.99,False
O006146,P0077,1,32.99,False
O006147,P0056,1,154.99,False
O006148,P0071,1,171.99,True
O006148,P0011,1,71.99,False
O006149,P0084,1,16.99,True
O006150,P0268,2,27.99,False
O006151,P0131,1,17.99,False
O006152,P0272,1,40.99,False
O006152,P0015,1,61.99,False
O006153,P0011,1,71.99,False
O006153,P0217,1,16.99,False
O006154,P0147,1,82.99,False
O006155,P0149,1,11.99,False
O006155,P0297,1,11.99,False
O006156,P0053,1,200.99,False
O006157,P0031,1,372.99,False
O006157,P0117,1,32.99,False
O006158,P0105,1,94.99,False
O006159,P0160,1,36.99,False
O006160,P0105,1,94.99,True
O006161,P0231,1,10.99,False
O006162,P0240,2,76.99,False
O006163,P0131,1,17.99,False
O006164,P0184,1,75.99,False
O006164,P0123,2,84.99,False
O006165,P0242,1,19.99,False
O006166,P0220,1,8.99,False
O006167,P0071,1,171.99,False
O006168,P0163,1,13.99,False
O006168,P0166,1,84.99,False
O006168,P0260,1,20.99,False
O006169,P0173,2,95.99,False
O006170,P0021,1,77.99,False
O006171,P0080,1,61.99,False
O006171,P0172,1,49.99,False
O006171,P0087,2,21.99,False
O006171,P0158,1,34.99,False
O006172,P0296,1,36.99,False
O006173,P0079,1,78.99,False
O006174,P0117,1,32.99,False
O006174,P0142,1,73.99,True
O006174,P0138,2,30.99,False
O006175,P0211,2,39.99,False
O006176,P0195,1,18.99,False
O006176,P0030,1,91.99,False
O006177,P0251,1,213.99,False
O006178,P0209,1,22.99,False
O006178,P0035,1,281.99,False
O006179,P0137,1,31.99,False
O006180,P0159,1,96.99,True
O006181,P0038,1,67.99,False
O006181,P0264,1,188.99,False
O006182,P0112,2,163.99,False
O006182,P0246,1,46.99,False
O006183,P0238,1,32.99,False
O006184,P0171,1,22.99,False
O006184,P0064,1,58.99,False
O006184,P0263,1,22.99,False
O006184,P0034,1,423.99,False
O006185,P0014,1,133.99,False
O006186,P0034,1,423.99,False
O006187,P0213,2,57.99,False
O006187,P0019,2,432.99,True
O006187,P0189,1,46.99,False
O006188,P0017,1,166.99,False
O006189,P0035,1,281.99,False
O006189,P0142,2,73.99,False
O006190,P0031,2,372.99,False
O006190,P0079,2,78.99,False
O006191,P0188,1,26.99,False
O006191,P0071,2,171.99,False
O006192,P0030,1,91.99,False
O006193,P0222,1,7.99,False
O006194,P0094,1,143.99,False
O006194,P0073,2,53.99,False
O006195,P0013,1,353.99,False
O006196,P0135,1,38.99,False
O006196,P0213,1,57.99,False
O006196,P0048,1,126.99,False
O006197,P0190,1,17.99,False
O006198,P0277,1,40.99,False
O006199,P0159,1,96.99,False
O006200,P0133,2,105.99,False
O006201,P0152,1,24.99,False
O006201,P0027,1,349.99,False
O006201,P0092,2,215.99,False
O006202,P0025,2,42.99,False
O006202,P0235,1,14.99,False
O006203,P0163,1,13.99,True
O006203,P0060,1,100.99,False
O006204,P0210,1,9.99,False
O006205,P0146,1,36.99,False
O006206,P0164,1,83.99,False
O006207,P0117,1,32.99,False
O006208,P0196,1,22.99,False
O006208,P0130,1,60.99,False
O006209,P0090,1,28.99,False
O006210,P0037,1,111.99,False
O006211,P0013,2,353.99,False
O006212,P0053,1,200.99,False
O006213,P0164,2,83.99,False
O006214,P0119,2,186.99,False
O006215,P0121,2,53.99,False
O006215,P0186,1,56.99,False
O006216,P0118,1,97.99,False
O006217,P0077,1,32.99,False
O006218,P0256,1,19.99,True
O006218,P0231,1,10.99,False
O006219,P0059,1,21.99,False
O006220,P0260,1,20.99,False
O006221,P0061,1,105.99,False
O006222,P0097,1,19.99,False
O006223,P0037,1,111.99,False
O006224,P0062,1,111.99,False
O006225,P0151,1,27.99,False
O006226,P0254,1,48.99,False
O006226,P0255,1,116.99,False
O006227,P0024,1,141.99,False
O006228,P0262,1,284.99,True
O006228,P0226,1,49.99,False
O006228,P0004,1,715.99,False
O006229,P0248,2,224.99,False
O006230,P0040,2,179.99,False
O006231,P0066,1,88.99,False
O006232,P0071,1,171.99,False
O006233,P0067,1,48.99,False
O006234,P0160,1,36.99,False
O006235,P0106,2,37.99,False
O006235,P0158,1,34.99,False
O006235,P0033,1,103.99,True
O006236,P0042,1,174.99,False
O006236,P0017,1,166.99,False
O006237,P0253,1,246.99,False
O006237,P0013,2,353.99,False
O006238,P0169,1,18.99,False
O006238,P0250,1,281.99,False
O006238,P0254,1,48.99,False
O006238,P0018,2,320.99,False
O006239,P0274,1,153.99,False
O006240,P0292,1,14.99,False
O006241,P0068,1,143.99,False
O006242,P0194,1,65.99,False
O006242,P0011,1,71.99,False
O006242,P0139,1,24.99,False
O006243,P0042,1,174.99,False
O006243,P0204,1,37.99,False
O006244,P0027,1,349.99,False
O006245,P0067,2,48.99,False
O006246,P0216,1,23.99,False
O006247,P0006,1,525.99,False
O006248,P0064,1,58.99,False
O006248,P0074,1,148.99,False
O006249,P0216,1,23.99,False
O006249,P0214,1,16.99,False
O006249,P0182,1,12.99,False
O006250,P0195,2,18.99,False
O006251,P0290,1,15.99,False
O006251,P0120,1,132.99,False
O006252,P0242,1,19.99,False
O006252,P0250,1,281.99,False
O006253,P0186,1,56.99,False
O006254,P0214,2,16.99,True
O006255,P0275,1,72.99,False
O006256,P0009,1,64.99,False
O006257,P0002,1,53.99,False
O006258,P0031,1,372.99,False
O006259,P0105,1,94.99,False
O006260,P0219,1,10.99,False
O006261,P0095,2,33.99,False
O006262,P0010,2,109.99,False
O006263,P0159,1,96.99,False
O006264,P0004,1,715.99,False
O006265,P0141,2,59.99,True
O006265,P0020,1,102.99,False
O006266,P0272,2,40.99,False
O006267,P0208,1,8.99,False
O006268,P0256,1,19.99,False
O006268,P0213,1,57.99,False
O006269,P0067,1,48.99,False
O006269,P0122,1,47.99,True
O006269,P0246,1,46.99,False
O006270,P0222,2,7.99,True
O006271,P0255,2,116.99,False
O006271,P0262,1,284.99,False
O006272,P0004,1,715.99,False
O006272,P0137,1,31.99,False
O006273,P0194,1,65.99,False
O006273,P0063,1,20.99,False
O006273,P0023,1,313.99,False
O006273,P0283,1,6.99,False
O006274,P0037,1,111.99,False
O006275,P0295,1,13.99,False
O006275,P0247,2,133.99,False
O006276,P0286,1,43.99,False
O006276,P0268,2,27.99,False
O006276,P0047,2,692.99,False
O006277,P0022,2,47.99,False
O006277,P0256,2,19.99,False
O006277,P0210,2,9.99,False
O006278,P0161,1,14.99,True
O006278,P0254,1,48.99,False
O006279,P0005,1,158.99,False
O006280,P0077,1,32.99,False
O006281,P0022,1,47.99,False
O006282,P0097,1,19.99,False
O006283,P0182,1,12.99,True
O006284,P0139,1,24.99,False
O006285,P0031,1,372.99,False
O006286,P0077,1,32.99,False
O006287,P0085,1,160.99,False
O006287,P0180,1,14.99,False
O006288,P0079,1,78.99,True
O006289,P0022,1,47.99,False
O006289,P0219,1,10.99,False
O006290,P0259,1,62.99,False
O006290,P0112,1,163.99,False
O006290,P0236,2,36.99,False
O006290,P0083,1,42.99,False
O006291,P0159,2,96.99,False
O006291,P0190,2,17.99,False
O006292,P0126,1,66.99,True
O006293,P0153,1,28.99,False
O006293,P0229,2,41.99,False
O006294,P0106,1,37.99,False
O006294,P0098,2,21.99,False
O006295,P0233,0,78.99,False
O006295,P0294,1,39.99,False
O006296,P0140,1,19.99,False
O006297,P0204,1,37.99,False
O006298,P0058,1,133.99,False
O006298,P0031,2,372.99,False
O006299,P0281,1,43.99,False
O006299,P0225,1,76.99,False
O006300,P0170,1,23.99,True
O006301,P0279,1,37.99,False
O006302,P0266,1,85.99,False
O006302,P0162,1,52.99,True
O006303,P0058,1,133.99,False
O006304,P0287,1,14.99,False
O006305,P0115,1,51.99,False
O006305,P0207,1,21.99,False
O006305,P0288,1,12.99,False
O006306,P0019,1,432.99,False
O006307,P0284,1,26.99,False
O006308,P0164,1,83.99,False
O006308,P0205,2,48.99,False
O006309,P0042,2,174.99,False
O006310,P0164,1,83.99,False
O006311,P0278,1,9.99,False
O006312,P0020,1,102.99,False
O006313,P0127,1,16.99,False
O006314,P0118,1,97.99,False
O006315,P0230,1,61.99,False
O006316,P0110,1,134.99,False
O006317,P0064,1,58.99,False
O006317,P0036,2,145.99,False
O006318,P0152,1,24.99,False
O006319,P0284,1,26.99,False
O006319,P0001,1,444.99,False
O006320,P0020,2,102.99,False
O006320,P0234,1,60.99,False
O006321,P0185,1,49.99,False
O006322,P0178,1,71.99,True
O006323,P0004,1,715.99,False
O006324,P0124,1,70.99,True
O006324,P0101,1,84.99,False
O006325,P0007,2,120.99,True
O006325,P0109,1,43.99,False
O006326,P0025,1,42.99,False
O006326,P0019,2,432.99,False
O006327,P0295,2,13.99,False
O006328,P0060,2,100.99,False
O006329,P0271,1,30.99,False
O006330,P0261,1,147.99,True
O006330,P0161,1,14.99,False
O006331,P0054,2,127.99,False
O006331,P0207,2,21.99,False
O006331,P0294,1,39.99,False
O006332,P0067,1,48.99,False
O006332,P0059,1,21.99,False
O006333,P0235,1,14.99,False
O006334,P0193,2,79.99,False
O006334,P0247,1,133.99,True
O006335,P0295,1,13.99,False
O006336,P0039,1,117.99,True
O006337,P0145,1,39.99,False
O006338,P0225,2,76.99,False
O006338,P0114,1,152.99,False
O006339,P0114,2,152.99,False
O006340,P0290,1,15.99,False
O006341,P0185,1,49.99,False
O006342,P0237,2,31.99,False
O006343,P0189,1,46.99,False
O006344,P0004,1,715.99,False
O006344,P0192,1,30.99,False
O006345,P0156,2,116.99,True
O006345,P0298,1,6.99,False
O006346,P0058,1,133.99,False
O006346,P0211,1,39.99,False
O006347,P0279,1,37.99,False
O006348,P0128,1,61.99,False
O006348,P0039,1,117.99,False
O006349,P0201,1,13.99,False
O006350,P0150,0,16.99,False
O006350,P0036,1,145.99,False
O006351,P0291,1,8.99,False
O006351,P0098,1,21.99,False
O006352,P0021,1,77.99,False
O006352,P0133,1,105.99,False
O006353,P0087,1,21.99,False
O006354,P0139,1,24.99,False
O006355,P0063,1,20.99,False
O006355,P0281,2,43.99,False
O006356,P0232,2,77.99,False
O006357,P0158,1,34.99,False
O006358,P0193,2,79.99,False
O006359,P0108,2,22.99,False
O006360,P0118,1,97.99,False
O006361,P0286,1,43.99,False
O006361,P0014,3,133.99,False
O006362,P0201,1,13.99,False
O006363,P0170,1,23.99,False
O006364,P0247,1,133.99,False
O006365,P0300,1,28.99,False
O006365,P0015,1,61.99,False
O006366,P0123,1,84.99,False
O006367,P0009,1,64.99,False
O006368,P0115,2,51.99,False
O006368,P0008,1,72.99,False
O006369,P0080,2,61.99,False
O006370,P0117,1,32.99,False
O006371,P0078,1,17.99,False
O006371,P0300,1,28.99,False
O006371,P0113,1,77.99,False
O006371,P0263,2,22.99,False
O006372,P0194,1,65.99,False
O006372,P0030,1,91.99,True
O006373,P0017,1,166.99,False
O006374,P0267,1,45.99,False
O006375,P0159,1,96.99,False
O006375,P0179,3,34.99,False
O006376,P0269,1,219.99,False
O006377,P0059,1,21.99,False
O006378,P0142,1,73.99,True
O006379,P0246,1,46.99,False
O006380,P0275,2,72.99,False
O006380,P0050,1,88.99,True
O006380,P0112,1,163.99,False
O006381,P0271,1,30.99,False
O006381,P0241,1,15.99,False
O006382,P0097,2,19.99,False
O006383,P0041,1,181.99,False
O006384,P0083,1,42.99,False
O006385,P0165,1,84.99,False
O006386,P0293,3,43.99,False
O006387,P0087,1,21.99,False
O006388,P0099,1,79.99,False
O006389,P0280,1,12.99,False
O006390,P0205,1,48.99,False
O006390,P0120,1,132.99,False
O006390,P0111,1,240.99,False
O006391,P0168,1,50.99,False
O006391,P0065,1,33.99,False
O006392,P0072,1,49.99,False
O006393,P0164,2,83.99,False
O006393,P0075,2,79.99,False
O006394,P0294,1,39.99,False
O006395,P0056,1,154.99,False
O006396,P0097,1,19.99,False
O006397,P0122,1,47.99,False
O006397,P0106,1,37.99,False
O006397,P0006,2,525.99,False
O006398,P0033,1,103.99,False
O006399,P0267,2,45.99,False
O006400,P0019,1,432.99,False
O006401,P0297,2,11.99,False
O006402,P0279,1,37.99,False
O006403,P0121,1,53.99,False
O006404,P0133,1,105.99,True
O006405,P0124,3,70.99,False
O006406,P0201,2,13.99,False
O006407,P0174,1,87.99,True
O006407,P0039,1,117.99,False
O006408,P0109,1,43.99,False
O006409,P0070,2,28.99,False
O006410,P0211,1,39.99,True
O006410,P0199,2,16.99,False
O006411,P0242,1,19.99,False
O006412,P0260,1,20.99,False
O006413,P0194,1,65.99,False
O006414,P0270,1,25.99,False
O006415,P0243,1,115.99,False
O006415,P0147,1,82.99,False
O006416,P0087,1,21.99,False
O006417,P0122,1,47.99,False
O006418,P0038,1,67.99,True
O006419,P0115,2,51.99,False
O006420,P0139,1,24.99,False
O006421,P0146,1,36.99,False
O006422,P0222,2,7.99,False
O006422,P0121,1,53.99,False
O006422,P0093,1,37.99,False
O006423,P0112,2,163.99,False
O006424,P0011,2,71.99,True
O006425,P0180,1,14.99,True
O006426,P0120,1,132.99,False
O006426,P0091,1,37.99,False
O006427,P0234,1,60.99,False
O006428,P0025,1,42.99,False
O006429,P0133,1,105.99,False
O006429,P0017,1,166.99,False
O006430,P0251,1,213.99,False
O006430,P0160,2,36.99,False
O006431,P0202,1,14.99,False
O006432,P0157,1,29.99,False
O006432,P0222,1,7.99,False
O006433,P0170,2,23.99,False
O006434,P0029,1,57.99,False
O006435,P0165,1,84.99,False
O006436,P0061,1,105.99,False
O006437,P0015,1,61.99,False
O006438,P0245,1,27.99,False
O006439,P0285,1,38.99,False
O006439,P0187,2,93.99,False
O006440,P0083,1,42.99,False
O006441,P0298,1,6.99,False
O006442,P0030,2,91.99,True
O006443,P0038,2,67.99,False
O006443,P0039,1,117.99,False
O006444,P0179,1,34.99,False
O006445,P0171,2,22.99,False
O006445,P0146,2,36.99,True
O006446,P0226,1,49.99,False
O006447,P0226,1,49.99,False
O006448,P0082,2,74.99,False
O006449,P0260,1,20.99,False
O006450,P0268,1,27.99,False
O006451,P0152,1,24.99,False
O006452,P0039,1,117.99,False
O006453,P0052,1,410.99,False
O006454,P0115,1,51.99,False
O006455,P0111,1,240.99,False
O006456,P0155,2,81.99,False
O006457,P0083,2,42.99,False
O006457,P0225,1,76.99,False
O006458,P0275,1,72.99,False
O006459,P0108,1,22.99,False
O006459,P0064,1,58.99,False
O006460,P0023,1,313.99,False
O006461,P0076,1,21.99,False
O006462,P0161,1,,False
O006463,P0121,1,53.99,False
O006464,P0252,1,85.99,False
O006464,P0271,1,30.99,False
O006465,P0049,1,106.99,True
O006466,P0126,1,66.99,False
O006466,P0292,1,14.99,False
O006467,P0013,1,353.99,True
O006468,P0275,1,72.99,False
O006469,P0195,1,18.99,False
O006470,P0217,1,16.99,False
O006470,P0126,1,66.99,False
O006471,P0189,1,46.99,False
O006471,P0189,1,46.99,False
O006472,P0181,1,100.99,False
O006472,P0244,2,26.99,False
O006473,P0035,1,281.99,False
O006473,P0041,1,181.99,False
O006474,P0207,1,21.99,False
O006475,P0296,2,36.99,False
O006476,P0100,1,30.99,False
O006476,P0288,1,12.99,False
O006477,P0242,1,19.99,False
O006477,P0126,2,66.99,True
O006478,P0011,1,71.99,False
O006479,P0240,2,76.99,False
O006480,P0009,1,64.99,False
O006480,P0187,1,93.99,False
O006481,P0098,1,21.99,False
O006482,P0049,1,106.99,False
O006483,P0275,1,72.99,True
O006484,P0206,1,35.99,False
O006485,P0106,1,37.99,False
O006485,P0035,1,281.99,False
O006485,P0037,1,111.99,False
O006486,P0139,1,24.99,False
O006487,P0083,1,42.99,False
O006488,P0279,1,37.99,False
O006489,P0095,1,33.99,True
O006490,P0181,1,100.99,False
O006491,P0228,2,17.99,False
O006492,P0093,2,37.99,False
O006492,P0032,1,664.99,False
O006493,P0185,1,49.99,False
O006494,P0244,1,26.99,False
O006495,P0221,1,13.99,False
O006496,P0115,1,51.99,False
O006496,P0044,2,650.99,False
O006497,P0024,1,141.99,True
O006497,P0038,1,67.99,False
O006497,P0085,1,160.99,False
O006498,P0248,1,224.99,True
O006498,P0300,2,28.99,False
O006499,P0228,1,17.99,False
O006500,P0102,1,55.99,False
O006501,P0087,1,21.99,False
O006502,P0207,1,21.99,False
O006503,P0054,1,127.99,False
O006504,P0030,1,91.99,False
O006505,P0218,1,40.99,False
O006506,P0263,1,22.99,False
O006507,P0046,1,384.99,False
O006508,P0030,1,91.99,False
O006509,P0274,1,153.99,False
O006509,P0219,1,10.99,False
O006510,P0026,2,65.99,True
O006511,P0044,2,650.99,False
O006512,P0186,1,56.99,True
O006513,P0293,1,43.99,False
O006514,P0035,2,281.99,False
O006515,P0091,2,37.99,False
O006515,P0253,1,246.99,False
O006516,P0210,1,9.99,False
O006517,P0180,1,14.99,False
O006517,P0241,1,15.99,False
O006518,P0226,1,49.99,False
O006519,P0004,1,715.99,False
O006520,P0180,1,14.99,False
O006521,P0138,2,30.99,False
O006521,P0253,1,246.99,False
O006522,P0285,2,38.99,False
O006523,P0272,1,40.99,False
O006523,P0066,1,88.99,False
O006524,P0291,2,8.99,False
O006525,P0010,1,109.99,False
O006525,P0106,1,37.99,False
O006526,P0283,1,6.99,False
O006527,P0031,1,372.99,False
O006528,P0194,1,65.99,False
O006529,P0184,1,75.99,False
O006530,P0127,1,16.99,False
O006531,P0272,1,40.99,False
O006532,P0195,1,18.99,False
O006532,P0050,1,88.99,False
O006533,P0140,1,19.99,False
O006534,P0039,1,117.99,False
O006535,P0286,1,43.99,False
O006535,P0002,2,53.99,False
O006535,P0235,2,14.99,False
O006536,P0037,2,111.99,False
O006537,P0021,1,77.99,False
O006538,P0210,1,9.99,False
O006538,P0111,1,240.99,False
O006539,P0293,1,43.99,False
O006540,P0086,1,133.99,False
O006540,P0085,1,160.99,False
O006540,P0188,1,26.99,False
O006541,P0155,1,81.99,False
O006542,P0114,1,152.99,False
O006542,P0228,2,17.99,False
O006542,P0002,1,53.99,True
O006543,P0080,1,61.99,False
O006544,P0129,1,13.99,False
O006544,P0295,2,13.99,False
O006545,P0227,1,20.99,False
O006546,P0053,1,200.99,False
O006546,P0228,2,17.99,False
O006547,P0125,1,12.99,False
O006547,P0042,2,174.99,False
O006548,P0114,1,152.99,False
O006549,P0222,1,7.99,False
O006550,P0187,1,93.99,False
O006550,P0142,1,73.99,False
O006550,P0115,1,51.99,False
O006551,P0184,1,75.99,False
O006552,P0243,1,115.99,False
O006553,P0186,1,56.99,False
O006553,P0245,1,27.99,False
O006554,P0023,1,313.99,False
O006554,P0225,1,76.99,False
O006555,P0090,1,28.99,False
O006556,P0162,1,52.99,False
O006556,P0270,1,25.99,False
O006557,P0279,1,37.99,False
O006557,P0077,1,32.99,False
O006558,P0008,1,72.99,False
O006559,P0243,1,,False
O006560,P0195,1,18.99,False
O006560,P0200,1,30.99,False
O006561,P0119,1,186.99,True
O006561,P0268,1,27.99,False
O006562,P0119,1,186.99,False
O006563,P0287,1,14.99,False
O006564,P0058,1,133.99,False
O006565,P0295,1,13.99,False
O006565,P0186,1,56.99,False
O006566,P0024,1,141.99,True
O006567,P0213,1,57.99,False
O006568,P0121,1,53.99,False
O006569,P0270,1,25.99,False
O006570,P0197,1,20.99,False
O006571,P0204,1,37.99,False
O006572,P0139,2,24.99,True
O006573,P0248,1,224.99,False
O006573,P0001,1,444.99,False
O006574,P0206,1,35.99,False
O006575,P0162,1,52.99,False
O006576,P0013,1,353.99,False
O006576,P0285,1,38.99,False
O006577,P0261,2,147.99,False
O006578,P0178,1,71.99,False
O006579,P0154,1,39.99,False
O006580,P0216,1,23.99,False
O006581,P0155,1,81.99,False
O006581,P0106,1,37.99,False
O006582,P0048,1,126.99,True
O006582,P0230,1,61.99,False
O006583,P0293,1,43.99,False
O006584,P0111,1,240.99,False
O006585,P0285,1,38.99,False
O006586,P0158,1,34.99,False
O006586,P0208,2,8.99,False
O006587,P0166,1,84.99,True
O006588,P0145,1,39.99,False
O006588,P0279,1,37.99,False
O006588,P0239,1,37.99,False
O006589,P0021,1,77.99,False
O006590,P0104,1,20.99,False
O006591,P0110,1,134.99,False
O006592,P0016,2,316.99,False
O006592,P0139,2,24.99,False
O006593,P0075,1,79.99,False
O006594,P0238,1,32.99,False
O006595,P0099,1,79.99,True
O006596,P0031,1,372.99,False
O006596,P0139,1,24.99,False
O006597,P0062,1,111.99,False
O006597,P0187,2,93.99,False
O006597,P0190,1,17.99,False
O006598,P0104,1,20.99,False
O006599,P0214,1,16.99,False
O006599,P0095,1,33.99,False
O006600,P0137,1,31.99,True
O006601,P0159,1,96.99,False
O006601,P0283,1,6.99,False
O006602,P0248,1,224.99,False
O006603,P0102,1,55.99,False
O006603,P0183,1,61.99,False
O006604,P0095,1,33.99,False
O006605,P0101,1,84.99,False
O006606,P0076,1,21.99,False
O006607,P0056,2,154.99,False
O006607,P0106,1,37.99,False
O006608,P0180,1,14.99,False
O006608,P0036,1,145.99,False
O006608,P0191,2,62.99,False
O006609,P0048,1,126.99,False
O006609,P0152,1,24.99,False
O006610,P0197,2,20.99,False
O006611,P0041,1,181.99,False
O006611,P0209,1,22.99,False
O006611,P0270,2,25.99,True
O006612,P0007,1,120.99,False
O006613,P0079,1,78.99,False
O006614,P0251,1,213.99,False
O006615,P0186,1,56.99,False
O006616,P0282,1,7.99,False
O006616,P0097,2,19.99,False
O006617,P0260,1,20.99,False
O006618,P0290,1,15.99,False
O006619,P0016,1,316.99,False
O006620,P0040,1,179.99,False
O006621,P0296,1,36.99,True
O006622,P0131,1,17.99,False
O006622,P0075,2,79.99,False
O006623,P0020,2,102.99,False
O006624,P0029,1,57.99,False
O006625,P0135,1,38.99,False
O006626,P0087,1,21.99,False
O006627,P0160,1,36.99,False
O006628,P0043,1,201.99,False
O006629,P0050,1,88.99,True
O006630,P0026,1,65.99,False
O006630,P0282,2,7.99,False
O006631,P0214,2,16.99,False
O006631,P0268,1,27.99,False
O006632,P0262,1,284.99,False
O006633,P0241,1,15.99,False
O006634,P0154,1,39.99,False
O006635,P0067,3,48.99,False
O006635,P0251,1,213.99,False
O006635,P0250,1,281.99,False
O006636,P0184,1,75.99,False
O006637,P0159,1,96.99,False
O006637,P0232,1,77.99,False
O006638,P0211,1,39.99,False
O006638,P0245,1,27.99,False
O006639,P0231,1,10.99,False
O006639,P0011,1,71.99,False
O006640,P0133,1,105.99,False
O006640,P0027,2,349.99,True
O006641,P0123,2,84.99,False
O006642,P0207,2,21.99,False
O006643,P0081,1,16.99,False
O006643,P0150,2,16.99,False
O006644,P0101,1,84.99,False
O006645,P0003,1,461.99,False
O006646,P0250,2,281.99,False
O006646,P0157,1,29.99,False
O006647,P0224,1,65.99,False
O006648,P0038,2,67.99,False
O006649,P0046,1,384.99,False
O006649,P0297,1,11.99,False
O006650,P0006,1,525.99,False
O006651,P0241,1,15.99,False
O006652,P0167,1,40.99,True
O006652,P0192,1,30.99,False
O006653,P0189,1,46.99,False
O006653,P0196,1,22.99,False
O006654,P0277,1,40.99,False
O006655,P0298,1,6.99,False
O006656,P0142,2,73.99,True
O006657,P0053,1,200.99,False
O006658,P0263,1,22.99,False
O006659,P0174,1,87.99,True
O006660,P0271,1,30.99,False
O006661,P0064,1,58.99,False
O006662,P0011,1,71.99,False
O006663,P0153,1,28.99,False
O006663,P0228,1,17.99,False
O006664,P0208,1,8.99,False
O006665,P0068,1,143.99,False
O006666,P0218,1,40.99,False
O006666,P0259,1,62.99,True
O006666,P0062,1,111.99,False
O006667,P0250,1,281.99,False
O006667,P0083,1,42.99,False
O006668,P0033,1,103.99,False
O006669,P0096,1,168.99,False
O006669,P0107,1,31.99,False
O006670,P0165,1,84.99,False
O006671,P0191,1,62.99,False
O006671,P0199,1,16.99,False
O006671,P0131,1,17.99,False
O006672,P0209,1,22.99,False
O006673,P0019,2,432.99,False
O006674,P0021,1,77.99,True
O006675,P0113,1,77.99,False
O006676,P0210,1,9.99,False
O006677,P0276,1,21.99,False
O006678,P0252,1,85.99,False
O006679,P0024,1,141.99,False
O006680,P0300,1,28.99,False
O006681,P0292,1,14.99,False
O006681,P0239,1,37.99,False
O006682,P0296,1,36.99,False
O006682,P0127,1,16.99,False
O006683,P0226,1,49.99,False
O006683,P0005,2,158.99,False
O006684,P0217,1,16.99,False
O006685,P0063,1,20.99,False
O006686,P0119,2,186.99,False
O006687,P0030,1,91.99,False
O006688,P0092,1,215.99,False
O006688,P0258,2,60.99,False
O006689,P0267,1,,False
O006690,P0227,1,20.99,True
O006691,P0215,1,55.99,False
O006692,P0092,1,215.99,False
O006692,P0211,2,39.99,False
O006693,P0140,1,19.99,True
O006694,P0289,1,25.99,False
O006695,P0281,1,43.99,False
O006695,P0046,1,384.99,False
O006696,P0113,1,77.99,False
O006697,P0011,1,71.99,False
O006698,P0130,1,60.99,False
O006699,P0191,1,62.99,True
O006700,P0132,1,51.99,True
O006701,P0119,1,186.99,False
O006702,P0235,1,14.99,False
O006703,P0167,1,40.99,False
O006704,P0156,1,116.99,False
O006705,P0008,1,72.99,True
O006706,P0073,2,53.99,False
O006707,P0124,1,70.99,False
O006707,P0036,1,145.99,False
O006707,P0074,1,148.99,False
O006708,P0200,2,30.99,False
O006709,P0218,2,40.99,False
O006709,P0006,1,525.99,False
O006710,P0214,2,16.99,False
O006711,P0254,1,48.99,False
O006711,P0036,1,145.99,False
O006712,P0054,1,127.99,False
O006713,P0150,1,16.99,False
O006713,P0287,1,14.99,False
O006714,P0171,1,22.99,True
O006714,P0179,1,34.99,False
O006715,P0298,1,6.99,False
O006715,P0251,1,213.99,False
O006715,P0071,1,171.99,False
O006716,P0182,2,12.99,False
O006717,P0279,1,37.99,False
O006718,P0030,1,91.99,False
O006718,P0127,1,16.99,False
O006719,P0289,1,25.99,False
O006719,P0024,1,141.99,True
O006720,P0213,1,57.99,False
O006721,P0231,1,10.99,False
O006721,P0020,2,102.99,False
O006722,P0012,2,321.99,False
O006722,P0281,2,43.99,False
O006722,P0212,2,20.99,False
O006723,P0039,1,117.99,True
O006724,P0282,2,7.99,False
O006725,P0181,1,100.99,False
O006726,P0202,1,14.99,False
O006726,P0148,1,17.99,False
O006727,P0265,1,24.99,False
O006727,P0170,1,23.99,False
O006728,P0200,1,30.99,False
O006729,P0177,1,66.99,False
O006729,P0167,1,40.99,False
O006730,P0111,2,240.99,False
O006731,P0050,1,88.99,False
O006732,P0280,1,12.99,False
O006733,P0259,1,62.99,False
O006734,P0163,1,13.99,False
O006735,P0082,1,74.99,False
O006735,P0120,1,132.99,False
O006736,P0166,1,84.99,False
O006736,P0208,1,8.99,False
O006736,P0101,1,84.99,False
O006737,P0291,1,8.99,False
O006737,P0123,1,84.99,False
O006738,P0149,2,11.99,False
O006738,P0238,1,32.99,False
O006739,P0268,1,27.99,False
O006740,P0193,1,79.99,False
O006740,P0063,1,20.99,False
O006740,P0252,1,85.99,False
O006741,P0185,2,49.99,False
O006741,P0078,1,17.99,False
O006742,P0166,1,84.99,False
O006743,P0186,1,56.99,False
O006744,P0231,1,10.99,False
O006745,P0056,2,154.99,False
O006746,P0227,2,20.99,False
O006747,P0034,2,423.99,True
O006748,P0178,1,71.99,False
O006749,P0100,1,30.99,False
O006750,P0190,1,17.99,True
O006750,P0296,1,36.99,False
O006751,P0201,1,13.99,False
O006752,P0057,1,80.99,False
O006752,P0128,2,61.99,False
O006752,P0292,1,14.99,False
O006753,P0287,1,14.99,False
O006753,P0179,1,34.99,False
O006754,P0208,1,8.99,False
O006754,P0296,1,36.99,False
O006755,P0188,1,26.99,False
O006756,P0129,1,13.99,False
O006757,P0047,1,692.99,False
O006758,P0090,1,28.99,False
O006759,P0168,1,50.99,False
O006760,P0251,1,213.99,False
O006761,P0056,1,154.99,False
O006762,P0042,1,174.99,False
O006762,P0111,1,240.99,False
O006762,P0269,1,219.99,False
O006762,P0114,1,152.99,False
O006763,P0114,1,152.99,False
O006764,P0007,1,120.99,True
O006764,P0155,2,81.99,False
O006765,P0052,2,410.99,False
O006765,P0174,1,87.99,False
O006766,P0192,1,30.99,False
O006767,P0121,1,53.99,False
O006768,P0208,2,8.99,True
O006768,P0290,1,15.99,False
O006768,P0257,1,34.99,False
O006769,P0234,1,60.99,False
O006770,P0129,1,13.99,False
O006771,P0216,1,23.99,False
O006772,P0233,1,78.99,False
O006773,P0022,1,47.99,False
O006773,P0185,1,49.99,False
O006774,P0110,1,134.99,False
O006775,P0030,1,91.99,False
O006776,P0135,1,38.99,False
O006777,P0029,1,57.99,False
O006778,P0286,1,43.99,False
O006779,P0129,1,13.99,False
O006779,P0114,1,152.99,False
O006780,P0089,1,31.99,False
O006781,P0184,1,75.99,False
O006782,P0098,2,21.99,False
O006782,P0231,1,10.99,False
O006782,P0050,1,88.99,False
O006783,P0211,1,39.99,False
O006784,P0081,1,16.99,False
O006785,P0284,2,26.99,False
O006786,P0276,1,21.99,False
O006786,P0280,1,12.99,False
O006787,P0251,1,213.99,False
O006788,P0286,1,43.99,False
O006788,P0259,3,62.99,False
O006789,P0007,2,120.99,False
O006789,P0279,1,37.99,False
O006790,P0041,1,181.99,False
O006791,P0232,1,77.99,False
O006791,P0098,1,21.99,False
O006791,P0207,1,21.99,False
O006791,P0086,1,133.99,False
O006792,P0195,1,18.99,False
O006793,P0276,1,21.99,False
O006794,P0293,1,43.99,False
O006795,P0256,1,19.99,False
O006796,P0032,1,664.99,False
O006797,P0086,1,133.99,False
O006797,P0160,1,36.99,False
O006798,P0213,1,57.99,False
O006798,P0143,1,50.99,False
O006798,P0181,1,100.99,False
O006799,P0095,1,33.99,False
O006800,P0204,1,37.99,False
O006801,P0195,1,18.99,False
O006801,P0017,1,166.99,False
O006802,P0288,1,12.99,False
O006802,P0027,1,349.99,False
O006803,P0247,1,133.99,False
O006804,P0089,1,31.99,False
O006804,P0034,1,423.99,False
O006805,P0040,2,179.99,False
O006805,P0157,1,29.99,False
O006806,P0293,1,43.99,False
O006807,P0284,1,26.99,False
O006808,P0147,1,82.99,False
O006809,P0064,1,58.99,False
O006810,P0194,1,65.99,False
O006811,P0166,1,84.99,False
O006812,P0213,1,57.99,False
O006812,P0249,1,19.99,False
O006813,P0163,1,13.99,False
O006814,P0158,2,34.99,False
O006814,P0042,1,174.99,False
O006815,P0165,1,84.99,False
O006816,P0237,1,31.99,False
O006816,P0134,1,53.99,False
O006817,P0107,1,31.99,True
O006817,P0013,1,353.99,False
O006817,P0229,1,41.99,False
O006818,P0032,1,664.99,False
O006819,P0091,1,37.99,False
O006820,P0208,1,8.99,False
O006820,P0068,2,143.99,False
O006821,P0194,1,65.99,False
O006821,P0192,1,30.99,False
O006822,P0171,1,22.99,False
O006822,P0010,1,109.99,False
O006823,P0149,1,11.99,True
O006824,P0289,1,25.99,False
O006825,P0024,1,141.99,True
O006826,P0185,1,49.99,False
O006826,P0281,1,43.99,False
O006827,P0149,1,11.99,False
O006828,P0065,1,33.99,True
O006828,P0135,1,38.99,False
O006828,P0021,1,77.99,True
O006829,P0198,1,14.99,False
O006830,P0208,1,8.99,False
O006830,P0021,1,77.99,False
O006831,P0114,1,152.99,False
O006832,P0210,2,9.99,False
O006833,P0061,1,,False
O006834,P0180,1,14.99,False
O006835,P0289,1,25.99,False
O006835,P0073,1,53.99,False
O006836,P0060,1,100.99,False
O006836,P0141,1,59.99,False
O006836,P0193,1,79.99,True
O006836,P0203,1,48.99,False
O006837,P0007,2,120.99,False
O006838,P0120,2,132.99,False
O006839,P0212,1,20.99,False
O006840,P0295,1,13.99,False
O006841,P0206,1,35.99,False
O006841,P0215,3,55.99,False
O006842,P0163,1,13.99,False
O006843,P0086,2,133.99,False
O006844,P0257,1,34.99,False
O006844,P0007,2,120.99,False
O006844,P0246,1,46.99,False
O006845,P0048,1,126.99,False
O006846,P0078,1,17.99,False
O006847,P0043,1,201.99,False
O006847,P0026,1,65.99,False
O006848,P0048,1,126.99,False
O006849,P0256,2,19.99,True
O006850,P0104,1,20.99,False
O006850,P0132,1,51.99,True
O006851,P0024,2,141.99,False
O006851,P0042,1,174.99,False
O006852,P0191,1,62.99,False
O006852,P0242,1,19.99,False
O006852,P0132,1,51.99,False
O006853,P0011,1,71.99,False
O006854,P0074,1,148.99,False
O006855,P0267,1,45.99,False
O006856,P0162,1,52.99,False
O006856,P0236,1,36.99,False
O006857,P0111,1,240.99,False
O006858,P0276,2,21.99,False
O006859,P0134,2,53.99,False
O006860,P0119,1,186.99,False
O006861,P0046,1,384.99,False
O006861,P0184,1,75.99,False
O006862,P0062,1,111.99,False
O006862,P0268,2,27.99,False
O006863,P0102,1,55.99,False
O006863,P0287,1,14.99,False
O006863,P0037,1,111.99,True
O006864,P0190,2,17.99,False
O006865,P0281,1,43.99,False
O006866,P0246,2,46.99,False
O006867,P0193,2,79.99,False
O006868,P0179,1,34.99,False
O006868,P0067,1,48.99,False
O006869,P0231,1,10.99,False
O006869,P0249,1,19.99,True
O006870,P0220,1,8.99,False
O006871,P0296,1,36.99,False
O006872,P0123,1,84.99,False
O006872,P0143,1,50.99,True
O006872,P0210,1,9.99,False
O006872,P0141,1,59.99,False
O006873,P0117,1,32.99,False
O006874,P0044,1,650.99,False
O006875,P0079,1,78.99,False
O006876,P0074,1,148.99,False
O006876,P0003,1,461.99,False
O006877,P0197,1,20.99,True
O006877,P0012,1,321.99,False
O006878,P0019,1,432.99,False
O006879,P0021,1,77.99,False
O006879,P0002,2,53.99,False
O006880,P0107,2,31.99,False
O006881,P0029,1,57.99,False
O006882,P0020,1,102.99,False
O006882,P0128,1,61.99,False
O006883,P0282,1,7.99,False
O006883,P0077,1,32.99,True
O006884,P0100,1,30.99,True
O006885,P0107,1,31.99,False
O006886,P0258,2,60.99,False
O006887,P0193,1,79.99,False
O006888,P0283,2,6.99,True
O006888,P0135,1,38.99,False
O006889,P0046,1,384.99,True
O006889,P0164,1,83.99,False
O006889,P0055,1,30.99,False
O006890,P0227,1,20.99,False
O006891,P0011,1,71.99,False
O006891,P0092,1,215.99,False
O006892,P0299,1,22.99,False
O006892,P0025,1,42.99,True
O006892,P0172,1,49.99,False
O006893,P0075,1,79.99,False
O006893,P0037,1,111.99,False
O006894,P0003,1,461.99,False
O006894,P0138,1,30.99,True
O006895,P0108,1,22.99,False
O006896,P0127,1,16.99,False
O006897,P0270,1,25.99,True
O006898,P0159,1,96.99,False
O006899,P0149,1,11.99,True
O006900,P0095,1,33.99,False
O006901,P0058,1,133.99,False
O006902,P0205,1,48.99,True
O006903,P0267,1,45.99,False
O006904,P0174,1,87.99,True
O006905,P0261,1,147.99,False
O006906,P0114,1,152.99,False
O006906,P0231,1,10.99,False
O006907,P0073,1,53.99,False
O006908,P0160,1,36.99,False
O006909,P0237,1,31.99,False
O006909,P0221,1,13.99,False
O006910,P0077,1,32.99,False
O006911,P0011,1,71.99,False
O006912,P0097,1,19.99,False
O006912,P0068,2,143.99,False
O006912,P0019,1,432.99,False
O006913,P0003,1,461.99,False
O006913,P0282,1,7.99,False
O006914,P0072,1,49.99,False
O006914,P0038,2,67.99,False
O006914,P0260,1,20.99,False
O006915,P0097,1,19.99,False
O006916,P0209,1,22.99,False
O006917,P0117,1,32.99,False
O006918,P0008,1,72.99,False
O006919,P0102,1,55.99,False
O006919,P0021,1,77.99,False
O006920,P0052,1,410.99,False
O006921,P0184,1,75.99,False
O006922,P0176,1,115.99,False
O006923,P0299,1,22.99,False
O006924,P0038,1,67.99,False
O006924,P0240,1,76.99,False
O006925,P0242,2,19.99,True
O006925,P0083,1,42.99,False
O006926,P0040,2,179.99,True
O006926,P0201,1,13.99,False
O006927,P0215,3,55.99,False
O006927,P0029,1,57.99,True
O006928,P0102,2,55.99,False
O006929,P0145,1,39.99,False
O006930,P0287,1,14.99,False
O006930,P0110,2,134.99,False
O006930,P0154,1,39.99,False
O006931,P0172,1,49.99,False
O006932,P0244,2,26.99,False
O006933,P0094,1,143.99,False
O006934,P0203,1,48.99,False
O006935,P0111,1,240.99,False
O006936,P0220,2,8.99,False
O006937,P0223,2,11.99,False
O006937,P0091,1,37.99,False
O006938,P0137,1,31.99,False
O006939,P0106,1,37.99,False
O006939,P0153,2,28.99,False
O006940,P0251,1,213.99,False
O006940,P0262,1,284.99,False
O006941,P0274,1,153.99,False
O006941,P0013,1,353.99,False
O006942,P0247,1,133.99,False
O006943,P0247,1,133.99,False
O006943,P0100,1,30.99,False
O006943,P0100,1,30.99,False
O006944,P0178,1,71.99,False
O006944,P0047,1,692.99,False
O006945,P0254,2,48.99,False
O006945,P0237,1,31.99,False
O006946,P0294,1,39.99,False
O006946,P0061,1,105.99,False
O006947,P0163,1,13.99,False
O006948,P0207,2,21.99,False
O006948,P0190,1,17.99,False
O006949,P0154,2,39.99,False
O006950,P0143,1,50.99,False
O006950,P0271,1,30.99,False
O006951,P0111,1,240.99,False
O006952,P0009,1,64.99,False
O006952,P0091,1,37.99,False
O006953,P0073,1,53.99,True
O006954,P0022,1,47.99,False
O006954,P0138,1,30.99,False
O006955,P0187,1,93.99,False
O006955,P0262,1,284.99,False
O006955,P0283,1,6.99,False
O006956,P0218,1,40.99,False
O006956,P0295,1,13.99,False
O006956,P0258,2,60.99,False
O006957,P0294,1,39.99,False
O006957,P0168,1,50.99,False
O006957,P0270,1,25.99,False
O006958,P0214,1,16.99,False
O006958,P0206,2,35.99,False
O006958,P0094,2,143.99,False
O006959,P0156,1,116.99,False
O006959,P0217,1,16.99,False
O006960,P0217,1,16.99,False
O006961,P0023,1,313.99,False
O006962,P0161,1,14.99,True
O006962,P0228,1,17.99,False
O006963,P0194,1,65.99,False
O006963,P0291,1,8.99,False
O006964,P0284,2,26.99,False
O006965,P0029,1,57.99,False
O006966,P0051,1,45.99,False
O006967,P0165,1,84.99,False
O006968,P0092,1,215.99,False
O006969,P0076,1,21.99,False
O006970,P0103,1,141.99,False
O006971,P0224,1,65.99,False
O006972,P0295,1,13.99,False
O006973,P0013,2,353.99,False
O006974,P0071,1,171.99,False
O006975,P0201,1,13.99,False
O006976,P0071,1,171.99,False
O006977,P0262,1,284.99,True
O006977,P0138,1,30.99,False
O006978,P0157,2,29.99,False
O006978,P0077,1,32.99,False
O006979,P0082,1,74.99,False
O006980,P0119,1,186.99,False
O006980,P0018,1,320.99,False
O006981,P0217,2,16.99,True
O006982,P0124,1,70.99,False
O006982,P0148,1,17.99,False
O006983,P0087,1,21.99,False
O006983,P0070,2,28.99,False
O006983,P0092,1,215.99,False
O006984,P0106,1,37.99,True
O006984,P0171,1,22.99,False
O006985,P0097,1,19.99,False
O006986,P0029,1,57.99,False
O006986,P0016,1,316.99,False
O006987,P0259,1,62.99,True
O006988,P0084,1,16.99,False
O006988,P0158,1,34.99,True
O006989,P0200,1,30.99,False
O006990,P0168,1,50.99,False
O006990,P0050,1,88.99,False
O006991,P0251,1,213.99,False
O006991,P0250,2,281.99,False
O006992,P0278,1,9.99,False
O006993,P0098,1,21.99,False
O006994,P0165,1,84.99,False
O006994,P0087,1,21.99,False
O006995,P0134,1,53.99,False
O006995,P0217,1,16.99,False
O006996,P0230,2,61.99,False
O006997,P0288,1,12.99,False
O006998,P0095,1,33.99,False
O006998,P0261,1,147.99,False
O006999,P0147,1,82.99,False
O007000,P0084,1,16.99,False
O007000,P0299,1,22.99,True
O007001,P0013,1,353.99,False
O007001,P0108,1,22.99,False
O007001,P0219,1,10.99,False
O007001,P0288,2,12.99,False
O007002,P0090,1,28.99,False
O007003,P0175,1,32.99,True
O007004,P0175,1,32.99,False
O007004,P0289,1,25.99,False
O007005,P0273,2,30.99,False
O007005,P0276,1,21.99,False
O007006,P0064,2,58.99,False
O007006,P0041,1,181.99,False
O007007,P0110,1,134.99,False
O007007,P0071,2,171.99,False
O007008,P0078,1,17.99,False
O007009,P0119,1,186.99,False
O007010,P0072,1,49.99,False
O007010,P0294,1,39.99,False
O007011,P0248,2,224.99,False
O007012,P0039,1,117.99,False
O007013,P0270,1,25.99,False
O007013,P0158,1,34.99,False
O007014,P0259,2,62.99,False
O007014,P0069,1,15.99,False
O007015,P0116,2,19.99,False
O007016,P0184,1,75.99,True
O007016,P0275,1,72.99,True
O007017,P0258,1,60.99,False
O007018,P0067,1,48.99,False
O007018,P0178,2,71.99,False
O007019,P0204,1,37.99,False
O007020,P0268,1,27.99,False
O007021,P0122,2,47.99,False
O007022,P0294,2,39.99,False
O007023,P0055,1,30.99,False
O007023,P0014,1,133.99,False
O007023,P0131,1,17.99,False
O007024,P0195,1,18.99,False
O007025,P0027,1,349.99,False
O007026,P0096,1,168.99,False
O007027,P0011,1,71.99,False
O007028,P0285,1,38.99,False
O007029,P0285,1,38.99,False
O007030,P0099,2,79.99,False
O007030,P0202,1,14.99,False
O007031,P0105,1,94.99,False
O007032,P0156,1,116.99,True
O007033,P0262,1,284.99,False
O007034,P0065,1,33.99,False
O007035,P0216,1,23.99,False
O007036,P0107,1,31.99,False
O007037,P0087,2,21.99,False
O007037,P0031,1,372.99,False
O007038,P0118,1,97.99,False
O007039,P0273,1,30.99,False
O007039,P0119,1,186.99,False
O007040,P0060,1,100.99,False
O007040,P0091,1,37.99,False
O007041,P0106,1,37.99,False
O007042,P0034,2,423.99,False
O007042,P0300,2,28.99,False
O007043,P0058,1,133.99,False
O007044,P0058,1,133.99,False
O007044,P0184,1,75.99,False
O007045,P0051,1,45.99,False
O007046,P0157,2,29.99,False
O007046,P0139,1,24.99,False
O007047,P0126,1,66.99,False
O007048,P0093,2,37.99,False
O007049,P0004,1,715.99,False
O007049,P0147,1,82.99,False
O007050,P0095,1,33.99,False
O007051,P0297,1,11.99,False
O007052,P0054,1,127.99,False
O007053,P0106,1,37.99,False
O007053,P0086,1,133.99,False
O007054,P0231,1,10.99,False
O007055,P0206,1,35.99,False
O007056,P0066,1,88.99,False
O007057,P0111,1,240.99,False
O007057,P0096,1,168.99,False
O007058,P0007,1,120.99,False
O007058,P0032,1,664.99,False
O007059,P0143,1,50.99,False
O007060,P0271,1,30.99,False
O007060,P0008,2,72.99,False
O007061,P0076,1,21.99,False
O007062,P0037,1,111.99,False
O007063,P0081,1,16.99,False
O007064,P0102,1,55.99,False
O007065,P0009,1,64.99,False
O007065,P0032,2,664.99,False
O007066,P0232,1,77.99,False
O007066,P0163,2,13.99,False
O007067,P0008,1,72.99,False
O007068,P0069,1,15.99,False
O007068,P0152,1,24.99,True
O007068,P0184,1,75.99,False
O007069,P0087,1,21.99,False
O007070,P0140,1,19.99,False
O007071,P0236,1,36.99,False
O007072,P0139,1,24.99,False
O007073,P0239,1,37.99,False
O007073,P0134,1,53.99,False
O007074,P0022,1,47.99,False
O007075,P0170,1,23.99,False
O007076,P0262,1,284.99,False
O007077,P0223,1,11.99,False
O007078,P0050,1,88.99,False
O007079,P0108,1,22.99,False
O007079,P0067,1,48.99,False
O007080,P0081,1,16.99,False
O007081,P0201,1,13.99,False
O007081,P0024,2,141.99,False
O007082,P0197,1,,False
O007083,P0269,1,219.99,False
O007083,P0246,1,46.99,False
O007084,P0300,1,28.99,False
O007085,P0170,2,23.99,False
O007086,P0059,2,21.99,False
O007087,P0179,1,34.99,False
O007088,P0037,1,111.99,False
O007088,P0019,1,432.99,False
O007089,P0260,2,20.99,False
O007089,P0269,1,219.99,False
O007090,P0028,1,284.99,False
O007091,P0156,1,116.99,True
O007092,P0145,1,39.99,False
O007093,P0165,1,84.99,False
O007093,P0297,1,11.99,False
O007094,P0084,1,16.99,False
O007095,P0288,2,12.99,False
O007096,P0208,1,8.99,False
O007097,P0016,1,316.99,False
O007097,P0292,1,14.99,False
O007098,P0263,2,22.99,False
O007099,P0004,1,715.99,False
O007100,P0197,1,20.99,False
O007101,P0249,1,19.99,False
O007102,P0250,1,281.99,False
O007103,P0217,1,16.99,False
O007104,P0280,2,12.99,False
O007105,P0297,1,11.99,False
O007106,P0220,1,8.99,False
O007106,P0019,1,432.99,False
O007107,P0290,1,15.99,False
O007108,P0179,1,34.99,False
O007108,P0233,1,78.99,False
O007109,P0024,1,141.99,False
O007109,P0291,1,8.99,False
O007110,P0055,1,30.99,False
O007110,P0297,1,11.99,False
O007110,P0078,1,17.99,False
O007111,P0057,1,80.99,False
O007112,P0073,1,53.99,False
O007113,P0210,1,9.99,False
O007113,P0108,1,22.99,False
O007114,P0169,1,18.99,True
O007114,P0017,1,166.99,False
O007114,P0164,1,83.99,False
O007115,P0173,1,95.99,False
O007115,P0140,1,19.99,False
O007116,P0167,1,40.99,False
O007117,P0045,1,55.99,False
O007117,P0220,1,8.99,False
O007117,P0042,1,174.99,False
O007118,P0206,1,35.99,False
O007118,P0005,1,158.99,False
O007119,P0095,1,33.99,False
O007120,P0008,1,72.99,False
O007121,P0150,1,16.99,False
O007122,P0086,1,133.99,False
O007123,P0136,1,15.99,False
O007124,P0002,1,53.99,False
O007124,P0101,1,84.99,False
O007124,P0063,1,20.99,False
O007125,P0212,1,20.99,False
O007125,P0114,1,152.99,False
O007126,P0028,1,284.99,False
O007127,P0249,1,19.99,False
O007127,P0300,1,28.99,False
O007128,P0198,2,14.99,True
O007128,P0098,2,21.99,False
O007129,P0192,2,30.99,False
O007130,P0130,1,60.99,False
O007131,P0246,1,46.99,False
O007132,P0038,1,67.99,False
O007133,P0210,1,9.99,False
O007134,P0269,1,219.99,False
O007135,P0081,1,16.99,False
O007135,P0055,2,30.99,False
O007135,P0130,2,60.99,False
O007136,P0082,1,74.99,False
O007137,P0208,1,8.99,False
O007138,P0283,1,6.99,False
O007139,P0193,2,79.99,False
O007140,P0092,1,215.99,False
O007141,P0089,1,31.99,False
O007141,P0135,1,38.99,True
O007142,P0228,2,17.99,False
O007143,P0268,1,27.99,False
O007144,P0227,1,20.99,False
O007145,P0020,1,102.99,False
O007146,P0008,1,72.99,False
O007147,P0244,1,26.99,False
O007147,P0110,1,134.99,False
O007148,P0067,1,48.99,False
O007149,P0219,1,10.99,False
O007150,P0275,1,72.99,False
O007151,P0136,1,15.99,False
O007151,P0200,1,30.99,False
O007152,P0255,1,116.99,False
O007153,P0162,1,52.99,False
O007153,P0219,1,10.99,False
O007153,P0212,1,20.99,False
O007154,P0126,1,66.99,False
O007154,P0157,1,29.99,False
O007154,P0169,1,18.99,False
O007155,P0056,1,154.99,False
O007155,P0019,2,432.99,False
O007156,P0049,1,106.99,False
O007157,P0038,1,67.99,False
O007158,P0025,1,42.99,False
O007158,P0127,1,16.99,False
O007158,P0191,1,62.99,False
O007159,P0090,2,28.99,False
O007160,P0219,1,10.99,False
O007160,P0164,1,83.99,False
O007161,P0038,1,67.99,False
O007161,P0036,1,145.99,True
O007162,P0047,1,692.99,True
O007163,P0237,1,31.99,False
O007164,P0210,1,9.99,False
O007165,P0119,1,186.99,False
O007165,P0004,2,715.99,False
O007166,P0195,1,18.99,False
O007167,P0138,1,30.99,True
O007168,P0157,1,29.99,False
O007169,P0007,1,120.99,False
O007170,P0024,1,141.99,False
O007171,P0063,1,20.99,False
O007172,P0275,1,72.99,False
O007173,P0189,1,46.99,False
O007174,P0084,1,16.99,False
O007174,P0085,1,160.99,False
O007175,P0113,1,77.99,False
O007175,P0220,1,8.99,False
O007176,P0130,1,60.99,False
O007177,P0127,1,16.99,False
O007178,P0246,1,46.99,False
O007178,P0174,1,87.99,False
O007179,P0108,2,22.99,False
O007179,P0166,1,84.99,False
O007180,P0091,1,37.99,False
O007180,P0264,2,188.99,False
O007181,P0118,2,97.99,False
O007181,P0131,1,17.99,False
O007182,P0212,1,20.99,False
O007183,P0186,2,56.99,False
O007184,P0108,1,22.99,True
O007184,P0123,1,84.99,False
O007185,P0022,1,47.99,False
O007186,P0015,1,61.99,False
O007186,P0208,1,8.99,False
O007186,P0099,2,79.99,False
O007187,P0110,1,134.99,False
O007188,P0073,1,53.99,False
O007189,P0247,1,133.99,False
O007189,P0114,1,152.99,False
O007189,P0089,1,31.99,False
O007190,P0151,1,27.99,False
O007191,P0185,1,49.99,False
O007192,P0046,1,384.99,False
O007193,P0197,1,20.99,False
O007193,P0179,1,34.99,False
O007194,P0289,1,25.99,False
O007195,P0013,1,353.99,False
O007196,P0226,1,49.99,False
O007196,P0135,1,38.99,False
O007196,P0130,1,60.99,False
O007197,P0231,1,10.99,False
O007198,P0171,1,22.99,False
O007199,P0268,2,27.99,False
O007199,P0182,2,12.99,False
O007199,P0102,1,55.99,False
O007199,P0132,1,51.99,False
O007200,P0033,1,103.99,False
O007200,P0064,1,58.99,False
O007201,P0171,1,22.99,False
O007202,P0019,2,432.99,False
O007203,P0082,1,74.99,False
O007203,P0125,1,12.99,False
O007203,P0136,1,15.99,False
O007204,P0158,1,34.99,False
O007205,P0012,1,321.99,False
O007206,P0065,2,33.99,False
O007207,P0235,1,14.99,False
O007208,P0142,2,73.99,False
O007209,P0261,2,147.99,False
O007210,P0220,1,8.99,False
O007211,P0086,1,133.99,False
O007211,P0099,1,79.99,False
O007211,P0158,1,34.99,False
O007212,P0176,1,115.99,False
O007212,P0091,1,37.99,False
O007213,P0097,1,19.99,False
O007214,P0209,1,22.99,False
O007214,P0182,1,12.99,True
O007215,P0070,1,28.99,False
O007215,P0276,1,21.99,False
O007216,P0281,1,43.99,False
O007217,P0036,1,145.99,False
O007218,P0032,1,664.99,False
O007219,P0102,1,55.99,False
O007219,P0266,1,85.99,False
O007220,P0299,1,,False
O007220,P0257,1,34.99,False
O007221,P0191,2,62.99,True
O007222,P0087,1,21.99,False
O007223,P0284,1,26.99,False
O007223,P0273,1,30.99,False
O007224,P0173,1,95.99,False
O007224,P0212,1,20.99,True
O007224,P0192,1,30.99,False
O007225,P0244,1,26.99,False
O007226,P0158,1,34.99,True
O007226,P0299,2,22.99,False
O007227,P0132,2,51.99,False
O007228,P0102,1,55.99,False
O007229,P0022,1,47.99,False
O007230,P0032,1,664.99,True
O007231,P0025,1,42.99,False
O007232,P0210,1,9.99,False
O007233,P0120,2,132.99,False
O007234,P0224,1,65.99,False
O007234,P0226,2,49.99,False
O007235,P0127,1,16.99,False
O007236,P0236,2,36.99,False
O007236,P0172,2,49.99,False
O007236,P0113,2,77.99,False
O007237,P0085,2,160.99,False
O007237,P0084,1,16.99,False
O007238,P0246,1,46.99,False
O007239,P0242,1,19.99,False
O007240,P0081,1,16.99,False
O007241,P0125,1,12.99,False
O007242,P0225,1,76.99,False
O007243,P0261,1,147.99,False
O007244,P0216,1,23.99,False
O007245,P0184,1,75.99,False
O007246,P0230,2,61.99,False
O007246,P0271,1,30.99,False
O007247,P0077,1,32.99,False
O007248,P0182,1,12.99,False
O007248,P0066,1,88.99,False
O007248,P0174,1,87.99,False
O007248,P0158,1,34.99,False
O007249,P0180,1,14.99,False
O007249,P0158,1,34.99,False
O007249,P0220,1,8.99,False
O007250,P0003,1,461.99,False
O007250,P0199,1,16.99,False
O007250,P0177,1,66.99,False
O007250,P0154,2,39.99,True
O007251,P0113,1,77.99,False
O007251,P0005,2,158.99,False
O007251,P0172,1,49.99,False
O007252,P0221,1,13.99,False
O007253,P0279,1,37.99,False
O007254,P0132,1,51.99,False
O007255,P0018,1,320.99,False
O007256,P0212,1,20.99,False
O007257,P0093,1,37.99,False
O007257,P0077,1,32.99,False
O007257,P0161,1,14.99,False
O007258,P0285,1,38.99,False
O007259,P0007,1,120.99,False
O007260,P0296,1,36.99,False
O007261,P0217,1,16.99,False
O007262,P0135,1,38.99,True
O007263,P0285,1,38.99,False
O007263,P0292,1,14.99,False
O007264,P0246,1,46.99,False
O007265,P0120,1,132.99,False
O007266,P0281,1,43.99,False
O007266,P0078,1,17.99,False
O007266,P0090,1,28.99,False
O007267,P0243,1,115.99,False
O007267,P0149,1,11.99,False
O007268,P0136,1,15.99,False
O007269,P0080,1,61.99,False
O007269,P0080,1,61.99,False
O007270,P0034,1,423.99,False
O007271,P0232,1,77.99,False
O007271,P0201,1,13.99,False
O007272,P0010,1,109.99,False
O007273,P0164,1,83.99,False
O007273,P0291,2,8.99,False
O007273,P0217,1,16.99,False
O007274,P0147,1,82.99,False
O007274,P0182,1,12.99,False
O007275,P0038,1,67.99,True
O007276,P0165,1,84.99,False
O007276,P0061,2,105.99,False
O007277,P0129,2,13.99,False
O007277,P0251,1,213.99,False
O007278,P0085,1,160.99,False
O007279,P0088,1,54.99,False
O007280,P0076,1,21.99,False
O007281,P0167,2,40.99,False
O007282,P0284,1,26.99,False
O007283,P0204,1,37.99,False
O007284,P0109,1,43.99,False
O007284,P0104,2,20.99,False
O007285,P0292,1,14.99,False
O007286,P0280,1,12.99,False
O007286,P0043,1,201.99,False
O007287,P0230,1,61.99,False
O007287,P0022,2,47.99,False
O007288,P0093,1,37.99,False
O007289,P0125,1,12.99,False
O007289,P0107,1,31.99,False
O007289,P0106,2,37.99,False
O007289,P0197,2,20.99,False
O007290,P0235,1,14.99,False
O007291,P0291,1,8.99,False
O007292,P0257,1,34.99,False
O007292,P0247,2,133.99,False
O007293,P0058,1,133.99,False
O007293,P0274,3,153.99,False
O007294,P0146,1,36.99,True
O007295,P0048,2,126.99,False
O007296,P0097,1,19.99,False
O007296,P0179,1,34.99,False
O007297,P0189,1,46.99,False
O007298,P0299,1,22.99,False
O007299,P0122,2,47.99,False
O007299,P0053,1,200.99,False
O007300,P0224,1,65.99,False
O007301,P0091,1,37.99,False
O007301,P0133,1,105.99,False
O007302,P0250,1,281.99,False
O007302,P0173,1,95.99,False
O007303,P0039,1,117.99,False
O007304,P0036,1,145.99,False
O007304,P0176,1,115.99,False
O007305,P0060,1,100.99,False
O007305,P0042,1,174.99,False
O007305,P0009,1,64.99,False
O007305,P0130,1,60.99,True
O007306,P0159,1,96.99,False
O007306,P0113,1,77.99,False
O007307,P0171,1,22.99,False
O007308,P0157,2,29.99,False
O007309,P0195,1,18.99,True
O007310,P0046,1,384.99,False
O007310,P0056,1,154.99,False
O007310,P0192,2,30.99,False
O007311,P0005,1,158.99,False
O007312,P0157,1,29.99,False
O007313,P0260,1,20.99,False
O007313,P0036,1,145.99,False
O007314,P0162,1,52.99,False
O007315,P0065,1,33.99,False
O007315,P0035,1,281.99,False
O007316,P0162,1,52.99,True
O007316,P0248,1,224.99,False
O007316,P0227,1,20.99,False
O007317,P0283,1,6.99,False
O007318,P0208,1,8.99,False
O007319,P0164,2,83.99,False
O007319,P0300,2,28.99,True
O007320,P0209,1,22.99,False
O007321,P0126,1,66.99,False
O007322,P0120,2,132.99,False
O007322,P0015,1,61.99,False
O007323,P0146,2,36.99,True
O007324,P0266,1,85.99,False
O007324,P0246,1,46.99,False
O007325,P0174,1,87.99,True
O007325,P0172,1,49.99,True
O007326,P0195,1,18.99,False
O007326,P0125,1,12.99,False
O007327,P0240,2,76.99,False
O007328,P0274,1,153.99,False
O007329,P0247,2,133.99,False
O007330,P0098,1,21.99,False
O007330,P0163,1,13.99,False
O007331,P0128,1,61.99,True
O007332,P0035,1,281.99,True
O007332,P0174,1,87.99,False
O007332,P0171,1,22.99,False
O007332,P0198,1,14.99,False
O007333,P0238,1,32.99,False
O007333,P0288,1,12.99,False
O007334,P0005,1,158.99,False
O007335,P0233,1,78.99,True
O007335,P0106,1,37.99,False
O007335,P0231,1,10.99,False
O007336,P0026,1,65.99,False
O007337,P0123,1,84.99,True
O007337,P0237,1,31.99,False
O007338,P0238,1,32.99,False
O007338,P0172,1,49.99,False
O007339,P0284,1,26.99,False
O007340,P0158,1,34.99,False
O007340,P0012,1,321.99,False
O007341,P0196,-1,22.99,False
O007342,P0168,1,50.99,False
O007343,P0134,1,53.99,True
O007343,P0090,2,28.99,False
O007344,P0175,1,32.99,False
O007345,P0246,2,46.99,False
O007346,P0060,1,100.99,False
O007347,P0293,1,43.99,False
O007347,P0139,1,24.99,False
O007347,P0275,1,72.99,False
O007348,P0224,1,65.99,False
O007349,P0292,1,14.99,False
O007350,P0208,2,8.99,False
O007350,P0140,1,19.99,True
O007351,P0152,1,24.99,False
O007352,P0007,1,120.99,True
O007352,P0290,1,15.99,False
O007353,P0212,1,20.99,False
O007353,P0006,2,525.99,False
O007353,P0063,1,20.99,False
O007354,P0023,1,313.99,True
O007354,P0231,2,10.99,True
O007355,P0196,2,22.99,True
O007356,P0197,2,20.99,False
O007356,P0257,2,34.99,False
O007357,P0229,1,41.99,False
O007358,P0050,1,88.99,False
O007359,P0140,1,19.99,False
O007360,P0174,1,87.99,True
O007360,P0139,1,24.99,False
O007361,P0208,1,8.99,True
O007362,P0036,1,145.99,False
O007362,P0154,1,39.99,False
O007363,P0272,2,40.99,False
O007364,P0128,1,61.99,False
O007365,P0182,1,12.99,False
O007366,P0167,1,40.99,False
O007367,P0003,1,461.99,False
O007367,P0037,1,111.99,False
O007368,P0131,1,17.99,False
O007369,P0099,1,79.99,False
O007370,P0200,2,30.99,False
O007371,P0070,1,28.99,False
O007372,P0299,1,22.99,False
O007373,P0065,1,,False
O007374,P0025,1,42.99,False
O007374,P0027,1,349.99,False
O007375,P0267,1,45.99,False
O007375,P0111,1,240.99,False
O007376,P0199,1,16.99,False
O007376,P0103,1,141.99,False
O007376,P0265,1,24.99,True
O007377,P0083,1,42.99,False
O007378,P0300,2,28.99,False
O007378,P0246,1,46.99,False
O007379,P0268,2,27.99,False
O007379,P0153,1,28.99,False
O007380,P0089,1,31.99,False
O007381,P0280,2,12.99,False
O007382,P0011,1,71.99,False
O007382,P0015,1,61.99,False
O007383,P0247,1,133.99,False
O007383,P0256,1,19.99,False
O007384,P0094,2,143.99,False
O007384,P0154,1,39.99,False
O007385,P0244,1,26.99,False
O007385,P0193,2,79.99,False
O007386,P0116,1,19.99,False
O007387,P0286,1,43.99,False
O007388,P0040,1,179.99,False
O007389,P0291,1,8.99,False
O007390,P0216,1,23.99,False
O007391,P0100,1,30.99,False
O007392,P0161,1,14.99,True
O007393,P0015,1,61.99,False
O007394,P0033,1,103.99,False
O007395,P0110,1,134.99,False
O007396,P0022,1,47.99,False
O007397,P0067,1,48.99,False
O007397,P0041,2,181.99,False
O007398,P0189,1,46.99,False
O007398,P0020,2,102.99,True
O007398,P0033,1,103.99,False
O007398,P0121,1,53.99,False
O007399,P0065,1,33.99,False
O007399,P0180,1,14.99,False
O007400,P0261,1,147.99,False
O007401,P0128,1,61.99,False
O007402,P0153,1,28.99,False
O007402,P0276,1,21.99,False
O007403,P0152,1,24.99,False
O007403,P0037,2,111.99,False
O007404,P0214,1,16.99,False
O007405,P0228,2,17.99,False
O007406,P0235,1,14.99,False
O007407,P0299,1,22.99,False
O007408,P0096,2,168.99,False
O007409,P0153,1,28.99,False
O007410,P0298,1,6.99,False
O007410,P0253,1,246.99,False
O007410,P0222,1,7.99,False
O007411,P0191,1,62.99,False
O007412,P0007,1,120.99,True
O007413,P0100,1,30.99,False
O007414,P0070,1,28.99,False
O007414,P0148,1,17.99,False
O007415,P0222,1,,False
O007416,P0164,1,83.99,False
O007417,P0180,1,14.99,False
O007418,P0149,1,11.99,False
O007418,P0103,1,141.99,False
O007419,P0001,1,444.99,False
O007419,P0142,1,73.99,False
O007420,P0038,1,67.99,False
O007421,P0097,1,19.99,False
O007421,P0156,1,116.99,False
O007421,P0188,2,26.99,True
O007422,P0281,1,43.99,False
O007423,P0155,2,81.99,False
O007424,P0095,1,33.99,False
O007425,P0246,1,46.99,False
O007426,P0185,1,49.99,False
O007426,P0238,1,32.99,False
O007426,P0129,1,13.99,False
O007427,P0201,1,13.99,False
O007427,P0032,1,664.99,False
O007427,P0189,1,46.99,False
O007428,P0137,1,31.99,False
O007429,P0038,1,67.99,False
O007429,P0157,1,29.99,True
O007430,P0130,2,60.99,False
O007430,P0120,1,132.99,False
O007431,P0085,1,160.99,False
O007432,P0239,1,37.99,False
O007433,P0238,1,32.99,False
O007433,P0176,1,115.99,False
O007434,P0275,1,72.99,False
O007434,P0237,1,31.99,False
O007435,P0220,1,8.99,False
O007435,P0159,1,96.99,False
O007436,P0041,1,181.99,False
O007436,P0012,1,321.99,False
O007437,P0025,1,42.99,False
O007438,P0250,1,281.99,False
O007438,P0188,2,26.99,False
O007439,P0194,1,65.99,False
O007440,P0295,1,13.99,False
O007441,P0224,1,65.99,False
O007442,P0110,2,134.99,False
O007442,P0235,1,14.99,False
O007442,P0040,1,179.99,False
O007443,P0273,1,30.99,False
O007444,P0171,1,22.99,False
O007445,P0028,1,284.99,False
O007446,P0212,1,20.99,False
O007446,P0017,1,166.99,False
O007447,P0221,1,13.99,False
O007447,P0234,1,60.99,False
O007448,P0077,2,32.99,False
O007448,P0208,1,8.99,False
O007449,P0085,1,160.99,False
O007450,P0153,1,28.99,False
O007451,P0046,2,384.99,False
O007452,P0230,1,61.99,False
O007453,P0011,1,71.99,False
O007454,P0248,1,224.99,False
O007454,P0087,1,21.99,False
O007455,P0023,1,313.99,False
O007455,P0109,2,43.99,False
O007456,P0177,1,66.99,False
O007456,P0170,1,23.99,False
O007457,P0181,2,100.99,False
O007458,P0122,1,47.99,False
O007459,P0240,1,76.99,False
O007460,P0132,1,51.99,False
O007460,P0279,1,37.99,False
O007460,P0195,1,18.99,False
O007461,P0196,1,22.99,False
O007462,P0072,1,49.99,False
O007462,P0219,1,10.99,False
O007463,P0161,1,14.99,True
O007464,P0222,1,7.99,False
O007464,P0253,1,246.99,False
O007465,P0068,1,143.99,False
O007466,P0287,1,14.99,False
O007466,P0298,1,6.99,False
O007467,P0270,2,25.99,False
O007468,P0221,1,13.99,False
O007469,P0054,1,127.99,False
O007470,P0043,2,201.99,False
O007471,P0090,1,28.99,False
O007472,P0152,2,24.99,False
O007473,P0166,1,84.99,False
O007474,P0032,1,664.99,False
O007474,P0265,1,24.99,False
O007475,P0166,1,84.99,False
O007476,P0151,1,27.99,True
O007477,P0142,1,73.99,False
O007478,P0109,2,43.99,False
O007479,P0085,2,160.99,False
O007479,P0181,1,100.99,False
O007479,P0127,1,16.99,False
O007480,P0086,1,133.99,False
O007481,P0120,1,132.99,False
O007482,P0153,2,28.99,False
O007483,P0223,1,11.99,True
O007483,P0275,1,72.99,False
O007484,P0280,1,12.99,False
O007484,P0220,1,8.99,False
O007485,P0134,1,53.99,False
O007486,P0106,1,37.99,False
O007486,P0172,1,49.99,True
O007487,P0215,1,55.99,False
O007487,P0261,1,147.99,False
O007488,P0216,1,23.99,False
O007488,P0080,1,61.99,False
O007489,P0082,1,74.99,False
O007490,P0063,1,20.99,False
O007491,P0271,1,30.99,False
O007492,P0028,1,284.99,False
O007493,P0248,1,224.99,False
O007494,P0005,1,158.99,False
O007495,P0036,1,145.99,True
O007495,P0144,1,91.99,True
O007496,P0025,1,42.99,False
O007497,P0188,1,26.99,False
O007498,P0067,1,48.99,False
O007498,P0037,1,111.99,False
O007499,P0133,1,105.99,False
O007499,P0168,1,50.99,False
O007499,P0185,1,49.99,False
O007500,P0258,1,60.99,False
O007501,P0218,1,40.99,False
O007501,P0088,1,54.99,False
O007502,P0049,1,106.99,False
O007503,P0234,1,60.99,False
O007504,P0229,1,41.99,False
O007505,P0201,1,13.99,True
O007505,P0270,1,25.99,False
O007506,P0180,1,14.99,False
O007507,P0067,1,48.99,False
O007508,P0067,1,48.99,False
O007509,P0070,1,28.99,False
O007510,P0280,1,12.99,False
O007511,P0137,1,31.99,False
O007512,P0032,1,664.99,False
O007512,P0072,1,49.99,False
O007512,P0282,1,7.99,False
O007512,P0130,1,60.99,False
O007512,P0129,1,13.99,True
O007513,P0187,1,93.99,False
O007513,P0254,2,48.99,False
O007513,P0085,1,160.99,True
O007514,P0007,2,120.99,False
O007515,P0180,1,14.99,False
O007516,P0184,1,75.99,False
O007517,P0272,1,40.99,False
O007518,P0208,2,8.99,False
O007519,P0269,2,219.99,False
O007520,P0105,1,94.99,False
O007521,P0208,1,8.99,False
O007522,P0087,2,21.99,False
O007523,P0122,1,47.99,False
O007524,P0190,1,17.99,False
O007525,P0294,1,39.99,False
O007526,P0296,1,36.99,False
O007526,P0113,2,77.99,False
O007527,P0054,1,127.99,False
O007528,P0163,2,13.99,False
O007529,P0003,1,461.99,False
O007530,P0049,1,106.99,False
O007531,P0223,1,11.99,False
O007532,P0138,1,30.99,False
O007533,P0014,2,133.99,False
O007534,P0016,1,316.99,False
O007534,P0241,1,15.99,False
O007534,P0164,2,83.99,False
O007535,P0281,1,43.99,False
O007535,P0085,2,160.99,False
O007536,P0121,1,53.99,False
O007537,P0163,2,13.99,False
O007537,P0121,1,53.99,False
O007538,P0194,1,65.99,False
O007539,P0286,1,43.99,False
O007539,P0181,1,100.99,False
O007540,P0037,1,111.99,False
O007541,P0245,1,27.99,False
O007542,P0170,1,23.99,False
O007542,P0080,2,61.99,False
O007542,P0262,1,284.99,False
O007543,P0261,1,147.99,False
O007544,P0216,1,23.99,False
O007545,P0067,1,48.99,False
O007546,P0214,1,16.99,True
O007547,P0190,1,17.99,False
O007547,P0100,2,30.99,False
O007548,P0184,1,75.99,False
O007549,P0022,1,47.99,False
O007550,P0097,1,19.99,False
O007551,P0072,1,49.99,False
O007552,P0214,1,16.99,False
O007552,P0041,2,181.99,False
O007552,P0030,1,91.99,False
O007552,P0072,1,49.99,False
O007553,P0081,1,16.99,False
O007554,P0051,1,45.99,False
O007555,P0262,1,284.99,False
O007555,P0298,1,6.99,False
O007556,P0019,2,432.99,False
O007557,P0205,1,48.99,False
O007557,P0018,1,320.99,False
O007557,P0077,1,32.99,False
O007558,P0227,2,20.99,True
O007559,P0062,1,111.99,False
O007559,P0049,1,106.99,False
O007560,P0037,1,111.99,False
O007561,P0192,1,30.99,False
O007562,P0191,1,62.99,False
O007563,P0063,1,20.99,False
O007564,P0070,1,28.99,False
O007565,P0162,1,52.99,False
O007566,P0027,1,349.99,False
O007567,P0162,1,52.99,True
O007567,P0273,1,30.99,False
O007567,P0167,2,40.99,False
O007567,P0209,1,22.99,True
O007568,P0014,1,133.99,False
O007569,P0299,2,22.99,False
O007569,P0001,1,444.99,False
O007570,P0178,2,71.99,False
O007570,P0104,3,20.99,False
O007571,P0108,1,22.99,False
O007572,P0247,1,133.99,False
O007573,P0249,2,19.99,False
O007574,P0023,1,313.99,False
O007574,P0282,1,7.99,False
O007575,P0299,1,22.99,False
O007575,P0237,1,31.99,False
O007576,P0009,1,64.99,False
O007577,P0006,1,525.99,False
O007578,P0120,1,132.99,False
O007579,P0121,1,53.99,False
O007580,P0272,1,40.99,False
O007581,P0255,2,116.99,False
O007581,P0102,1,55.99,False
O007582,P0297,1,11.99,False
O007582,P0012,1,321.99,False
O007582,P0248,1,224.99,False
O007583,P0202,1,14.99,False
O007584,P0269,1,219.99,False
O007584,P0075,2,79.99,False
O007585,P0138,1,30.99,False
O007585,P0063,1,20.99,False
O007586,P0224,1,65.99,True
O007587,P0092,2,215.99,False
O007587,P0103,1,141.99,False
O007587,P0016,1,316.99,False
O007587,P0272,1,40.99,False
O007588,P0174,1,87.99,False
O007589,P0275,1,72.99,False
O007590,P0111,1,240.99,False
O007591,P0079,1,78.99,False
O007591,P0041,1,181.99,False
O007592,P0230,1,61.99,False
O007593,P0214,2,16.99,False
O007594,P0106,1,37.99,False
O007595,P0117,1,32.99,False
O007596,P0215,1,55.99,False
O007597,P0226,1,49.99,False
O007598,P0022,2,47.99,False
O007599,P0046,2,384.99,False
O007600,P0194,1,65.99,False
O007601,P0203,1,48.99,False
O007601,P0046,1,384.99,False
O007602,P0298,1,6.99,False
O007603,P0242,1,19.99,False
O007603,P0111,2,240.99,False
O007604,P0093,1,37.99,False
O007605,P0106,1,37.99,False
O007605,P0206,1,35.99,False
O007606,P0220,2,8.99,False
O007607,P0208,2,8.99,False
O007608,P0267,2,45.99,False
O007609,P0186,1,56.99,False
O007610,P0110,1,134.99,False
O007610,P0181,2,100.99,False
O007611,P0057,1,80.99,True
O007612,P0154,1,39.99,False
O007613,P0107,1,31.99,True
O007614,P0084,1,16.99,False
O007615,P0179,1,34.99,False
O007615,P0225,1,76.99,False
O007616,P0092,1,215.99,False
O007617,P0001,1,444.99,False
O007618,P0001,1,444.99,False
O007619,P0083,2,42.99,False
O007620,P0063,1,20.99,False
O007621,P0228,1,17.99,False
O007622,P0171,1,22.99,False
O007623,P0168,2,50.99,False
O007624,P0110,1,134.99,False
O007625,P0264,2,188.99,False
O007625,P0154,1,39.99,False
O007626,P0072,1,49.99,False
O007626,P0207,1,21.99,False
O007627,P0002,1,53.99,False
O007627,P0261,2,147.99,False
O007628,P0274,2,153.99,False
O007629,P0122,1,47.99,False
O007630,P0261,1,147.99,False
O007631,P0043,1,201.99,False
O007632,P0245,2,27.99,False
O007632,P0277,2,40.99,False
O007633,P0084,1,16.99,False
O007633,P0173,1,95.99,False
O007634,P0088,1,54.99,False
O007635,P0153,3,28.99,True
O007636,P0196,3,22.99,False
O007636,P0193,1,79.99,False
O007637,P0264,1,188.99,False
O007637,P0133,2,105.99,False
O007637,P0087,1,21.99,False
O007638,P0062,1,111.99,False
O007639,P0177,1,66.99,False
O007640,P0288,1,12.99,False
O007640,P0028,1,284.99,False
O007640,P0072,1,49.99,False
O007640,P0151,1,27.99,True
O007640,P0166,1,84.99,False
O007641,P0219,1,10.99,False
O007641,P0290,2,15.99,False
O007642,P0296,1,36.99,False
O007643,P0028,1,284.99,False
O007643,P0153,1,28.99,False
O007644,P0099,0,79.99,False
O007644,P0272,1,40.99,False
O007645,P0059,1,21.99,False
O007646,P0200,1,30.99,False
O007647,P0035,1,281.99,False
O007648,P0146,1,36.99,False
O007648,P0126,1,66.99,False
O007649,P0213,1,57.99,False
O007649,P0079,1,78.99,False
O007650,P0167,1,40.99,False
O007651,P0186,1,56.99,False
O007651,P0030,1,91.99,True
O007651,P0083,1,42.99,False
O007652,P0117,1,32.99,False
O007652,P0277,1,40.99,False
O007653,P0150,1,16.99,False
O007654,P0216,2,23.99,False
O007655,P0032,1,664.99,False
O007656,P0203,1,48.99,False
O007657,P0138,1,30.99,False
O007657,P0202,1,14.99,False
O007657,P0187,1,93.99,False
O007658,P0106,1,37.99,False
O007659,P0288,1,12.99,False
O007659,P0026,1,65.99,False
O007660,P0103,1,141.99,False
O007660,P0215,1,55.99,False
O007661,P0013,1,353.99,False
O007661,P0169,1,18.99,True
O007662,P0096,1,168.99,False
O007663,P0124,1,70.99,False
O007664,P0203,1,48.99,False
O007665,P0050,2,88.99,False
O007665,P0056,1,154.99,False
O007666,P0090,1,28.99,False
O007667,P0209,1,22.99,False
O007667,P0266,1,85.99,False
O007667,P0096,1,168.99,False
O007668,P0290,1,15.99,False
O007669,P0067,1,48.99,False
O007670,P0019,1,432.99,False
O007671,P0135,0,38.99,False
O007672,P0174,2,87.99,False
O007672,P0020,1,102.99,False
O007673,P0295,1,13.99,False
O007673,P0151,1,27.99,False
O007674,P0139,2,24.99,True
O007675,P0290,1,15.99,False
O007676,P0036,1,145.99,False
O007677,P0218,1,40.99,False
O007678,P0295,1,13.99,False
O007679,P0292,1,14.99,False
O007680,P0205,2,48.99,False
O007681,P0221,1,13.99,True
O007681,P0214,1,16.99,False
O007682,P0278,1,9.99,False
O007682,P0004,2,715.99,False
O007683,P0001,1,444.99,False
O007683,P0095,1,33.99,False
O007684,P0095,1,33.99,False
O007685,P0144,1,91.99,False
O007686,P0220,1,8.99,False
O007687,P0200,1,30.99,False
O007687,P0109,1,43.99,False
O007688,P0119,1,186.99,False
O007688,P0262,1,284.99,False
O007689,P0161,1,14.99,False
O007689,P0087,1,21.99,False
O007690,P0180,1,14.99,False
O007691,P0269,1,219.99,True
O007691,P0204,1,37.99,False
O007691,P0169,1,18.99,False
O007692,P0136,1,15.99,True
O007693,P0290,1,15.99,False
O007693,P0187,2,93.99,False
O007694,P0171,2,22.99,False
O007695,P0215,1,55.99,False
O007695,P0020,1,102.99,False
O007695,P0241,2,15.99,False
O007696,P0262,1,284.99,False
O007697,P0056,1,154.99,False
O007698,P0199,1,16.99,False
O007699,P0151,1,27.99,False
O007700,P0197,1,20.99,False
O007701,P0046,1,384.99,False
O007701,P0127,1,16.99,False
O007702,P0275,1,72.99,False
O007703,P0176,2,115.99,False
O007704,P0087,1,21.99,False
O007704,P0007,1,120.99,False
O007704,P0244,1,26.99,False
O007705,P0207,1,21.99,False
O007705,P0197,1,20.99,False
O007706,P0091,1,37.99,False
O007707,P0270,1,25.99,False
O007708,P0283,2,6.99,False
O007709,P0134,2,53.99,True
O007710,P0239,2,37.99,False
O007710,P0290,1,15.99,False
O007711,P0028,1,284.99,False
O007712,P0263,1,22.99,False
O007713,P0149,1,11.99,False
O007713,P0111,2,240.99,False
O007714,P0114,2,152.99,False
O007715,P0098,1,21.99,False
O007716,P0044,1,650.99,False
O007717,P0016,2,316.99,False
O007718,P0027,1,349.99,False
O007718,P0234,2,60.99,False
O007718,P0296,1,36.99,False
O007719,P0296,2,36.99,False
O007719,P0291,1,8.99,False
O007720,P0040,2,179.99,False
O007721,P0125,1,12.99,True
O007722,P0122,1,47.99,False
O007723,P0263,1,22.99,False
O007724,P0035,1,281.99,False
O007724,P0205,2,48.99,False
O007725,P0042,1,174.99,False
O007726,P0224,1,65.99,False
O007727,P0086,1,133.99,False
O007728,P0296,1,36.99,False
O007728,P0068,1,143.99,False
O007729,P0270,1,25.99,False
O007729,P0060,1,100.99,False
O007730,P0215,1,55.99,False
O007731,P0199,1,16.99,False
O007731,P0112,1,163.99,False
O007732,P0121,1,53.99,False
O007733,P0156,1,116.99,False
O007734,P0050,1,88.99,False
O007735,P0039,1,117.99,False
O007735,P0008,1,72.99,False
O007736,P0165,1,84.99,False
O007737,P0145,2,39.99,False
O007738,P0246,1,46.99,False
O007739,P0152,1,24.99,False
O007740,P0042,1,174.99,False
O007741,P0028,1,284.99,False
O007742,P0181,1,100.99,False
O007743,P0198,1,14.99,False
O007743,P0280,1,12.99,False
O007744,P0257,1,34.99,False
O007745,P0128,1,61.99,True
O007746,P0018,2,320.99,False
O007747,P0179,1,34.99,True
O007747,P0154,2,39.99,False
O007748,P0056,1,154.99,False
O007749,P0033,1,103.99,True
O007750,P0001,1,444.99,False
O007751,P0299,1,22.99,False
O007752,P0139,1,24.99,False
O007753,P0190,1,17.99,True
O007754,P0061,1,105.99,False
O007755,P0167,2,40.99,False
O007756,P0142,1,73.99,False
O007757,P0224,1,65.99,False
O007758,P0039,2,117.99,False
O007758,P0014,1,133.99,False
O007759,P0280,1,12.99,False
O007759,P0227,1,20.99,False
O007759,P0130,1,60.99,False
O007760,P0125,1,12.99,True
O007761,P0213,1,57.99,False
O007762,P0250,1,281.99,False
O007762,P0256,2,19.99,False
O007763,P0095,2,33.99,False
O007764,P0256,1,19.99,False
O007765,P0264,1,188.99,False
O007766,P0099,2,79.99,False
O007767,P0278,1,9.99,False
O007768,P0206,1,35.99,False
O007769,P0133,1,105.99,False
O007769,P0176,1,115.99,False
O007770,P0266,1,85.99,False
O007771,P0170,1,23.99,True
O007772,P0265,1,24.99,False
O007772,P0110,1,134.99,False
O007773,P0116,1,19.99,False
O007773,P0043,1,201.99,False
O007774,P0232,1,77.99,False
O007775,P0032,1,664.99,False
O007776,P0017,1,166.99,False
O007777,P0195,1,18.99,False
O007778,P0068,2,143.99,False
O007779,P0071,1,171.99,False
O007779,P0118,2,97.99,False
O007780,P0114,1,152.99,False
O007781,P0249,2,19.99,False
O007781,P0026,1,65.99,False
O007782,P0268,1,27.99,False
O007783,P0153,1,28.99,False
O007784,P0213,1,57.99,False
O007784,P0256,2,19.99,False
O007785,P0204,1,37.99,False
O007786,P0033,2,103.99,False
O007786,P0194,1,65.99,False
O007786,P0086,1,133.99,False
O007786,P0010,1,109.99,False
O007787,P0281,1,43.99,False
O007787,P0192,1,30.99,False
O007788,P0210,1,9.99,False
O007789,P0020,2,102.99,False
O007790,P0285,2,38.99,False
O007791,P0182,1,12.99,False
O007791,P0005,1,158.99,False
O007792,P0240,1,76.99,False
O007793,P0220,2,8.99,False
O007794,P0214,1,16.99,False
O007795,P0156,1,116.99,False
O007796,P0165,1,84.99,False
O007796,P0082,1,74.99,False
O007797,P0209,2,22.99,False
O007798,P0139,1,24.99,False
O007798,P0146,1,36.99,False
O007799,P0102,1,55.99,False
O007799,P0284,1,26.99,False
O007800,P0094,1,143.99,False
O007801,P0187,1,93.99,False
O007801,P0019,2,432.99,False
O007802,P0194,1,65.99,False
O007803,P0287,1,14.99,False
O007803,P0184,2,75.99,False
O007804,P0198,1,14.99,False
O007804,P0160,1,36.99,True
O007805,P0218,1,40.99,False
O007805,P0013,1,353.99,False
O007806,P0167,1,40.99,True
O007806,P0244,1,26.99,True
O007807,P0236,1,36.99,False
O007807,P0015,1,61.99,False
O007808,P0280,1,12.99,False
O007808,P0100,1,30.99,False
O007809,P0182,1,12.99,False
O007810,P0277,2,40.99,False
O007810,P0036,2,145.99,False
O007811,P0206,1,35.99,False
O007811,P0029,1,57.99,False
O007812,P0091,1,37.99,False
O007812,P0017,1,166.99,False
O007812,P0060,1,100.99,False
O007813,P0161,1,14.99,False
O007814,P0003,1,461.99,False
O007815,P0170,1,23.99,False
O007816,P0231,-1,10.99,False
O007817,P0219,1,10.99,False
O007818,P0120,1,132.99,False
O007819,P0137,1,31.99,False
O007820,P0086,1,133.99,False
O007821,P0248,1,224.99,False
O007821,P0100,1,30.99,False
O007822,P0255,1,116.99,False
O007823,P0151,1,27.99,False
O007824,P0159,1,96.99,True
O007825,P0097,1,19.99,False
O007826,P0226,1,49.99,False
O007826,P0082,1,74.99,False
O007827,P0083,1,42.99,False
O007827,P0019,1,432.99,False
O007828,P0259,1,62.99,False
O007828,P0064,1,58.99,False
O007829,P0135,1,38.99,True
O007829,P0107,1,31.99,False
O007830,P0073,1,53.99,False
O007831,P0237,1,31.99,False
O007832,P0296,2,36.99,False
O007833,P0158,1,34.99,False
O007834,P0126,1,66.99,False
O007834,P0151,1,27.99,False
O007834,P0222,1,7.99,False
O007835,P0259,1,62.99,False
O007836,P0294,2,39.99,False
O007836,P0068,1,143.99,False
O007837,P0003,1,461.99,False
O007837,P0226,1,49.99,False
O007838,P0039,1,117.99,False
O007839,P0186,1,56.99,True
O007839,P0218,1,40.99,False
O007840,P0015,1,61.99,False
O007841,P0092,1,215.99,False
O007842,P0046,1,384.99,False
O007843,P0222,2,7.99,False
O007844,P0019,1,432.99,False
O007845,P0226,1,49.99,False
O007846,P0293,1,43.99,False
O007847,P0103,1,141.99,False
O007848,P0285,2,38.99,False
O007849,P0195,2,18.99,False
O007850,P0005,1,158.99,False
O007851,P0042,1,174.99,False
O007852,P0250,1,281.99,False
O007852,P0014,1,133.99,False
O007853,P0165,1,84.99,False
O007854,P0230,1,61.99,False
O007855,P0134,1,53.99,False
O007856,P0277,1,40.99,False
O007856,P0194,2,65.99,False
O007856,P0189,2,46.99,False
O007856,P0137,1,31.99,True
O007856,P0188,1,26.99,False
O007857,P0222,1,7.99,False
O007858,P0150,1,16.99,False
O007859,P0296,1,36.99,False
O007860,P0242,1,19.99,False
O007861,P0119,1,186.99,False
O007862,P0037,1,111.99,False
O007862,P0187,1,93.99,False
O007862,P0233,1,78.99,False
O007862,P0251,1,213.99,False
O007863,P0126,1,66.99,True
O007864,P0134,1,53.99,False
O007865,P0092,2,215.99,True
O007866,P0248,1,224.99,False
O007866,P0151,2,27.99,False
O007867,P0012,1,321.99,False
O007868,P0146,1,36.99,False
O007869,P0136,1,15.99,False
O007869,P0001,1,444.99,False
O007870,P0262,1,284.99,False
O007871,P0011,2,71.99,False
O007872,P0001,1,444.99,False
O007872,P0294,1,39.99,False
O007873,P0277,1,40.99,False
O007874,P0159,1,96.99,False
O007875,P0265,1,24.99,False
O007876,P0141,1,59.99,False
O007877,P0283,1,6.99,False
O007878,P0236,1,36.99,False
O007879,P0204,1,37.99,False
O007880,P0026,1,65.99,False
O007880,P0227,2,20.99,False
O007881,P0263,1,22.99,False
O007881,P0124,1,70.99,False
O007882,P0061,1,105.99,False
O007882,P0282,1,7.99,False
O007883,P0292,1,14.99,False
O007883,P0268,2,27.99,False
O007884,P0141,2,59.99,False
O007885,P0164,1,83.99,False
O007885,P0056,1,154.99,False
O007886,P0078,1,17.99,False
O007886,P0224,1,65.99,False
O007886,P0009,2,64.99,False
O007886,P0152,1,24.99,False
O007887,P0020,1,102.99,False
O007888,P0070,1,28.99,False
O007888,P0070,1,28.99,False
O007889,P0209,1,22.99,False
O007890,P0156,1,116.99,False
O007890,P0235,1,14.99,False
O007890,P0281,2,43.99,False
O007891,P0179,1,34.99,True
O007892,P0223,1,11.99,False
O007892,P0185,1,49.99,False
O007892,P0104,1,20.99,False
O007893,P0298,1,6.99,False
O007893,P0015,1,61.99,False
O007893,P0167,1,40.99,False
O007894,P0199,2,16.99,False
O007894,P0136,1,15.99,False
O007895,P0268,1,27.99,False
O007896,P0065,1,33.99,False
O007897,P0030,2,91.99,False
O007898,P0172,1,49.99,False
O007898,P0184,1,75.99,False
O007899,P0201,1,13.99,False
O007900,P0035,1,281.99,False
O007901,P0132,1,51.99,False
O007902,P0151,1,27.99,False
O007903,P0125,1,12.99,True
O007904,P0212,1,20.99,False
O007904,P0240,1,76.99,False
O007904,P0134,1,53.99,False
O007905,P0163,1,13.99,False
O007905,P0060,2,100.99,False
O007906,P0204,1,37.99,False
O007906,P0044,1,650.99,True
O007907,P0196,1,22.99,False
O007908,P0252,1,85.99,False
O007909,P0115,1,51.99,False
O007909,P0100,1,30.99,False
O007910,P0056,1,154.99,False
O007911,P0027,1,349.99,False
O007911,P0208,1,8.99,False
O007912,P0240,1,76.99,False
O007913,P0164,1,83.99,False
O007914,P0237,1,31.99,False
O007915,P0205,2,48.99,True
O007916,P0063,1,20.99,False
O007916,P0295,1,13.99,False
O007916,P0204,1,37.99,False
O007916,P0149,1,11.99,False
O007917,P0244,1,26.99,False
O007918,P0294,1,39.99,False
O007919,P0264,2,188.99,False
O007920,P0074,1,148.99,False
O007921,P0029,1,57.99,False
O007922,P0204,1,37.99,True
O007923,P0054,1,127.99,False
O007923,P0090,2,28.99,False
O007924,P0133,1,105.99,False
O007925,P0243,1,115.99,False
O007925,P0093,1,37.99,False
O007926,P0076,2,21.99,False
O007926,P0247,1,133.99,False
O007926,P0258,1,60.99,False
O007927,P0164,1,83.99,False
O007927,P0120,1,132.99,False
O007928,P0291,1,8.99,False
O007928,P0090,1,28.99,False
O007928,P0005,1,158.99,False
O007929,P0192,1,30.99,False
O007930,P0058,2,133.99,False
O007930,P0217,2,16.99,False
O007931,P0189,1,46.99,True
O007932,P0296,2,36.99,False
O007933,P0021,1,77.99,False
O007933,P0037,1,111.99,False
O007934,P0105,1,94.99,False
O007934,P0208,1,8.99,False
O007935,P0115,1,51.99,True
O007936,P0249,1,19.99,False
O007936,P0054,1,127.99,False
O007936,P0031,1,372.99,False
O007937,P0184,1,75.99,False
O007938,P0159,1,96.99,False
O007939,P0074,1,148.99,False
O007940,P0261,1,147.99,False
O007941,P0078,1,17.99,False
O007941,P0288,1,12.99,False
O007942,P0230,1,61.99,False
O007943,P0086,2,133.99,False
O007944,P0059,1,21.99,False
O007945,P0134,2,53.99,False
O007946,P0072,1,49.99,False
O007947,P0300,1,28.99,False
O007948,P0293,1,43.99,False
O007949,P0036,1,145.99,False
O007949,P0178,2,71.99,False
O007949,P0028,1,284.99,False
O007950,P0031,1,372.99,False
O007950,P0266,2,85.99,False
O007950,P0224,1,65.99,False
O007951,P0182,2,12.99,False
O007951,P0032,1,664.99,False
O007952,P0104,1,20.99,False
O007952,P0093,2,37.99,False
O007952,P0127,1,16.99,False
O007953,P0232,1,77.99,False
O007954,P0095,1,33.99,False
O007955,P0293,2,43.99,False
O007955,P0128,1,61.99,False
O007956,P0208,1,8.99,False
O007957,P0227,1,20.99,False
O007958,P0225,1,76.99,False
O007958,P0154,1,39.99,False
O007959,P0292,1,14.99,False
O007960,P0033,1,103.99,False
O007961,P0004,1,715.99,False
O007961,P0027,1,349.99,False
O007962,P0130,1,60.99,False
O007962,P0115,1,51.99,False
O007963,P0128,1,61.99,False
O007964,P0191,1,62.99,False
O007964,P0172,1,49.99,False
O007964,P0295,2,13.99,False
O007965,P0165,2,84.99,False
O007965,P0136,1,15.99,False
O007965,P0173,1,95.99,False
O007966,P0273,1,30.99,False
O007967,P0194,1,65.99,False
O007968,P0188,1,26.99,False
O007969,P0043,1,201.99,False
O007970,P0118,1,97.99,False
O007971,P0172,1,49.99,True
O007971,P0173,1,95.99,False
O007972,P0019,1,432.99,False
O007973,P0139,2,24.99,False
O007973,P0092,1,215.99,False
O007974,P0111,1,240.99,False
O007975,P0116,2,19.99,False
O007975,P0225,1,76.99,False
O007976,P0080,1,61.99,False
O007977,P0080,1,61.99,False
O007978,P0118,1,97.99,False
O007979,P0196,2,22.99,False
O007979,P0016,1,316.99,False
O007980,P0286,2,43.99,False
O007981,P0075,2,79.99,False
O007982,P0298,1,6.99,False
O007983,P0075,1,79.99,False
O007984,P0142,1,73.99,False
O007984,P0261,1,147.99,False
O007984,P0287,1,14.99,False
O007985,P0016,1,316.99,False
O007985,P0131,1,17.99,False
O007986,P0068,1,143.99,False
O007987,P0141,1,59.99,False
O007988,P0113,1,77.99,False
O007989,P0057,1,80.99,False
O007990,P0202,2,14.99,False
O007990,P0193,2,79.99,False
O007991,P0167,1,40.99,False
O007992,P0193,1,79.99,False
O007993,P0051,1,45.99,False
O007994,P0195,1,18.99,False
O007994,P0272,1,40.99,False
O007995,P0147,1,82.99,False
O007996,P0195,2,18.99,True
O007996,P0288,1,12.99,True
O007997,P0160,1,36.99,False
O007997,P0134,1,53.99,False
O007998,P0054,1,127.99,False
O007999,P0246,1,46.99,False
O008000,P0059,1,21.99,False
O008001,P0258,1,60.99,False
O008002,P0054,1,127.99,False
O008002,P0251,1,213.99,False
O008003,P0074,2,148.99,False
O008004,P0062,1,111.99,False
O008005,P0218,1,40.99,False
O008006,P0149,1,11.99,True
O008006,P0089,2,31.99,False
O008007,P0216,1,23.99,True
O008008,P0142,1,73.99,False
O008009,P0247,1,133.99,False
O008010,P0162,2,52.99,False
O008010,P0070,1,28.99,False
O008011,P0156,1,116.99,False
O008012,P0209,1,22.99,False
O008013,P0136,1,15.99,False
O008014,P0172,1,49.99,False
O008015,P0112,1,163.99,False
O008016,P0289,2,25.99,False
O008017,P0066,1,88.99,False
O008018,P0269,1,219.99,False
O008019,P0257,1,34.99,False
O008020,P0185,1,49.99,False
O008021,P0038,1,67.99,False
O008021,P0078,1,17.99,False
O008022,P0096,1,168.99,False
O008023,P0140,1,19.99,False
O008023,P0136,2,15.99,False
O008024,P0235,1,14.99,False
O008025,P0004,1,715.99,False
O008026,P0095,1,33.99,False
O008027,P0060,1,100.99,False
O008028,P0273,1,30.99,False
O008029,P0008,1,72.99,False
O008029,P0124,2,70.99,False
O008030,P0290,2,15.99,False
O008031,P0213,1,57.99,False
O008032,P0152,1,24.99,False
O008033,P0192,1,30.99,False
O008034,P0154,1,39.99,False
O008034,P0162,1,52.99,False
O008035,P0057,1,80.99,False
O008036,P0277,2,40.99,False
O008037,P0037,1,111.99,True
O008037,P0207,2,21.99,False
O008037,P0021,1,77.99,False
O008038,P0240,2,76.99,False
O008039,P0261,1,147.99,False
O008040,P0170,1,23.99,False
O008041,P0249,1,19.99,False
O008042,P0080,1,61.99,False
O008043,P0187,1,93.99,False
O008044,P0148,1,17.99,False
O008044,P0044,1,650.99,False
O008044,P0277,1,40.99,False
O008045,P0121,1,53.99,False
O008046,P0162,1,52.99,False
O008047,P0265,1,24.99,False
O008048,P0247,1,133.99,False
O008048,P0294,1,39.99,False
O008049,P0282,1,7.99,False
O008050,P0045,1,55.99,False
O008051,P0173,1,95.99,True
O008052,P0165,1,84.99,False
O008052,P0185,1,49.99,False
O008053,P0092,1,215.99,False
O008054,P0298,2,6.99,False
O008055,P0234,1,60.99,False
O008055,P0180,1,14.99,False
O008056,P0105,1,94.99,False
O008057,P0166,1,84.99,False
O008058,P0191,2,62.99,False
O008059,P0255,2,116.99,False
O008060,P0140,2,19.99,False
O008060,P0069,2,15.99,True
O008061,P0296,1,36.99,False
O008062,P0299,2,22.99,False
O008062,P0083,1,42.99,False
O008063,P0036,2,145.99,False
O008064,P0167,1,40.99,False
O008065,P0156,1,116.99,False
O008066,P0217,1,16.99,False
O008067,P0186,1,56.99,False
O008068,P0019,1,432.99,False
O008069,P0018,1,320.99,False
O008070,P0160,1,36.99,False
O008071,P0083,1,42.99,False
O008072,P0211,2,39.99,False
O008072,P0158,1,34.99,False
O008073,P0204,2,37.99,False
O008074,P0013,1,353.99,False
O008075,P0215,1,55.99,False
O008075,P0001,1,444.99,True
O008075,P0169,1,18.99,False
O008076,P0289,1,25.99,False
O008077,P0041,1,181.99,False
O008078,P0055,2,30.99,False
O008078,P0264,1,188.99,False
O008079,P0088,2,54.99,False
O008080,P0014,1,133.99,False
O008080,P0172,1,49.99,False
O008081,P0074,1,148.99,False
O008082,P0219,1,10.99,False
O008082,P0169,1,18.99,False
O008082,P0234,1,60.99,False
O008083,P0233,1,78.99,False
O008084,P0155,1,81.99,False
O008084,P0219,1,10.99,False
O008085,P0146,1,36.99,True
O008086,P0032,1,664.99,False
O008086,P0036,1,145.99,False
O008087,P0115,1,51.99,False
O008087,P0125,1,12.99,True
O008088,P0032,2,664.99,False
O008089,P0009,1,64.99,False
O008090,P0028,1,284.99,False
O008090,P0219,1,10.99,False
O008091,P0005,2,158.99,False
O008092,P0014,1,133.99,False
O008093,P0293,1,43.99,False
O008094,P0186,1,56.99,False
O008094,P0078,1,17.99,False
O008095,P0170,1,23.99,False
O008096,P0263,2,22.99,False
O008097,P0133,1,105.99,False
O008098,P0037,1,111.99,True
O008099,P0295,1,13.99,False
O008100,P0123,1,84.99,False
O008101,P0216,2,23.99,False
O008102,P0293,1,43.99,False
O008103,P0020,1,102.99,True
O008103,P0240,2,76.99,False
O008104,P0203,1,48.99,False
O008105,P0214,1,16.99,False
O008106,P0219,1,10.99,False
O008107,P0236,1,36.99,False
O008107,P0143,1,50.99,True
O008107,P0243,1,115.99,False
O008108,P0027,2,349.99,False
O008108,P0275,1,72.99,False
O008108,P0259,2,62.99,True
O008109,P0276,1,21.99,True
O008110,P0231,1,10.99,False
O008110,P0034,1,423.99,False
O008110,P0157,1,29.99,False
O008110,P0150,2,16.99,False
O008111,P0292,1,14.99,False
O008111,P0049,1,106.99,False
O008112,P0083,2,42.99,False
O008112,P0043,1,201.99,False
O008112,P0070,1,28.99,False
O008113,P0113,1,77.99,False
O008114,P0073,1,53.99,False
O008115,P0144,1,91.99,False
O008116,P0020,1,102.99,False
O008117,P0175,1,32.99,False
O008117,P0036,1,145.99,False
O008118,P0040,2,179.99,False
O008119,P0057,1,80.99,False
O008120,P0097,1,19.99,False
O008121,P0054,1,127.99,False
O008122,P0185,1,49.99,False
O008123,P0296,1,36.99,False
O008124,P0061,1,105.99,False
O008124,P0152,1,24.99,False
O008125,P0148,1,17.99,False
O008126,P0085,1,160.99,False
O008126,P0080,1,61.99,False
O008126,P0056,1,154.99,False
O008127,P0268,1,27.99,True
O008128,P0281,1,43.99,False
O008128,P0255,1,116.99,False
O008129,P0067,1,48.99,False
O008129,P0276,1,21.99,True
O008130,P0289,1,25.99,False
O008131,P0197,1,20.99,False
O008132,P0268,1,27.99,False
O008132,P0278,1,9.99,True
O008132,P0134,1,53.99,False
O008133,P0142,1,73.99,False
O008133,P0213,2,57.99,False
O008134,P0047,1,692.99,False
O008135,P0094,1,143.99,False
O008136,P0149,1,11.99,True
O008137,P0142,1,73.99,False
O008138,P0073,2,53.99,False
O008138,P0186,1,56.99,True
O008138,P0082,1,74.99,False
O008139,P0274,1,153.99,False
O008139,P0068,1,143.99,False
O008140,P0244,1,26.99,False
O008141,P0247,1,133.99,False
O008142,P0059,1,21.99,False
O008142,P0143,1,50.99,False
O008143,P0254,2,48.99,False
O008143,P0216,1,23.99,False
O008144,P0109,1,43.99,False
O008145,P0232,1,77.99,False
O008146,P0214,1,16.99,False
O008147,P0173,1,95.99,False
O008148,P0074,1,148.99,False
O008148,P0262,1,284.99,False
O008149,P0288,1,12.99,False
O008150,P0136,1,15.99,False
O008151,P0121,1,53.99,False
O008151,P0189,1,46.99,False
O008152,P0019,1,432.99,False
O008153,P0062,1,111.99,False
O008154,P0178,2,71.99,True
O008155,P0063,1,20.99,False
O008156,P0078,1,17.99,False
O008157,P0115,2,51.99,False
O008157,P0010,1,109.99,False
O008158,P0117,1,32.99,False
O008158,P0155,1,81.99,False
O008158,P0001,2,444.99,False
O008159,P0027,1,349.99,False
O008160,P0278,2,9.99,False
O008161,P0051,2,45.99,False
O008162,P0202,1,14.99,False
O008163,P0183,1,61.99,True
O008164,P0147,1,82.99,False
O008165,P0261,1,147.99,True
O008165,P0030,1,91.99,False
O008166,P0069,1,15.99,False
O008166,P0300,2,28.99,False
O008167,P0205,1,48.99,False
O008167,P0271,1,30.99,False
O008167,P0217,1,16.99,False
O008167,P0011,1,71.99,True
O008168,P0097,1,19.99,False
O008169,P0154,1,39.99,False
O008169,P0127,1,16.99,False
O008170,P0294,1,39.99,False
O008171,P0225,1,76.99,False
O008171,P0252,1,85.99,False
O008171,P0179,1,34.99,True
O008172,P0252,2,85.99,False
O008173,P0068,1,143.99,False
O008173,P0037,1,111.99,False
O008173,P0274,1,153.99,False
O008174,P0188,2,26.99,False
O008175,P0093,1,37.99,False
O008176,P0175,1,32.99,False
O008177,P0081,1,16.99,False
O008177,P0213,1,57.99,False
O008178,P0014,1,133.99,False
O008179,P0182,1,12.99,True
O008179,P0253,1,246.99,True
O008180,P0174,1,87.99,False
O008180,P0063,1,20.99,False
O008181,P0039,3,117.99,False
O008182,P0263,1,22.99,False
O008183,P0147,1,82.99,False
O008184,P0034,1,423.99,False
O008185,P0025,1,42.99,False
O008186,P0078,1,17.99,False
O008187,P0006,1,525.99,False
O008187,P0193,1,79.99,False
O008188,P0083,1,42.99,False
O008189,P0208,1,8.99,False
O008190,P0134,2,53.99,False
O008191,P0284,1,26.99,False
O008192,P0298,2,6.99,False
O008192,P0198,1,14.99,False
O008193,P0144,1,91.99,False
O008194,P0056,1,154.99,False
O008194,P0234,1,60.99,False
O008195,P0171,1,22.99,False
O008196,P0074,1,148.99,False
O008197,P0183,1,61.99,False
O008198,P0132,1,51.99,False
O008199,P0285,1,38.99,False
O008199,P0176,1,115.99,True
O008200,P0112,1,163.99,False
O008201,P0082,1,74.99,False
O008201,P0137,1,31.99,False
O008202,P0186,1,56.99,False
O008203,P0018,1,320.99,True
O008204,P0265,1,24.99,False
O008205,P0022,1,47.99,False
O008206,P0107,1,31.99,False
O008207,P0194,1,65.99,False
O008207,P0136,1,15.99,False
O008208,P0042,1,174.99,False
O008209,P0147,1,82.99,False
O008210,P0033,1,103.99,False
O008211,P0264,2,188.99,False
O008212,P0240,1,76.99,False
O008212,P0174,2,87.99,True
O008213,P0011,1,71.99,False
O008214,P0179,2,34.99,False
O008214,P0280,1,12.99,False
O008215,P0029,1,57.99,False
O008216,P0178,1,71.99,True
O008217,P0028,1,284.99,False
O008217,P0274,1,153.99,False
O008218,P0139,1,24.99,False
O008218,P0027,1,349.99,False
O008218,P0230,1,61.99,False
O008219,P0295,1,13.99,False
O008219,P0259,1,62.99,False
O008220,P0030,1,91.99,False
O008220,P0055,1,30.99,False
O008221,P0284,1,26.99,False
O008221,P0076,1,21.99,False
O008222,P0136,1,15.99,False
O008223,P0112,2,163.99,False
O008224,P0269,1,219.99,False
O008224,P0120,1,132.99,False
O008224,P0028,1,284.99,False
O008225,P0015,2,61.99,True
O008226,P0290,1,15.99,False
O008227,P0070,2,28.99,False
O008228,P0276,2,21.99,False
O008229,P0187,1,93.99,False
O008230,P0106,1,37.99,False
O008231,P0085,1,160.99,False
O008232,P0292,1,14.99,False
O008233,P0223,1,11.99,False
O008234,P0050,1,88.99,True
O008235,P0176,1,115.99,False
O008236,P0110,1,134.99,True
O008237,P0230,1,61.99,False
O008238,P0193,1,79.99,False
O008239,P0097,1,19.99,False
O008239,P0198,3,14.99,False
O008239,P0284,1,26.99,False
O008240,P0138,1,30.99,False
O008241,P0193,1,79.99,False
O008242,P0296,1,36.99,False
O008243,P0042,2,174.99,False
O008243,P0236,1,36.99,False
O008244,P0244,1,26.99,False
O008245,P0247,1,133.99,False
O008246,P0205,1,48.99,False
O008246,P0203,1,48.99,False
O008247,P0242,1,19.99,False
O008247,P0208,1,8.99,False
O008248,P0177,1,66.99,False
O008249,P0269,1,219.99,False
O008249,P0092,1,215.99,False
O008249,P0160,1,36.99,False
O008249,P0133,1,105.99,False
O008250,P0039,2,117.99,False
O008251,P0245,1,27.99,False
O008251,P0097,1,19.99,False
O008252,P0108,1,22.99,False
O008253,P0262,1,284.99,False
O008254,P0265,1,24.99,False
O008255,P0033,1,103.99,False
O008256,P0053,2,200.99,False
O008256,P0237,1,31.99,False
O008257,P0279,1,37.99,False
O008258,P0191,1,62.99,False
O008258,P0139,2,24.99,False
O008259,P0128,1,61.99,False
O008260,P0244,1,26.99,False
O008261,P0021,1,77.99,False
O008262,P0185,1,49.99,False
O008263,P0252,2,85.99,False
O008264,P0064,1,58.99,False
O008264,P0093,1,37.99,False
O008265,P0205,1,48.99,False
O008266,P0010,1,109.99,False
O008266,P0232,1,77.99,False
O008266,P0129,1,13.99,False
O008267,P0009,1,64.99,False
O008268,P0016,1,316.99,False
O008268,P0226,1,49.99,False
O008269,P0294,1,39.99,False
O008269,P0098,1,21.99,True
O008270,P0162,1,52.99,False
O008270,P0059,1,21.99,False
O008271,P0048,2,126.99,False
O008272,P0272,2,40.99,True
O008272,P0283,1,6.99,False
O008273,P0079,1,78.99,False
O008273,P0103,2,141.99,False
O008274,P0250,2,281.99,False
O008275,P0260,1,20.99,False
O008276,P0248,2,224.99,False
O008276,P0115,1,51.99,False
O008276,P0183,1,61.99,False
O008277,P0078,1,17.99,False
O008277,P0197,1,20.99,False
O008278,P0115,1,51.99,False
O008278,P0282,1,7.99,False
O008279,P0094,1,143.99,False
O008280,P0227,1,20.99,False
O008280,P0164,2,83.99,False
O008281,P0232,2,77.99,False
O008281,P0058,1,133.99,False
O008282,P0127,2,16.99,False
O008283,P0021,2,77.99,False
O008284,P0049,1,106.99,False
O008285,P0201,1,13.99,False
O008285,P0218,1,40.99,False
O008286,P0010,1,109.99,False
O008286,P0052,2,410.99,False
O008287,P0276,1,21.99,False
O008287,P0088,1,54.99,False
O008287,P0246,-1,46.99,False
O008288,P0153,1,28.99,False
O008289,P0024,1,141.99,False
O008290,P0048,2,126.99,False
O008290,P0070,1,28.99,True
O008291,P0087,1,21.99,True
O008291,P0219,2,10.99,False
O008292,P0019,1,432.99,False
O008292,P0033,2,103.99,False
O008293,P0277,1,40.99,False
O008293,P0041,1,181.99,False
O008293,P0146,2,36.99,True
O008294,P0009,2,64.99,False
O008294,P0084,1,16.99,False
O008294,P0135,1,38.99,False
O008295,P0151,1,27.99,False
O008295,P0223,1,11.99,False
O008296,P0254,1,48.99,False
O008297,P0029,2,57.99,False
O008298,P0130,1,60.99,False
O008298,P0115,1,51.99,False
O008299,P0214,2,16.99,False
O008299,P0182,1,12.99,True
O008300,P0111,1,240.99,False
O008300,P0169,2,18.99,False
O008301,P0275,1,72.99,False
O008302,P0126,2,66.99,False
O008303,P0198,1,14.99,False
O008304,P0294,1,39.99,False
O008305,P0081,1,16.99,False
O008306,P0214,1,16.99,False
O008307,P0056,1,154.99,False
O008307,P0162,2,52.99,False
O008307,P0128,1,61.99,False
O008308,P0267,2,45.99,False
O008309,P0276,1,21.99,False
O008310,P0165,2,84.99,False
O008311,P0240,1,76.99,False
O008312,P0026,1,65.99,False
O008313,P0074,-1,148.99,False
O008314,P0058,1,133.99,False
O008315,P0271,1,30.99,False
O008316,P0251,2,213.99,False
O008316,P0236,1,36.99,False
O008317,P0100,1,30.99,False
O008317,P0131,1,17.99,False
O008318,P0169,1,18.99,True
O008318,P0119,2,186.99,False
O008319,P0079,1,78.99,False
O008320,P0148,1,17.99,False
O008320,P0172,1,49.99,False
O008321,P0039,1,117.99,False
O008321,P0241,1,15.99,False
O008321,P0259,2,62.99,False
O008322,P0019,1,432.99,False
O008323,P0019,2,432.99,False
O008323,P0066,1,88.99,False
O008324,P0109,1,43.99,False
O008324,P0160,1,36.99,False
O008325,P0038,1,67.99,False
O008326,P0291,1,8.99,False
O008327,P0232,1,77.99,False
O008328,P0177,1,66.99,False
O008328,P0115,1,51.99,False
O008329,P0257,1,34.99,False
O008330,P0020,1,102.99,True
O008330,P0145,1,39.99,True
O008330,P0158,1,34.99,False
O008331,P0223,1,11.99,False
O008332,P0139,1,24.99,False
O008333,P0025,1,42.99,False
O008333,P0192,1,30.99,False
O008333,P0166,1,84.99,False
O008334,P0101,1,84.99,True
O008335,P0236,1,36.99,False
O008336,P0272,1,40.99,False
O008337,P0057,1,80.99,False
O008337,P0280,1,12.99,False
O008338,P0098,1,21.99,False
O008339,P0164,1,83.99,False
O008339,P0151,1,27.99,False
O008340,P0107,1,31.99,False
O008341,P0265,1,24.99,False
O008342,P0124,1,70.99,False
O008342,P0161,2,14.99,False
O008343,P0236,2,36.99,False
O008343,P0167,1,40.99,True
O008344,P0015,1,61.99,False
O008344,P0148,2,17.99,False
O008344,P0018,2,320.99,False
O008345,P0154,1,39.99,False
O008345,P0050,1,88.99,False
O008345,P0223,2,11.99,False
O008346,P0120,1,132.99,False
O008346,P0252,1,85.99,False
O008347,P0273,2,30.99,False
O008347,P0277,1,40.99,False
O008347,P0077,1,32.99,False
O008347,P0071,1,171.99,False
O008348,P0293,2,43.99,False
O008348,P0195,1,18.99,False
O008348,P0206,1,35.99,False
O008349,P0133,1,105.99,False
O008349,P0296,1,36.99,False
O008349,P0116,1,19.99,False
O008350,P0290,1,15.99,False
O008350,P0155,1,81.99,False
O008351,P0145,1,39.99,True
O008351,P0047,1,692.99,False
O008352,P0084,1,16.99,False
O008353,P0150,1,16.99,False
O008354,P0153,1,28.99,False
O008355,P0120,2,132.99,False
O008356,P0223,2,11.99,False
O008357,P0112,1,163.99,False
O008358,P0274,2,153.99,False
O008358,P0235,1,14.99,False
O008359,P0282,1,7.99,False
O008360,P0124,2,70.99,True
O008361,P0144,1,91.99,False
O008362,P0227,1,20.99,False
O008362,P0275,2,72.99,False
O008363,P0095,1,33.99,False
O008364,P0191,2,62.99,False
O008364,P0086,2,133.99,False
O008364,P0297,1,11.99,False
O008365,P0010,2,109.99,False
O008365,P0016,1,316.99,False
O008366,P0269,1,219.99,False
O008367,P0085,1,160.99,False
O008368,P0088,1,54.99,False
O008368,P0025,1,42.99,False
O008369,P0092,1,215.99,False
O008370,P0044,1,650.99,False
O008370,P0159,1,96.99,False
O008370,P0155,1,81.99,False
O008371,P0278,1,9.99,False
O008371,P0044,1,650.99,False
O008371,P0096,1,168.99,False
O008372,P0232,1,77.99,False
O008373,P0165,1,84.99,True
O008373,P0166,1,84.99,False
O008373,P0155,1,81.99,False
O008374,P0269,1,219.99,False
O008374,P0182,1,12.99,False
O008375,P0224,2,65.99,False
O008376,P0259,1,62.99,False
O008376,P0269,2,219.99,False
O008377,P0203,1,48.99,False
O008378,P0169,1,18.99,False
O008378,P0282,0,7.99,False
O008379,P0096,1,168.99,False
O008379,P0137,3,31.99,False
O008380,P0162,1,52.99,False
O008380,P0190,1,17.99,False
O008381,P0154,1,39.99,False
O008381,P0213,1,57.99,False
O008382,P0264,1,188.99,False
O008383,P0053,1,200.99,False
O008384,P0290,1,15.99,False
O008384,P0044,2,650.99,False
O008385,P0024,2,141.99,False
O008386,P0156,1,116.99,False
O008387,P0292,1,14.99,False
O008388,P0097,2,19.99,False
O008389,P0056,1,154.99,False
O008390,P0251,1,213.99,False
O008391,P0282,1,7.99,False
O008392,P0093,1,37.99,False
O008393,P0080,1,61.99,False
O008394,P0093,2,37.99,False
O008395,P0029,1,57.99,False
O008396,P0122,1,47.99,False
O008397,P0284,1,26.99,False
O008398,P0082,1,74.99,False
O008399,P0010,1,109.99,False
O008399,P0141,1,59.99,False
O008400,P0278,2,9.99,False
O008400,P0161,1,14.99,False
O008400,P0080,1,61.99,False
O008400,P0181,1,100.99,False
O008401,P0288,1,12.99,False
O008402,P0071,1,171.99,False
O008403,P0037,1,111.99,False
O008404,P0167,1,40.99,True
O008405,P0125,1,12.99,False
O008406,P0224,1,65.99,False
O008407,P0047,1,692.99,False
O008408,P0015,1,61.99,False
O008409,P0015,2,61.99,False
O008409,P0044,1,650.99,False
O008409,P0219,2,10.99,False
O008409,P0176,1,115.99,False
O008410,P0095,1,33.99,False
O008411,P0083,2,42.99,False
O008412,P0238,1,32.99,False
O008412,P0194,1,65.99,False
O008413,P0247,1,133.99,False
O008414,P0031,1,372.99,True
O008415,P0155,1,81.99,False
O008415,P0085,1,160.99,False
O008416,P0196,2,22.99,False
O008417,P0074,2,148.99,False
O008417,P0255,2,116.99,False
O008418,P0203,1,48.99,False
O008419,P0211,2,39.99,False
O008420,P0264,2,188.99,False
O008421,P0132,1,51.99,False
O008421,P0172,1,49.99,False
O008422,P0012,1,321.99,False
O008422,P0237,1,31.99,False
O008422,P0227,2,20.99,False
O008423,P0083,2,42.99,False
O008424,P0054,1,127.99,False
O008424,P0016,1,316.99,False
O008425,P0199,2,16.99,False
O008425,P0048,1,126.99,False
O008426,P0125,1,12.99,False
O008426,P0061,1,105.99,False
O008426,P0033,1,103.99,False
O008426,P0237,1,31.99,False
O008427,P0103,1,141.99,False
O008427,P0152,1,24.99,False
O008427,P0224,2,65.99,False
O008428,P0051,1,45.99,False
O008429,P0277,1,40.99,False
O008430,P0083,1,42.99,False
O008431,P0189,1,46.99,False
O008431,P0049,1,106.99,True
O008432,P0223,1,11.99,False
O008433,P0041,1,181.99,False
O008434,P0005,1,158.99,False
O008435,P0111,1,240.99,False
O008435,P0017,1,166.99,False
O008435,P0025,1,42.99,False
O008436,P0112,1,163.99,False
O008437,P0265,1,24.99,False
O008437,P0017,1,166.99,True
O008438,P0089,1,31.99,False
O008438,P0139,1,24.99,False
O008439,P0062,1,111.99,False
O008440,P0026,1,65.99,False
O008441,P0216,1,23.99,False
O008441,P0036,1,145.99,False
O008441,P0026,1,65.99,False
O008441,P0168,1,50.99,False
O008442,P0160,1,36.99,False
O008442,P0221,1,13.99,False
O008442,P0261,1,147.99,False
O008442,P0242,1,19.99,False
O008443,P0260,1,20.99,False
O008443,P0259,1,62.99,False
O008444,P0218,2,40.99,False
O008445,P0093,1,37.99,False
O008446,P0103,1,141.99,False
O008446,P0214,1,16.99,False
O008447,P0181,1,100.99,False
O008448,P0035,1,281.99,False
O008448,P0104,1,20.99,True
O008448,P0171,1,22.99,False
O008448,P0096,1,168.99,False
O008449,P0098,1,21.99,False
O008449,P0068,1,143.99,False
O008449,P0264,1,188.99,False
O008450,P0262,1,284.99,False
O008451,P0102,1,55.99,False
O008451,P0182,2,12.99,False
O008452,P0171,1,22.99,False
O008453,P0012,1,321.99,False
O008454,P0106,2,37.99,False
O008455,P0154,1,39.99,False
O008456,P0092,1,215.99,False
O008457,P0040,1,179.99,False
O008457,P0236,1,36.99,True
O008457,P0054,2,127.99,False
O008458,P0235,1,14.99,False
O008458,P0291,1,8.99,False
O008459,P0244,1,26.99,False
O008460,P0163,1,13.99,False
O008461,P0165,1,84.99,False
O008461,P0055,1,30.99,False
O008462,P0032,1,664.99,False
O008463,P0160,1,36.99,False
O008464,P0054,1,127.99,False
O008465,P0171,1,22.99,False
O008465,P0197,1,20.99,False
O008465,P0135,1,38.99,False
O008466,P0168,1,50.99,True
O008467,P0175,1,32.99,True
O008468,P0282,1,7.99,False
O008468,P0005,1,158.99,True
O008469,P0225,1,76.99,True
O008470,P0206,1,35.99,False
O008470,P0253,2,246.99,False
O008471,P0242,2,19.99,False
O008472,P0277,1,40.99,False
O008472,P0079,2,78.99,False
O008473,P0185,1,49.99,False
O008474,P0211,1,39.99,False
O008475,P0174,2,87.99,False
O008476,P0091,1,37.99,False
O008477,P0214,1,16.99,False
O008477,P0147,1,82.99,False
O008478,P0008,1,72.99,False
O008479,P0062,1,111.99,False
O008480,P0093,1,37.99,False
O008481,P0275,1,72.99,False
O008481,P0273,1,30.99,False
O008481,P0164,1,83.99,True
O008482,P0250,1,281.99,False
O008483,P0032,1,664.99,False
O008483,P0180,1,14.99,False
O008483,P0055,1,30.99,False
O008484,P0005,1,158.99,False
O008484,P0254,1,48.99,False
O008485,P0277,1,40.99,False
O008485,P0197,1,20.99,False
O008486,P0062,1,111.99,False
O008487,P0174,1,87.99,False
O008487,P0007,1,120.99,False
O008488,P0017,1,166.99,False
O008488,P0270,1,25.99,False
O008489,P0049,1,106.99,False
O008489,P0017,1,166.99,False
O008490,P0149,1,11.99,False
O008490,P0027,1,349.99,True
O008491,P0060,2,100.99,False
O008492,P0125,1,12.99,True
O008493,P0063,1,20.99,False
O008493,P0013,1,353.99,False
O008494,P0134,1,53.99,False
O008495,P0168,1,50.99,False
O008496,P0155,1,81.99,False
O008496,P0043,1,201.99,True
O008497,P0070,1,28.99,False
O008498,P0015,1,61.99,False
O008499,P0063,1,20.99,False
O008499,P0247,1,133.99,False
O008500,P0116,1,19.99,False
O008501,P0217,1,16.99,False
O008502,P0224,2,65.99,False
O008503,P0154,1,39.99,False
O008503,P0275,1,72.99,False
O008504,P0008,1,72.99,False
O008505,P0118,1,97.99,False
O008505,P0014,1,133.99,False
O008506,P0195,1,18.99,False
O008506,P0248,1,224.99,False
O008506,P0070,1,28.99,False
O008507,P0100,1,30.99,False
O008507,P0171,1,22.99,False
O008508,P0074,1,148.99,False
O008509,P0195,2,18.99,False
O008509,P0047,1,692.99,True
O008510,P0068,2,143.99,False
O008510,P0024,1,141.99,False
O008511,P0180,1,14.99,False
O008511,P0077,1,32.99,False
O008512,P0072,2,49.99,True
O008513,P0006,1,525.99,False
O008514,P0102,1,55.99,False
O008514,P0078,1,17.99,False
O008515,P0155,2,81.99,False
O008516,P0053,1,200.99,False
O008517,P0222,1,7.99,False
O008518,P0102,1,55.99,False
O008519,P0179,1,34.99,True
O008520,P0269,1,219.99,False
O008520,P0099,1,79.99,False
O008521,P0032,1,664.99,False
O008522,P0109,1,43.99,False
O008522,P0287,1,14.99,False
O008522,P0112,1,163.99,False
O008522,P0124,1,70.99,False
O008523,P0102,1,55.99,False
O008524,P0272,1,40.99,False
O008525,P0025,1,42.99,True
O008526,P0139,1,24.99,True
O008527,P0002,1,53.99,False
O008527,P0064,1,58.99,True
O008528,P0129,1,13.99,True
O008528,P0071,1,171.99,False
O008528,P0296,1,36.99,False
O008528,P0280,1,12.99,False
O008529,P0236,1,36.99,False
O008530,P0139,1,24.99,False
O008530,P0099,1,79.99,False
O008530,P0182,1,12.99,False
O008531,P0053,1,200.99,False
O008531,P0002,2,53.99,False
O008532,P0286,1,43.99,False
O008532,P0262,2,284.99,False
O008533,P0250,1,281.99,False
O008534,P0268,1,27.99,False
O008534,P0247,1,133.99,False
O008535,P0179,1,34.99,False
O008536,P0016,1,316.99,False
O008537,P0253,1,246.99,False
O008538,P0008,1,72.99,False
O008539,P0272,1,40.99,False
O008540,P0008,1,72.99,False
O008541,P0141,1,59.99,False
O008542,P0227,1,20.99,False
O008542,P0202,1,14.99,False
O008543,P0233,2,78.99,False
O008544,P0106,2,37.99,False
O008545,P0217,1,16.99,False
O008546,P0297,1,11.99,False
O008547,P0259,1,62.99,True
O008548,P0014,1,133.99,False
O008548,P0258,1,60.99,False
O008549,P0173,1,95.99,False
O008549,P0259,1,62.99,False
O008550,P0033,1,103.99,False
O008551,P0093,1,37.99,False
O008551,P0027,1,349.99,False
O008552,P0050,1,88.99,False
O008552,P0111,1,240.99,False
O008552,P0098,1,21.99,False
O008553,P0045,1,55.99,False
O008554,P0052,1,410.99,False
O008555,P0273,1,30.99,False
O008556,P0152,1,24.99,False
O008557,P0199,1,16.99,False
O008558,P0122,1,47.99,False
O008558,P0059,1,21.99,False
O008559,P0288,1,,False
O008560,P0071,1,171.99,False
O008560,P0006,2,525.99,False
O008561,P0281,1,43.99,False
O008562,P0033,1,103.99,False
O008562,P0030,1,91.99,False
O008563,P0032,1,664.99,False
O008564,P0151,2,27.99,False
O008565,P0120,1,132.99,False
O008565,P0207,2,21.99,False
O008565,P0220,1,8.99,False
O008566,P0205,2,48.99,False
O008567,P0035,1,281.99,False
O008568,P0111,1,240.99,False
O008568,P0165,1,84.99,False
O008569,P0104,1,20.99,False
O008570,P0086,1,133.99,False
O008571,P0257,2,34.99,False
O008572,P0096,1,168.99,False
O008572,P0133,1,105.99,False
O008573,P0289,1,25.99,False
O008574,P0122,1,47.99,False
O008575,P0065,1,33.99,False
O008576,P0153,2,28.99,False
O008576,P0177,1,66.99,False
O008577,P0098,1,21.99,False
O008577,P0019,1,432.99,False
O008578,P0171,1,22.99,True
O008579,P0154,1,39.99,False
O008580,P0049,1,106.99,False
O008581,P0175,1,32.99,False
O008581,P0231,2,10.99,False
O008582,P0147,1,82.99,True
O008583,P0248,1,224.99,False
O008584,P0221,1,13.99,False
O008585,P0171,1,22.99,False
O008586,P0186,1,56.99,False
O008587,P0276,1,21.99,False
O008588,P0177,1,66.99,False
O008589,P0017,1,166.99,False
O008590,P0289,2,25.99,False
O008591,P0233,1,78.99,False
O008591,P0261,2,147.99,False
O008592,P0068,1,143.99,False
O008592,P0210,1,9.99,False
O008593,P0256,1,19.99,False
O008593,P0063,1,20.99,False
O008593,P0285,1,38.99,False
O008594,P0037,2,111.99,False
O008595,P0007,2,120.99,False
O008595,P0057,1,80.99,False
O008596,P0243,1,115.99,False
O008597,P0155,1,81.99,False
O008597,P0258,1,60.99,False
O008598,P0125,1,12.99,False
O008598,P0256,1,19.99,False
O008599,P0155,1,81.99,False
O008600,P0165,1,84.99,True
O008601,P0020,1,102.99,False
O008601,P0164,1,83.99,False
O008602,P0249,1,19.99,False
O008602,P0021,1,77.99,False
O008603,P0266,1,85.99,False
O008603,P0258,1,60.99,False
O008604,P0021,1,77.99,False
O008604,P0077,2,32.99,False
O008605,P0109,1,43.99,False
O008606,P0258,1,60.99,False
O008606,P0192,1,30.99,False
O008606,P0215,1,55.99,False
O008607,P0198,2,14.99,False
O008608,P0229,2,41.99,False
O008608,P0083,1,42.99,False
O008609,P0125,2,12.99,False
O008609,P0228,1,17.99,False
O008610,P0293,1,43.99,False
O008610,P0173,2,95.99,False
O008611,P0203,1,48.99,False
O008612,P0215,1,55.99,False
O008612,P0199,1,16.99,False
O008613,P0110,1,134.99,False
O008614,P0070,1,28.99,False
O008615,P0100,1,30.99,False
O008616,P0159,2,96.99,False
O008616,P0023,1,313.99,False
O008617,P0282,1,7.99,False
O008618,P0173,1,95.99,True
O008618,P0157,1,29.99,False
O008618,P0044,3,650.99,False
O008619,P0006,1,525.99,False
O008619,P0132,1,51.99,False
O008619,P0300,2,28.99,False
O008620,P0031,1,372.99,True
O008620,P0225,1,76.99,False
O008621,P0156,2,116.99,False
O008622,P0147,1,82.99,True
O008623,P0213,1,57.99,False
O008624,P0194,2,65.99,False
O008624,P0216,1,23.99,False
O008624,P0134,2,53.99,False
O008624,P0127,1,16.99,False
O008625,P0015,1,61.99,False
O008626,P0141,1,59.99,False
O008626,P0155,2,81.99,False
O008627,P0206,1,35.99,False
O008628,P0192,1,30.99,False
O008628,P0008,1,72.99,False
O008629,P0126,2,66.99,False
O008630,P0109,3,43.99,False
O008631,P0288,1,12.99,False
O008632,P0156,1,116.99,False
O008633,P0144,1,91.99,False
O008634,P0119,2,186.99,False
O008635,P0210,1,9.99,False
O008635,P0169,1,18.99,False
O008635,P0179,1,34.99,False
O008636,P0146,1,36.99,False
O008637,P0162,1,52.99,False
O008638,P0002,1,53.99,False
O008639,P0241,2,15.99,False
O008640,P0254,1,48.99,False
O008640,P0258,1,60.99,False
O008641,P0146,1,36.99,False
O008641,P0232,1,77.99,False
O008642,P0267,1,45.99,False
O008643,P0048,1,126.99,False
O008644,P0041,1,181.99,False
O008644,P0103,2,141.99,False
O008645,P0176,1,115.99,False
O008646,P0115,1,51.99,False
O008647,P0266,1,85.99,False
O008647,P0135,1,38.99,False
O008648,P0004,1,715.99,False
O008648,P0053,1,200.99,False
O008649,P0278,1,9.99,False
O008649,P0131,1,17.99,False
O008649,P0004,1,715.99,False
O008650,P0201,1,13.99,False
O008651,P0269,1,219.99,False
O008652,P0185,1,49.99,True
O008653,P0286,2,43.99,False
O008654,P0100,1,30.99,True
O008655,P0284,1,26.99,False
O008656,P0135,1,38.99,False
O008657,P0300,1,28.99,False
O008658,P0199,1,16.99,False
O008659,P0286,2,43.99,True
O008659,P0262,1,284.99,False
O008659,P0239,1,37.99,False
O008660,P0264,1,188.99,False
O008661,P0222,1,7.99,False
O008661,P0113,1,77.99,False
O008661,P0239,1,37.99,False
O008662,P0071,1,171.99,False
O008663,P0255,1,116.99,False
O008663,P0033,1,103.99,False
O008664,P0044,2,650.99,False
O008665,P0214,1,16.99,False
O008666,P0105,2,94.99,False
O008667,P0085,1,160.99,False
O008668,P0134,1,53.99,False
O008669,P0091,1,37.99,False
O008670,P0026,1,65.99,False
O008670,P0115,1,51.99,False
O008671,P0091,1,37.99,False
O008672,P0175,1,32.99,False
O008672,P0002,1,53.99,False
O008673,P0093,1,37.99,False
O008674,P0001,1,444.99,False
O008674,P0157,1,29.99,False
O008675,P0084,1,16.99,False
O008676,P0030,1,91.99,False
O008677,P0270,1,25.99,False
O008678,P0021,1,77.99,False
O008679,P0004,1,715.99,False
O008680,P0182,1,12.99,False
O008681,P0188,1,26.99,True
O008681,P0018,1,320.99,False
O008681,P0209,1,22.99,False
O008681,P0268,2,27.99,False
O008682,P0100,1,30.99,False
O008683,P0039,2,117.99,False
O008684,P0262,1,284.99,True
O008685,P0041,1,181.99,False
O008686,P0130,2,60.99,False
O008686,P0037,1,111.99,True
O008687,P0246,1,46.99,True
O008687,P0074,1,148.99,False
O008688,P0081,1,16.99,False
O008689,P0219,1,10.99,False
O008690,P0113,2,77.99,False
O008690,P0026,1,65.99,False
O008691,P0026,1,65.99,True
O008692,P0129,1,13.99,False
O008693,P0255,2,116.99,False
O008694,P0263,1,22.99,False
O008695,P0106,1,37.99,False
O008695,P0093,1,37.99,False
O008695,P0170,1,23.99,False
O008696,P0119,1,186.99,False
O008697,P0056,1,154.99,False
O008698,P0266,1,85.99,False
O008698,P0143,1,50.99,False
O008699,P0003,1,461.99,False
O008700,P0154,1,39.99,True
O008701,P0186,1,56.99,False
O008702,P0187,1,93.99,False
O008702,P0064,1,58.99,False
O008702,P0151,1,27.99,False
O008703,P0196,1,22.99,False
O008704,P0197,1,20.99,False
O008704,P0205,2,48.99,False
O008705,P0013,2,353.99,False
O008705,P0103,1,141.99,False
O008706,P0275,1,72.99,False
O008706,P0297,1,11.99,False
O008707,P0076,1,21.99,False
O008708,P0140,1,19.99,False
O008709,P0046,1,384.99,False
O008709,P0175,1,32.99,False
O008709,P0240,1,76.99,False
O008710,P0053,2,200.99,False
O008710,P0019,1,432.99,False
O008711,P0244,1,26.99,False
O008712,P0046,1,384.99,False
O008713,P0010,1,109.99,False
O008713,P0005,2,158.99,False
O008714,P0052,1,410.99,False
O008715,P0279,1,37.99,False
O008715,P0027,1,349.99,False
O008716,P0094,1,143.99,False
O008717,P0073,1,53.99,False
O008717,P0001,1,444.99,False
O008718,P0098,1,21.99,False
O008718,P0026,1,65.99,False
O008718,P0192,1,30.99,False
O008719,P0252,1,85.99,False
O008719,P0135,1,38.99,False
O008719,P0124,1,70.99,False
O008720,P0041,1,181.99,False
O008721,P0043,1,201.99,False
O008722,P0094,1,143.99,False
O008723,P0214,2,16.99,False
O008724,P0164,2,83.99,False
O008725,P0019,1,432.99,False
O008726,P0084,1,16.99,False
O008726,P0139,1,24.99,True
O008726,P0144,1,91.99,False
O008727,P0113,1,77.99,False
O008727,P0144,1,91.99,True
O008727,P0094,1,143.99,False
O008728,P0299,1,22.99,False
O008729,P0102,1,55.99,False
O008730,P0008,1,72.99,False
O008731,P0187,1,93.99,False
O008732,P0220,1,8.99,False
O008733,P0076,1,21.99,False
O008733,P0137,2,31.99,False
O008734,P0044,1,650.99,False
O008734,P0250,1,281.99,False
O008735,P0204,1,37.99,False
O008736,P0215,2,55.99,False
O008737,P0005,1,158.99,False
O008738,P0025,1,42.99,False
O008738,P0140,1,19.99,False
O008738,P0118,1,97.99,False
O008739,P0107,1,31.99,False
O008740,P0003,2,461.99,False
O008741,P0123,1,84.99,False
O008742,P0257,1,34.99,False
O008743,P0248,1,224.99,False
O008744,P0179,1,34.99,False
O008745,P0055,1,30.99,False
O008746,P0057,1,80.99,False
O008747,P0113,1,77.99,False
O008748,P0001,1,444.99,False
O008749,P0239,1,37.99,False
O008750,P0067,1,48.99,False
O008751,P0126,1,66.99,False
O008751,P0175,1,32.99,False
O008751,P0288,1,12.99,False
O008752,P0171,1,22.99,False
O008753,P0065,2,33.99,False
O008753,P0090,1,28.99,False
O008753,P0232,2,77.99,False
O008754,P0050,1,88.99,False
O008755,P0163,1,13.99,False
O008756,P0031,2,372.99,False
O008757,P0295,1,13.99,False
O008757,P0236,2,36.99,False
O008758,P0070,0,28.99,False
O008759,P0031,1,372.99,False
O008760,P0059,1,21.99,False
O008761,P0167,1,40.99,False
O008761,P0053,1,200.99,False
O008762,P0201,1,13.99,False
O008763,P0145,1,39.99,True
O008764,P0019,1,432.99,False
O008765,P0259,1,62.99,False
O008766,P0049,1,106.99,False
O008767,P0225,2,76.99,False
O008767,P0130,2,60.99,False
O008768,P0266,1,85.99,False
O008769,P0080,1,61.99,False
O008769,P0092,1,215.99,False
O008770,P0183,1,61.99,False
O008771,P0206,1,35.99,False
O008772,P0284,1,26.99,False
O008773,P0055,1,30.99,False
O008773,P0223,1,11.99,False
O008774,P0286,2,43.99,False
O008775,P0132,1,51.99,True
O008776,P0290,1,15.99,False
O008777,P0004,1,715.99,False
O008778,P0228,2,17.99,False
O008779,P0233,1,78.99,False
O008780,P0167,1,40.99,True
O008780,P0257,1,34.99,False
O008781,P0293,2,43.99,False
O008782,P0160,1,36.99,False
O008783,P0172,1,49.99,False
O008783,P0176,1,115.99,False
O008783,P0116,1,19.99,False
O008783,P0273,1,30.99,False
O008783,P0060,1,100.99,False
O008784,P0159,1,96.99,False
O008785,P0237,1,31.99,False
O008785,P0116,1,19.99,False
O008785,P0258,1,60.99,False
O008786,P0243,1,115.99,False
O008786,P0025,2,42.99,False
O008787,P0070,1,28.99,False
O008788,P0047,1,692.99,False
O008788,P0071,1,171.99,False
O008789,P0042,1,174.99,False
O008790,P0049,1,106.99,False
O008790,P0216,1,23.99,False
O008790,P0224,1,65.99,False
O008791,P0027,1,349.99,False
O008791,P0067,1,48.99,False
O008792,P0184,1,75.99,False
O008793,P0239,1,37.99,False
O008793,P0209,1,22.99,False
O008794,P0182,1,12.99,False
O008794,P0079,1,78.99,False
O008794,P0245,1,27.99,False
O008795,P0203,1,48.99,False
O008795,P0220,1,8.99,False
O008796,P0019,2,432.99,False
O008797,P0293,1,43.99,False
O008798,P0142,1,73.99,False
O008798,P0014,1,133.99,False
O008798,P0152,1,24.99,False
O008798,P0204,1,37.99,False
O008799,P0128,1,61.99,False
O008800,P0195,1,18.99,False
O008801,P0077,1,32.99,False
O008802,P0251,1,213.99,False
O008802,P0238,2,32.99,False
O008803,P0143,1,50.99,False
O008803,P0154,1,39.99,False
O008804,P0130,2,60.99,False
O008805,P0247,2,133.99,True
O008805,P0205,1,48.99,False
O008806,P0222,2,7.99,False
O008807,P0069,1,15.99,False
O008808,P0150,1,16.99,False
O008809,P0068,1,143.99,False
O008810,P0067,2,48.99,False
O008811,P0151,1,27.99,True
O008812,P0193,1,79.99,False
O008812,P0215,1,55.99,False
O008813,P0067,1,48.99,False
O008813,P0057,1,80.99,False
O008814,P0229,1,41.99,False
O008815,P0207,1,21.99,False
O008816,P0266,1,85.99,False
O008816,P0068,1,143.99,False
O008817,P0025,2,42.99,False
O008817,P0070,1,28.99,False
O008818,P0292,1,14.99,False
O008819,P0087,1,21.99,False
O008820,P0288,2,12.99,False
O008820,P0124,1,70.99,False
O008821,P0099,1,79.99,False
O008822,P0124,1,70.99,True
O008822,P0223,1,11.99,False
O008823,P0187,1,93.99,False
O008824,P0271,1,30.99,False
O008825,P0154,1,39.99,False
O008826,P0110,1,134.99,False
O008827,P0010,1,109.99,False
O008827,P0257,1,34.99,False
O008827,P0186,1,56.99,True
O008828,P0183,1,61.99,False
O008828,P0280,1,12.99,False
O008829,P0023,1,313.99,False
O008830,P0228,1,17.99,False
O008831,P0166,1,84.99,False
O008831,P0106,1,37.99,False
O008831,P0040,1,179.99,False
O008832,P0207,3,21.99,False
O008833,P0129,1,13.99,False
O008834,P0071,1,171.99,False
O008834,P0230,2,61.99,False
O008835,P0114,1,152.99,False
O008836,P0224,1,65.99,False
O008837,P0210,2,9.99,False
O008838,P0106,1,37.99,False
O008839,P0063,1,20.99,False
O008840,P0014,1,133.99,False
O008841,P0008,1,72.99,False
O008841,P0140,1,19.99,False
O008842,P0158,1,34.99,False
O008843,P0015,1,61.99,False
O008843,P0278,1,9.99,False
O008844,P0237,1,31.99,False
O008844,P0097,1,19.99,False
O008845,P0013,2,353.99,False
O008846,P0204,1,37.99,False
O008847,P0296,3,36.99,False
O008848,P0252,1,85.99,False
O008849,P0076,2,21.99,False
O008850,P0297,2,11.99,False
O008851,P0099,1,79.99,True
O008851,P0254,2,48.99,False
O008852,P0193,2,79.99,False
O008852,P0256,1,19.99,True
O008853,P0136,1,15.99,False
O008853,P0240,1,76.99,True
O008854,P0239,2,37.99,False
O008855,P0083,1,42.99,True
O008855,P0098,1,21.99,False
O008856,P0257,1,34.99,False
O008856,P0168,1,50.99,False
O008857,P0069,1,15.99,False
O008858,P0210,1,9.99,False
O008859,P0087,2,21.99,False
O008860,P0211,1,39.99,False
O008861,P0165,1,84.99,False
O008862,P0184,1,75.99,False
O008862,P0164,2,83.99,True
O008863,P0022,2,47.99,False
O008864,P0049,1,106.99,True
O008864,P0292,2,14.99,False
O008865,P0201,1,13.99,False
O008866,P0128,1,61.99,False
O008866,P0075,1,79.99,False
O008867,P0084,1,16.99,False
O008868,P0105,1,94.99,False
O008869,P0114,1,152.99,False
O008870,P0210,0,9.99,False
O008871,P0253,1,246.99,False
O008872,P0254,1,48.99,False
O008873,P0186,2,56.99,False
O008873,P0147,1,82.99,True
O008874,P0255,1,116.99,False
O008875,P0129,1,13.99,False
O008876,P0293,1,43.99,False
O008876,P0072,1,49.99,False
O008876,P0135,2,38.99,False
O008877,P0181,1,100.99,False
O008878,P0135,2,38.99,False
O008878,P0092,1,215.99,False
O008879,P0195,1,18.99,False
O008880,P0233,2,78.99,False
O008880,P0032,1,664.99,False
O008881,P0129,1,13.99,False
O008882,P0015,2,61.99,False
O008883,P0155,1,81.99,False
O008884,P0037,1,111.99,False
O008884,P0131,1,17.99,False
O008885,P0167,1,40.99,False
O008886,P0183,1,61.99,False
O008887,P0033,2,103.99,False
O008888,P0181,1,100.99,False
O008889,P0094,2,143.99,True
O008890,P0209,1,22.99,False
O008891,P0212,1,20.99,False
O008891,P0261,1,147.99,False
O008891,P0173,1,95.99,False
O008891,P0283,1,6.99,False
O008892,P0246,1,46.99,False
O008892,P0201,1,13.99,False
O008893,P0254,1,48.99,False
O008894,P0235,1,14.99,False
O008894,P0206,1,35.99,False
O008895,P0129,1,13.99,False
O008895,P0216,1,23.99,False
O008895,P0299,1,22.99,False
O008896,P0016,1,316.99,False
O008897,P0239,1,37.99,False
O008897,P0054,1,127.99,False
O008897,P0209,1,22.99,False
O008898,P0285,1,38.99,False
O008899,P0118,1,97.99,False
O008900,P0159,1,96.99,False
O008901,P0261,1,147.99,False
O008902,P0172,1,49.99,True
O008903,P0153,1,28.99,True
O008904,P0115,1,51.99,False
O008904,P0279,1,,False
O008904,P0109,1,43.99,False
O008904,P0267,1,45.99,False
O008905,P0195,1,18.99,False
O008906,P0230,1,61.99,False
O008907,P0110,2,134.99,False
O008908,P0195,2,18.99,False
O008909,P0262,1,284.99,False
O008910,P0196,1,22.99,False
O008911,P0045,2,55.99,False
O008912,P0175,1,32.99,False
O008913,P0018,1,320.99,False
O008914,P0023,1,,False
O008915,P0012,2,321.99,False
O008916,P0196,1,22.99,False
O008916,P0266,1,85.99,False
O008916,P0133,1,105.99,True
O008917,P0209,1,22.99,True
O008917,P0001,1,444.99,False
O008918,P0112,1,163.99,False
O008918,P0010,1,109.99,False
O008919,P0129,1,13.99,False
O008919,P0010,2,109.99,False
O008919,P0255,1,116.99,False
O008920,P0245,1,27.99,False
O008921,P0237,1,31.99,False
O008922,P0166,2,84.99,False
O008922,P0257,1,34.99,True
O008923,P0090,1,28.99,False
O008923,P0037,1,111.99,True
O008924,P0194,1,65.99,False
O008925,P0023,1,313.99,False
O008925,P0273,1,30.99,True
O008926,P0276,1,21.99,False
O008927,P0217,2,16.99,True
O008927,P0246,1,46.99,False
O008927,P0054,1,127.99,False
O008927,P0191,1,62.99,False
O008928,P0081,2,16.99,False
O008928,P0218,1,40.99,True
O008929,P0139,1,24.99,False
O008930,P0085,1,160.99,False
O008931,P0172,1,49.99,False
O008931,P0056,1,154.99,False
O008932,P0136,1,15.99,False
O008932,P0009,1,64.99,False
O008933,P0244,2,26.99,False
O008934,P0085,1,160.99,False
O008935,P0012,1,321.99,False
O008935,P0008,1,72.99,False
O008936,P0123,2,84.99,False
O008936,P0050,2,88.99,False
O008937,P0235,1,14.99,False
O008938,P0140,1,19.99,False
O008939,P0281,2,43.99,False
O008939,P0196,1,22.99,False
O008940,P0131,1,17.99,False
O008941,P0189,1,46.99,False
O008941,P0157,1,29.99,False
O008942,P0237,1,31.99,False
O008943,P0085,1,160.99,False
O008944,P0049,1,106.99,False
O008945,P0124,1,70.99,False
O008946,P0203,1,48.99,False
O008947,P0224,1,65.99,False
O008947,P0053,1,200.99,False
O008947,P0094,1,143.99,False
O008947,P0197,2,20.99,False
O008948,P0289,1,25.99,False
O008949,P0007,1,120.99,False
O008950,P0276,1,21.99,False
O008951,P0067,1,48.99,False
O008952,P0109,1,43.99,False
O008953,P0161,1,14.99,False
O008953,P0057,2,80.99,False
O008954,P0196,1,22.99,False
O008955,P0153,1,28.99,False
O008956,P0065,1,33.99,False
O008957,P0100,1,30.99,False
O008958,P0277,1,40.99,False
O008959,P0137,1,31.99,False
O008959,P0068,1,143.99,False
O008960,P0135,1,38.99,False
O008961,P0272,1,40.99,False
O008962,P0026,1,65.99,False
O008962,P0126,1,66.99,False
O008963,P0001,2,444.99,False
O008964,P0252,2,85.99,False
O008964,P0161,1,14.99,False
O008965,P0047,1,692.99,False
O008965,P0058,1,133.99,False
O008966,P0151,1,27.99,True
O008967,P0057,1,80.99,False
O008968,P0015,2,61.99,False
O008968,P0003,1,461.99,False
O008969,P0137,1,31.99,False
O008970,P0057,1,80.99,False
O008971,P0159,1,96.99,False
O008972,P0159,1,96.99,False
O008973,P0041,1,181.99,False
O008974,P0239,1,37.99,False
O008975,P0242,1,19.99,False
O008976,P0275,1,72.99,False
O008976,P0072,1,49.99,False
O008977,P0239,1,37.99,False
O008978,P0227,1,20.99,False
O008978,P0142,1,73.99,False
O008979,P0202,1,14.99,False
O008980,P0029,1,57.99,False
O008981,P0075,1,79.99,False
O008982,P0237,2,31.99,False
O008983,P0184,1,75.99,False
O008983,P0151,1,27.99,True
O008984,P0236,1,36.99,False
O008985,P0238,1,32.99,False
O008986,P0096,1,168.99,False
O008986,P0051,1,45.99,False
O008987,P0120,1,132.99,False
O008988,P0239,1,37.99,False
O008989,P0023,1,313.99,False
O008990,P0153,1,28.99,False
O008990,P0039,1,117.99,False
O008991,P0181,1,100.99,False
O008992,P0115,1,51.99,False
O008993,P0134,1,53.99,False
O008994,P0002,1,53.99,False
O008994,P0245,1,27.99,False
O008995,P0155,1,81.99,False
O008995,P0200,2,30.99,False
O008996,P0029,1,57.99,False
O008997,P0246,1,46.99,False
O008998,P0045,1,55.99,False
O008999,P0162,1,52.99,True
O009000,P0285,1,38.99,False
O009001,P0236,1,36.99,False
O009002,P0170,1,23.99,False
O009003,P0036,1,145.99,False
O009003,P0155,1,81.99,False
O009003,P0013,2,353.99,False
O009004,P0047,1,692.99,False
O009005,P0080,1,61.99,False
O009006,P0124,1,70.99,False
O009006,P0119,1,186.99,False
O009006,P0239,1,37.99,False
O009006,P0151,1,27.99,False
O009007,P0029,1,57.99,False
O009007,P0159,2,96.99,False
O009008,P0231,1,10.99,False
O009008,P0117,1,32.99,False
O009008,P0079,1,78.99,False
O009009,P0025,2,42.99,True
O009010,P0130,1,60.99,False
O009011,P0081,1,16.99,False
O009011,P0135,1,38.99,False
O009012,P0037,1,111.99,False
O009013,P0271,1,30.99,False
O009014,P0249,1,19.99,True
O009015,P0123,2,84.99,False
O009015,P0016,1,316.99,True
O009015,P0202,2,14.99,False
O009016,P0169,2,18.99,False
O009017,P0293,2,43.99,False
O009018,P0022,1,47.99,False
O009019,P0110,1,134.99,False
O009020,P0206,1,35.99,False
O009021,P0110,1,134.99,False
O009022,P0118,1,97.99,False
O009022,P0101,2,84.99,False
O009023,P0033,1,103.99,False
O009023,P0246,1,46.99,False
O009023,P0121,2,53.99,False
O009023,P0234,1,60.99,False
O009024,P0221,1,13.99,False
O009025,P0107,1,31.99,False
O009026,P0286,1,43.99,False
O009027,P0254,1,48.99,False
O009027,P0278,1,9.99,False
O009028,P0097,2,19.99,False
O009028,P0176,2,115.99,False
O009029,P0169,1,18.99,True
O009029,P0015,1,61.99,True
O009029,P0044,-1,650.99,False
O009030,P0007,1,120.99,False
O009030,P0007,1,120.99,False
O009031,P0216,1,23.99,False
O009031,P0167,1,40.99,False
O009032,P0185,1,49.99,False
O009033,P0082,1,74.99,False
O009033,P0123,1,84.99,False
O009034,P0086,1,133.99,True
O009035,P0008,2,72.99,False
O009036,P0263,1,22.99,False
O009036,P0170,1,23.99,False
O009037,P0123,1,84.99,False
O009038,P0075,1,79.99,False
O009039,P0204,1,37.99,False
O009040,P0267,1,45.99,False
O009041,P0230,1,61.99,False
O009042,P0025,1,42.99,False
O009042,P0072,1,49.99,False
O009043,P0004,1,715.99,False
O009044,P0146,1,36.99,False
O009045,P0242,1,19.99,False
O009045,P0052,1,410.99,False
O009046,P0125,1,12.99,False
O009047,P0155,1,81.99,False
O009047,P0198,2,14.99,False
O009048,P0103,1,141.99,False
O009048,P0063,1,20.99,True
O009048,P0184,1,75.99,False
O009049,P0034,1,423.99,False
O009050,P0079,1,78.99,False
O009050,P0235,1,14.99,False
O009051,P0279,1,37.99,False
O009051,P0052,1,410.99,False
O009051,P0118,1,97.99,False
O009052,P0213,1,57.99,False
O009053,P0299,3,22.99,False
O009054,P0014,1,133.99,True
O009055,P0022,2,47.99,False
O009055,P0017,1,166.99,False
O009056,P0150,1,16.99,False
O009057,P0268,1,27.99,False
O009058,P0194,1,65.99,False
O009058,P0125,1,12.99,False
O009059,P0105,1,94.99,False
O009060,P0041,1,181.99,False
O009061,P0133,1,105.99,False
O009062,P0272,1,40.99,False
O009063,P0271,1,30.99,False
O009063,P0194,1,65.99,False
O009064,P0058,1,133.99,False
O009065,P0245,1,27.99,False
O009065,P0259,1,62.99,False
O009065,P0300,1,28.99,False
O009066,P0282,1,7.99,False
O009066,P0085,1,160.99,False
O009066,P0124,1,70.99,False
O009067,P0047,2,692.99,False
O009067,P0094,1,143.99,False
O009068,P0065,1,33.99,False
O009068,P0241,2,15.99,False
O009068,P0223,1,11.99,False
O009069,P0250,2,281.99,False
O009069,P0277,1,40.99,False
O009070,P0239,2,37.99,False
O009070,P0042,1,174.99,False
O009071,P0259,1,62.99,False
O009071,P0294,1,39.99,False
O009071,P0252,1,85.99,True
O009072,P0051,2,45.99,False
O009073,P0057,1,80.99,False
O009074,P0251,1,213.99,False
O009074,P0001,1,444.99,False
O009075,P0206,1,35.99,False
O009076,P0003,2,461.99,False
O009076,P0287,1,14.99,False
O009077,P0108,2,22.99,False
O009078,P0162,1,52.99,False
O009078,P0299,1,22.99,False
O009078,P0103,2,141.99,False
O009079,P0288,1,12.99,False
O009080,P0060,1,100.99,False
O009080,P0054,1,127.99,False
O009081,P0069,1,15.99,False
O009082,P0093,1,37.99,False
O009083,P0041,1,181.99,False
O009084,P0085,2,160.99,False
O009085,P0288,1,12.99,False
O009086,P0061,2,105.99,False
O009086,P0139,1,24.99,False
O009087,P0018,1,320.99,False
O009088,P0208,1,8.99,False
O009089,P0232,1,77.99,False
O009089,P0264,1,188.99,False
O009089,P0226,1,49.99,False
O009090,P0172,1,49.99,False
O009090,P0174,1,87.99,False
O009090,P0187,1,93.99,False
O009091,P0075,1,79.99,False
O009091,P0202,2,14.99,False
O009091,P0165,1,84.99,False
O009092,P0061,2,105.99,False
O009093,P0190,1,17.99,False
O009094,P0184,1,75.99,True
O009095,P0025,2,42.99,False
O009095,P0120,1,132.99,False
O009096,P0093,1,37.99,False
O009097,P0034,2,423.99,False
O009098,P0190,1,17.99,True
O009098,P0009,1,64.99,True
O009099,P0131,1,17.99,True
O009100,P0110,2,134.99,False
O009101,P0100,1,30.99,False
O009102,P0248,1,224.99,False
O009102,P0274,1,153.99,False
O009103,P0154,1,39.99,False
O009103,P0239,1,37.99,False
O009104,P0111,2,240.99,False
O009104,P0175,1,32.99,False
O009105,P0225,1,76.99,False
O009106,P0128,1,61.99,True
O009106,P0008,1,72.99,False
O009107,P0223,1,11.99,False
O009107,P0281,1,43.99,False
O009107,P0249,1,19.99,False
O009108,P0128,1,61.99,False
O009108,P0237,1,31.99,False
O009109,P0006,2,525.99,False
O009110,P0146,1,36.99,False
O009111,P0184,1,75.99,False
O009112,P0066,1,88.99,False
O009112,P0282,1,7.99,False
O009113,P0097,1,19.99,False
O009113,P0099,2,79.99,False
O009113,P0208,1,8.99,False
O009113,P0017,1,166.99,False
O009114,P0215,2,55.99,False
O009115,P0264,1,188.99,True
O009116,P0053,1,200.99,False
O009117,P0177,1,66.99,False
O009118,P0013,1,353.99,True
O009119,P0086,1,133.99,False
O009120,P0055,1,30.99,False
O009121,P0085,1,160.99,False
O009121,P0238,1,32.99,False
O009121,P0081,1,16.99,False
O009122,P0173,1,95.99,False
O009123,P0049,1,106.99,False
O009123,P0181,1,100.99,False
O009123,P0254,1,48.99,False
O009124,P0276,1,21.99,False
O009125,P0087,2,21.99,False
O009126,P0067,1,48.99,False
O009127,P0261,1,147.99,False
O009128,P0211,1,39.99,False
O009129,P0203,1,48.99,False
O009130,P0108,3,22.99,False
O009131,P0161,1,14.99,False
O009132,P0201,1,13.99,False
O009133,P0208,1,8.99,False
O009134,P0031,1,372.99,False
O009135,P0248,1,224.99,False
O009136,P0201,1,13.99,False
O009137,P0280,2,12.99,False
O009138,P0115,1,51.99,False
O009139,P0109,1,43.99,False
O009140,P0170,1,23.99,False
O009141,P0051,1,45.99,True
O009142,P0171,1,22.99,False
O009143,P0106,1,37.99,False
O009144,P0264,1,188.99,False
O009145,P0125,1,12.99,False
O009146,P0082,1,74.99,False
O009147,P0162,2,52.99,False
O009148,P0259,1,62.99,False
O009149,P0089,1,31.99,False
O009150,P0028,1,284.99,False
O009150,P0133,1,105.99,False
O009151,P0201,1,13.99,False
O009151,P0134,2,53.99,False
O009152,P0163,1,13.99,False
O009153,P0101,1,84.99,False
O009154,P0015,1,61.99,False
O009155,P0001,2,444.99,False
O009156,P0126,2,66.99,False
O009156,P0046,1,384.99,True
O009156,P0271,1,30.99,True
O009157,P0181,1,100.99,False
O009158,P0211,1,39.99,False
O009158,P0188,1,26.99,False
O009158,P0032,1,664.99,False
O009159,P0274,2,153.99,False
O009159,P0286,1,43.99,False
O009160,P0044,1,650.99,False
O009161,P0022,1,47.99,False
O009161,P0090,1,28.99,False
O009161,P0195,1,18.99,False
O009162,P0130,3,60.99,False
O009162,P0260,1,20.99,False
O009162,P0185,1,49.99,False
O009163,P0165,1,84.99,True
O009164,P0134,2,53.99,False
O009164,P0240,1,76.99,False
O009165,P0234,1,60.99,False
O009165,P0085,1,160.99,False
O009166,P0034,1,423.99,False
O009166,P0122,1,47.99,False
O009166,P0224,1,65.99,False
O009167,P0285,1,38.99,False
O009167,P0122,1,47.99,True
O009168,P0296,1,36.99,True
O009168,P0193,1,79.99,False
O009169,P0292,1,14.99,False
O009169,P0135,1,38.99,False
O009170,P0212,1,20.99,False
O009170,P0206,1,35.99,False
O009171,P0001,1,444.99,False
O009172,P0179,1,34.99,False
O009172,P0172,2,49.99,False
O009173,P0031,2,372.99,False
O009174,P0037,1,111.99,False
O009175,P0017,1,166.99,False
O009176,P0261,1,147.99,False
O009177,P0077,1,32.99,False
O009177,P0172,2,49.99,False
O009178,P0018,1,320.99,False
O009179,P0045,1,55.99,True
O009179,P0291,1,8.99,False
O009180,P0300,1,28.99,False
O009181,P0107,2,31.99,False
O009181,P0232,1,77.99,False
O009182,P0048,1,126.99,False
O009183,P0061,1,105.99,False
O009184,P0191,1,62.99,False
O009185,P0293,1,43.99,False
O009186,P0039,1,117.99,False
O009187,P0144,1,91.99,True
O009188,P0252,2,85.99,False
O009189,P0262,2,284.99,False
O009189,P0219,2,10.99,False
O009190,P0169,1,18.99,True
O009190,P0268,1,27.99,False
O009191,P0096,2,168.99,False
O009192,P0125,1,12.99,False
O009193,P0215,1,55.99,False
O009194,P0232,1,77.99,False
O009195,P0112,1,163.99,False
O009195,P0088,1,54.99,False
O009196,P0091,1,37.99,False
O009197,P0132,1,51.99,False
O009198,P0011,1,71.99,False
O009198,P0173,1,95.99,False
O009199,P0183,1,61.99,False
O009199,P0186,1,56.99,False
O009199,P0128,1,61.99,False
O009199,P0265,1,24.99,False
O009199,P0097,2,19.99,False
O009200,P0234,1,60.99,False
O009201,P0177,2,66.99,False
O009202,P0259,1,62.99,False
O009203,P0193,1,79.99,False
O009203,P0065,1,33.99,False
O009203,P0129,2,13.99,False
O009204,P0158,1,34.99,False
O009205,P0157,1,29.99,False
O009206,P0107,1,31.99,False
O009207,P0284,1,26.99,False
O009208,P0006,1,525.99,False
O009209,P0210,1,9.99,False
O009210,P0041,1,181.99,False
O009211,P0124,1,70.99,False
O009211,P0190,1,17.99,True
O009212,P0060,1,100.99,True
O009213,P0205,1,48.99,False
O009213,P0082,2,74.99,False
O009214,P0147,1,82.99,True
O009215,P0136,1,15.99,False
O009215,P0275,1,72.99,False
O009215,P0151,1,27.99,False
O009216,P0109,1,43.99,False
O009217,P0026,1,65.99,False
O009218,P0025,1,42.99,False
O009218,P0175,1,32.99,False
O009218,P0208,1,8.99,False
O009219,P0046,1,384.99,False
O009219,P0142,2,73.99,False
O009220,P0118,2,97.99,False
O009221,P0204,1,37.99,False
O009222,P0283,1,6.99,False
O009223,P0228,1,17.99,False
O009224,P0083,1,42.99,False
O009225,P0224,1,65.99,False
O009225,P0038,1,67.99,False
O009225,P0200,1,30.99,False
O009226,P0007,1,120.99,True
O009227,P0220,1,8.99,False
O009228,P0003,1,461.99,False
O009228,P0125,1,12.99,True
O009229,P0223,1,11.99,False
O009229,P0260,1,20.99,False
O009229,P0271,1,30.99,False
O009230,P0235,1,14.99,False
O009231,P0129,2,13.99,True
O009231,P0274,1,153.99,False
O009232,P0093,1,37.99,False
O009232,P0019,1,432.99,False
O009232,P0299,2,22.99,False
O009233,P0230,1,61.99,False
O009234,P0255,2,116.99,True
O009235,P0054,1,127.99,True
O009235,P0202,1,14.99,False
O009236,P0139,1,24.99,True
O009237,P0068,1,143.99,False
O009237,P0028,1,284.99,False
O009237,P0025,1,42.99,False
O009238,P0171,1,22.99,False
O009238,P0162,2,52.99,False
O009239,P0014,1,133.99,False
O009239,P0043,1,201.99,False
O009240,P0143,1,50.99,False
O009241,P0006,1,525.99,False
O009242,P0217,1,16.99,False
O009243,P0017,1,166.99,False
O009243,P0239,2,37.99,False
O009244,P0056,1,154.99,False
O009245,P0195,1,18.99,False
O009245,P0022,1,47.99,False
O009246,P0234,1,60.99,False
O009247,P0141,1,59.99,False
O009247,P0199,1,16.99,False
O009247,P0191,2,62.99,False
O009248,P0260,1,20.99,False
O009248,P0005,1,158.99,False
O009249,P0160,1,36.99,False
O009250,P0191,1,62.99,False
O009251,P0034,1,423.99,False
O009252,P0225,2,76.99,False
O009253,P0142,1,73.99,False
O009254,P0028,1,284.99,False
O009255,P0230,2,61.99,False
O009255,P0146,1,36.99,True
O009255,P0205,1,48.99,False
O009255,P0033,1,103.99,False
O009255,P0145,1,39.99,False
O009256,P0050,2,88.99,False
O009257,P0059,1,21.99,False
O009258,P0110,1,134.99,False
O009258,P0124,1,70.99,False
O009259,P0010,1,109.99,True
O009260,P0226,1,49.99,False
O009261,P0091,2,37.99,True
O009261,P0298,2,6.99,False
O009262,P0205,2,48.99,False
O009263,P0211,1,39.99,False
O009263,P0237,2,31.99,False
O009264,P0101,1,84.99,False
O009265,P0030,2,91.99,False
O009266,P0294,1,39.99,False
O009266,P0086,2,133.99,False
O009267,P0221,2,13.99,False
O009268,P0252,1,85.99,False
O009269,P0069,1,15.99,False
O009270,P0178,1,71.99,False
O009270,P0140,1,19.99,False
O009270,P0070,2,28.99,False
O009271,P0139,1,24.99,False
O009272,P0155,2,81.99,False
O009273,P0086,1,133.99,True
O009274,P0279,1,37.99,True
O009275,P0067,1,48.99,False
O009276,P0006,1,525.99,False
O009277,P0188,1,26.99,False
O009277,P0106,1,37.99,False
O009278,P0039,1,117.99,False
O009278,P0184,1,75.99,False
O009279,P0128,1,61.99,False
O009280,P0215,1,55.99,False
O009281,P0060,1,100.99,False
O009282,P0075,1,79.99,False
O009282,P0030,2,91.99,False
O009282,P0062,1,111.99,False
O009283,P0192,1,30.99,False
O009284,P0008,1,72.99,False
O009284,P0195,1,18.99,False
O009285,P0021,1,77.99,False
O009286,P0263,1,22.99,False
O009286,P0093,1,37.99,False
O009287,P0297,1,11.99,False
O009288,P0128,1,61.99,False
O009288,P0288,1,12.99,False
O009289,P0004,1,715.99,False
O009290,P0271,1,30.99,False
O009290,P0223,1,11.99,False
O009291,P0258,1,60.99,False
O009291,P0115,1,51.99,False
O009291,P0131,1,17.99,True
O009292,P0277,1,40.99,False
O009293,P0041,2,181.99,False
O009294,P0095,2,33.99,False
O009295,P0121,1,53.99,False
O009296,P0222,1,7.99,False
O009297,P0094,1,143.99,True
O009297,P0231,1,10.99,False
O009298,P0289,1,25.99,False
O009298,P0257,1,34.99,False
O009299,P0058,1,133.99,False
O009300,P0081,1,16.99,False
O009301,P0188,1,26.99,False
O009301,P0184,1,75.99,False
O009302,P0169,2,18.99,True
O009302,P0048,1,126.99,False
O009303,P0037,1,111.99,False
O009304,P0207,1,21.99,True
O009305,P0242,1,19.99,False
O009306,P0243,1,115.99,False
O009307,P0028,1,284.99,False
O009308,P0224,1,65.99,False
O009308,P0071,1,171.99,False
O009309,P0192,1,30.99,True
O009309,P0064,1,58.99,False
O009309,P0039,1,117.99,False
O009309,P0077,1,32.99,False
O009310,P0110,2,134.99,True
O009311,P0103,1,141.99,False
O009312,P0080,1,61.99,False
O009313,P0152,1,24.99,True
O009314,P0184,1,75.99,True
O009314,P0223,1,11.99,False
O009315,P0069,1,15.99,False
O009315,P0041,1,181.99,False
O009316,P0098,1,21.99,False
O009317,P0116,1,19.99,False
O009317,P0176,1,115.99,True
O009318,P0088,1,54.99,False
O009319,P0270,1,25.99,False
O009320,P0031,1,372.99,False
O009320,P0231,1,10.99,False
O009321,P0076,1,21.99,False
O009322,P0168,1,50.99,True
O009323,P0249,1,19.99,False
O009324,P0247,1,133.99,False
O009325,P0222,2,7.99,False
O009326,P0225,2,76.99,False
O009326,P0196,1,22.99,False
O009327,P0113,1,77.99,False
O009328,P0096,1,168.99,False
O009329,P0226,2,49.99,False
O009330,P0020,1,102.99,False
O009331,P0258,1,60.99,False
O009331,P0013,1,353.99,False
O009332,P0047,2,692.99,False
O009333,P0183,1,61.99,False
O009334,P0209,1,22.99,True
O009334,P0273,1,30.99,False
O009334,P0022,1,47.99,False
O009335,P0094,1,143.99,False
O009335,P0294,1,39.99,False
O009336,P0099,1,79.99,False
O009337,P0234,1,60.99,False
O009338,P0087,2,21.99,False
O009339,P0077,1,32.99,False
O009340,P0291,1,8.99,False
O009341,P0166,1,84.99,False
O009342,P0233,2,78.99,False
O009342,P0269,1,219.99,False
O009343,P0128,1,61.99,False
O009344,P0216,1,23.99,False
O009344,P0241,1,15.99,False
O009345,P0074,1,148.99,False
O009346,P0151,1,27.99,False
O009347,P0113,1,77.99,False
O009348,P0212,1,20.99,False
O009348,P0298,1,6.99,False
O009349,P0010,1,109.99,False
O009349,P0224,1,65.99,False
O009350,P0199,1,16.99,False
O009351,P0001,1,444.99,True
O009351,P0259,1,62.99,False
O009352,P0115,1,51.99,False
O009352,P0101,1,84.99,False
O009352,P0232,1,77.99,False
O009352,P0088,2,54.99,False
O009353,P0196,1,22.99,False
O009354,P0038,1,67.99,False
O009355,P0228,1,17.99,False
O009356,P0115,1,51.99,False
O009357,P0107,1,31.99,False
O009358,P0059,1,21.99,False
O009358,P0217,1,16.99,False
O009359,P0216,1,23.99,False
O009359,P0196,1,22.99,False
O009360,P0238,1,32.99,False
O009360,P0281,1,43.99,False
O009361,P0141,1,59.99,True
O009362,P0102,1,55.99,False
O009363,P0202,1,14.99,False
O009364,P0145,1,39.99,False
O009364,P0093,2,37.99,False
O009365,P0213,1,57.99,False
O009365,P0157,1,29.99,False
O009365,P0224,1,65.99,False
O009366,P0149,1,11.99,True
O009366,P0076,2,21.99,False
O009367,P0259,1,62.99,False
O009368,P0183,1,61.99,True
O009368,P0153,1,28.99,False
O009369,P0188,2,26.99,False
O009370,P0279,1,37.99,False
O009371,P0041,1,181.99,False
O009372,P0279,1,37.99,False
O009373,P0168,2,50.99,False
O009374,P0046,1,384.99,False
O009375,P0205,1,48.99,False
O009376,P0212,1,20.99,False
O009376,P0204,1,37.99,False
O009377,P0162,2,52.99,False
O009378,P0046,1,384.99,False
O009378,P0239,1,37.99,False
O009379,P0295,1,13.99,False
O009380,P0210,1,9.99,False
O009381,P0114,1,152.99,True
O009382,P0135,2,38.99,False
O009383,P0030,1,91.99,False
O009383,P0132,1,51.99,False
O009384,P0010,2,109.99,False
O009385,P0256,2,19.99,False
O009386,P0246,1,46.99,True
O009387,P0210,1,9.99,False
O009387,P0290,1,15.99,False
O009387,P0278,2,9.99,False
O009388,P0070,1,28.99,False
O009388,P0243,1,115.99,False
O009389,P0143,2,50.99,False
O009389,P0099,1,79.99,False
O009389,P0139,1,24.99,False
O009390,P0010,2,109.99,False
O009390,P0245,1,27.99,False
O009391,P0124,1,70.99,True
O009391,P0232,1,77.99,False
O009392,P0076,1,21.99,False
O009393,P0245,1,27.99,False
O009394,P0090,1,28.99,False
O009394,P0106,1,37.99,False
O009395,P0147,1,82.99,True
O009395,P0136,1,15.99,False
O009396,P0283,1,6.99,False
O009396,P0120,1,132.99,False
O009397,P0002,1,53.99,False
O009397,P0277,1,40.99,False
O009398,P0221,1,13.99,False
O009399,P0045,1,55.99,False
O009399,P0238,1,32.99,False
O009400,P0087,2,21.99,False
O009401,P0118,1,97.99,False
O009401,P0081,1,16.99,False
O009401,P0155,1,81.99,True
O009402,P0214,1,16.99,False
O009403,P0116,1,19.99,False
O009403,P0054,1,127.99,False
O009404,P0296,2,36.99,False
O009404,P0258,1,60.99,False
O009405,P0086,1,133.99,False
O009406,P0038,1,67.99,True
O009407,P0110,2,134.99,False
O009408,P0259,1,62.99,False
O009409,P0086,1,133.99,False
O009410,P0251,1,213.99,False
O009410,P0136,1,15.99,False
O009411,P0163,2,13.99,True
O009412,P0028,1,284.99,False
O009413,P0252,1,85.99,False
O009414,P0221,1,13.99,False
O009414,P0100,1,30.99,False
O009415,P0040,1,179.99,False
O009416,P0158,1,34.99,False
O009416,P0067,1,48.99,False
O009416,P0176,2,115.99,False
O009417,P0197,1,20.99,False
O009418,P0006,1,525.99,False
O009419,P0040,1,179.99,False
O009420,P0047,1,692.99,False
O009420,P0051,1,45.99,False
O009420,P0298,1,6.99,False
O009421,P0242,1,19.99,False
O009421,P0217,1,16.99,False
O009422,P0124,1,70.99,False
O009423,P0232,1,77.99,False
O009423,P0033,1,103.99,False
O009424,P0283,1,6.99,False
O009424,P0203,1,48.99,False
O009424,P0054,1,127.99,False
O009424,P0225,1,76.99,True
O009425,P0239,1,37.99,False
O009426,P0252,1,85.99,False
O009427,P0111,1,240.99,False
O009427,P0024,1,141.99,True
O009428,P0043,1,201.99,False
O009428,P0131,1,17.99,True
O009429,P0129,1,13.99,False
O009430,P0195,1,18.99,False
O009431,P0213,1,57.99,False
O009432,P0032,1,664.99,False
O009432,P0158,1,34.99,False
O009433,P0005,1,158.99,False
O009433,P0271,2,30.99,False
O009434,P0103,1,141.99,True
O009435,P0078,1,17.99,False
O009436,P0003,1,461.99,True
O009436,P0120,1,132.99,False
O009437,P0181,1,100.99,False
O009438,P0258,1,60.99,False
O009439,P0231,1,10.99,False
O009440,P0292,1,14.99,False
O009441,P0096,2,168.99,False
O009441,P0127,1,16.99,False
O009442,P0223,1,11.99,False
O009442,P0249,1,19.99,False
O009442,P0164,1,83.99,False
O009442,P0188,1,26.99,False
O009443,P0262,1,284.99,False
O009444,P0294,1,39.99,False
O009444,P0080,1,61.99,False
O009444,P0254,1,48.99,False
O009445,P0210,1,9.99,False
O009445,P0215,1,55.99,False
O009446,P0191,1,62.99,False
O009447,P0110,1,134.99,False
O009447,P0258,1,60.99,False
O009448,P0218,1,40.99,False
O009448,P0199,1,16.99,False
O009448,P0293,2,43.99,False
O009449,P0090,1,28.99,False
O009450,P0172,1,49.99,False
O009450,P0056,1,154.99,False
O009450,P0148,1,17.99,False
O009450,P0059,1,21.99,False
O009451,P0043,2,201.99,True
O009452,P0060,1,100.99,True
O009453,P0276,1,21.99,False
O009454,P0027,1,349.99,False
O009454,P0050,1,88.99,False
O009455,P0053,2,200.99,False
O009455,P0228,1,17.99,False
O009456,P0264,1,188.99,False
O009456,P0033,1,103.99,False
O009457,P0120,1,132.99,True
O009457,P0013,1,353.99,False
O009458,P0225,2,76.99,False
O009458,P0175,2,32.99,False
O009459,P0012,1,321.99,False
O009459,P0200,1,30.99,False
O009459,P0014,1,133.99,False
O009460,P0043,1,201.99,False
O009461,P0243,1,115.99,False
O009462,P0011,2,71.99,False
O009463,P0175,1,32.99,False
O009464,P0034,1,423.99,False
O009464,P0051,1,45.99,False
O009464,P0043,1,201.99,False
O009465,P0004,1,715.99,False
O009465,P0290,1,15.99,False
O009466,P0091,1,37.99,False
O009466,P0088,2,54.99,False
O009467,P0277,1,40.99,False
O009467,P0246,1,46.99,False
O009468,P0010,1,109.99,False
O009469,P0255,1,116.99,False
O009470,P0263,1,22.99,False
O009471,P0274,1,153.99,False
O009472,P0165,1,84.99,False
O009473,P0025,1,42.99,False
O009473,P0039,1,117.99,False
O009474,P0126,1,66.99,False
O009474,P0056,1,154.99,False
O009475,P0125,2,12.99,False
O009476,P0280,2,12.99,False
O009477,P0290,1,15.99,False
O009478,P0140,1,19.99,False
O009478,P0065,1,33.99,False
O009479,P0031,1,372.99,False
O009479,P0033,1,103.99,False
O009480,P0266,1,85.99,False
O009480,P0068,1,143.99,False
O009481,P0034,1,423.99,False
O009481,P0164,1,83.99,True
O009482,P0282,2,7.99,False
O009483,P0293,2,43.99,False
O009484,P0010,1,109.99,False
O009485,P0223,2,11.99,False
O009485,P0051,1,45.99,False
O009486,P0139,2,24.99,False
O009486,P0190,1,17.99,False
O009486,P0024,1,141.99,True
O009486,P0062,1,111.99,False
O009487,P0287,1,14.99,False
O009488,P0251,1,213.99,False
O009489,P0235,1,14.99,False
O009489,P0060,1,100.99,False
O009489,P0207,1,21.99,False
O009490,P0096,1,168.99,False
O009491,P0053,1,200.99,False
O009491,P0134,1,53.99,False
O009491,P0013,1,353.99,False
O009492,P0229,1,41.99,False
O009493,P0197,1,20.99,False
O009493,P0137,1,31.99,False
O009494,P0154,2,39.99,False
O009495,P0134,1,53.99,False
O009496,P0020,1,102.99,False
O009497,P0192,1,30.99,False
O009498,P0285,1,38.99,False
O009498,P0032,1,664.99,False
O009499,P0165,1,84.99,False
O009500,P0111,1,240.99,False
O009500,P0267,1,45.99,False
O009501,P0002,2,53.99,False
O009501,P0176,1,115.99,False
O009502,P0104,1,20.99,False
O009503,P0269,1,219.99,False
O009503,P0234,1,60.99,False
O009504,P0158,1,34.99,True
O009505,P0269,1,219.99,False
O009506,P0181,1,100.99,False
O009506,P0090,1,28.99,False
O009507,P0269,1,219.99,False
O009508,P0126,1,66.99,False
O009509,P0026,1,65.99,False
O009510,P0073,1,53.99,False
O009511,P0016,1,316.99,False
O009512,P0223,1,11.99,True
O009513,P0042,1,174.99,False
O009514,P0125,1,12.99,False
O009515,P0119,1,186.99,False
O009516,P0078,2,17.99,False
O009517,P0021,1,77.99,False
O009517,P0286,2,43.99,False
O009518,P0001,1,444.99,True
O009518,P0262,1,284.99,True
O009518,P0266,1,85.99,False
O009518,P0063,1,20.99,False
O009519,P0019,1,432.99,False
O009519,P0169,1,18.99,False
O009519,P0027,1,349.99,False
O009520,P0042,1,174.99,False
O009520,P0283,1,6.99,False
O009520,P0127,1,16.99,False
O009521,P0299,1,22.99,False
O009522,P0077,1,32.99,False
O009522,P0278,1,9.99,False
O009523,P0108,1,22.99,False
O009523,P0207,1,21.99,False
O009524,P0081,1,16.99,False
O009524,P0176,1,115.99,False
O009524,P0011,2,71.99,False
O009525,P0171,1,22.99,False
O009525,P0273,1,30.99,False
O009526,P0088,1,54.99,False
O009527,P0011,2,71.99,True
O009528,P0018,1,320.99,False
O009529,P0093,2,37.99,False
O009530,P0057,2,80.99,False
O009530,P0107,1,31.99,False
O009531,P0038,1,67.99,False
O009532,P0073,1,53.99,False
O009533,P0184,1,75.99,False
O009533,P0103,1,141.99,False
O009533,P0231,1,10.99,False
O009533,P0164,1,83.99,True
O009533,P0036,1,145.99,False
O009534,P0097,1,19.99,False
O009534,P0202,1,14.99,False
O009535,P0194,1,65.99,False
O009536,P0040,1,179.99,False
O009537,P0213,1,57.99,False
O009538,P0178,1,71.99,False
O009539,P0196,1,22.99,False
O009539,P0150,2,16.99,False
O009540,P0193,1,79.99,False
O009541,P0042,1,174.99,False
O009542,P0091,1,37.99,False
O009543,P0009,1,64.99,False
O009544,P0165,1,84.99,True
O009544,P0034,1,423.99,False
O009544,P0144,1,91.99,False
O009545,P0216,1,23.99,False
O009546,P0221,1,13.99,False
O009547,P0170,2,23.99,False
O009547,P0146,1,36.99,False
O009547,P0083,1,42.99,False
O009548,P0047,1,692.99,False
O009549,P0227,1,20.99,True
O009549,P0119,1,186.99,False
O009549,P0003,1,461.99,False
O009549,P0027,1,349.99,False
O009550,P0126,1,66.99,False
O009551,P0185,1,49.99,False
O009552,P0235,1,14.99,False
O009553,P0084,1,16.99,False
O009554,P0150,1,16.99,False
O009555,P0222,1,7.99,False
O009555,P0277,2,40.99,False
O009556,P0104,1,20.99,False
O009557,P0135,1,38.99,False
O009557,P0209,1,22.99,False
O009558,P0012,1,321.99,False
O009559,P0289,1,25.99,False
O009560,P0289,1,25.99,False
O009560,P0176,1,115.99,False
O009561,P0001,2,444.99,False
O009561,P0166,1,84.99,False
O009562,P0110,1,134.99,False
O009563,P0088,1,54.99,False
O009564,P0261,1,147.99,False
O009565,P0113,1,77.99,False
O009565,P0082,1,74.99,False
O009566,P0040,1,179.99,False
O009567,P0024,2,141.99,False
O009568,P0013,2,353.99,False
O009568,P0238,1,32.99,False
O009569,P0171,1,22.99,False
O009569,P0233,1,78.99,False
O009569,P0226,2,49.99,False
O009569,P0253,1,246.99,False
O009570,P0164,1,83.99,False
O009571,P0111,1,240.99,True
O009572,P0063,1,20.99,False
O009573,P0274,-1,153.99,False
O009573,P0199,1,16.99,False
O009573,P0074,1,148.99,False
O009574,P0182,1,12.99,False
O009575,P0244,1,26.99,False
O009576,P0157,1,29.99,True
O009576,P0111,1,240.99,True
O009577,P0071,1,171.99,False
O009577,P0104,1,20.99,False
O009578,P0190,1,17.99,False
O009579,P0236,1,36.99,False
O009579,P0061,1,105.99,False
O009579,P0244,1,26.99,False
O009579,P0277,1,40.99,False
O009580,P0052,1,410.99,False
O009580,P0272,1,40.99,False
O009581,P0171,1,22.99,False
O009582,P0268,1,27.99,False
O009582,P0059,1,21.99,False
O009583,P0176,1,115.99,False
O009583,P0297,1,11.99,False
O009583,P0098,1,21.99,False
O009584,P0222,1,7.99,True
O009585,P0233,1,78.99,False
O009585,P0006,1,525.99,True
O009586,P0091,1,37.99,False
O009586,P0226,1,49.99,False
O009587,P0197,1,20.99,False
O009587,P0202,2,14.99,False
O009587,P0054,2,127.99,False
O009588,P0269,2,219.99,False
O009588,P0243,1,115.99,False
O009589,P0021,1,77.99,False
O009590,P0178,2,71.99,False
O009591,P0020,2,102.99,False
O009592,P0109,1,43.99,False
O009592,P0202,1,14.99,False
O009592,P0278,1,9.99,False
O009593,P0189,1,46.99,True
O009593,P0059,1,21.99,False
O009593,P0188,1,26.99,False
O009594,P0074,1,148.99,False
O009595,P0180,1,14.99,False
O009596,P0010,1,109.99,False
O009597,P0259,1,62.99,False
O009597,P0282,0,7.99,False
O009597,P0300,1,28.99,False
O009597,P0255,1,116.99,False
O009597,P0046,1,384.99,False
O009598,P0084,1,16.99,False
O009598,P0219,1,10.99,False
O009599,P0188,1,26.99,False
O009600,P0207,1,21.99,False
O009601,P0103,1,141.99,False
O009602,P0004,1,715.99,False
O009602,P0174,1,87.99,False
O009603,P0211,2,39.99,False
O009604,P0182,1,12.99,False
O009604,P0122,2,47.99,False
O009604,P0222,1,7.99,False
O009604,P0049,1,106.99,False
O009605,P0009,1,64.99,False
O009606,P0007,1,120.99,False
O009607,P0160,2,36.99,False
O009608,P0112,2,163.99,False
O009609,P0084,1,16.99,False
O009609,P0252,1,85.99,False
O009610,P0065,2,33.99,False
O009611,P0041,1,181.99,True
O009611,P0168,1,50.99,False
O009612,P0260,1,20.99,False
O009613,P0048,1,126.99,False
O009614,P0290,1,15.99,False
O009615,P0147,1,82.99,False
O009616,P0262,1,284.99,False
O009617,P0183,1,61.99,True
O009618,P0283,1,6.99,False
O009619,P0232,1,77.99,False
O009620,P0279,1,37.99,False
O009621,P0092,1,215.99,False
O009621,P0135,1,38.99,False
O009621,P0246,1,46.99,False
O009621,P0235,1,14.99,False
O009622,P0272,1,40.99,False
O009622,P0080,1,61.99,False
O009623,P0240,1,76.99,False
O009624,P0196,1,22.99,False
O009624,P0292,2,14.99,False
O009625,P0189,1,46.99,False
O009626,P0080,1,61.99,False
O009626,P0125,2,12.99,True
O009627,P0162,1,52.99,False
O009628,P0095,1,33.99,False
O009629,P0108,1,22.99,False
O009630,P0119,1,186.99,False
O009631,P0027,1,349.99,False
O009631,P0073,1,53.99,False
O009632,P0139,2,24.99,False
O009632,P0093,1,37.99,False
O009633,P0045,1,55.99,False
O009634,P0281,1,43.99,False
O009634,P0270,1,25.99,False
O009635,P0213,1,57.99,False
O009636,P0242,2,19.99,False
O009637,P0106,1,37.99,False
O009638,P0033,2,103.99,False
O009638,P0027,1,349.99,False
O009638,P0261,2,147.99,False
O009639,P0191,1,62.99,True
O009639,P0077,1,32.99,False
O009640,P0159,1,96.99,False
O009640,P0003,1,461.99,False
O009641,P0096,1,168.99,False
O009641,P0047,2,692.99,False
O009642,P0138,1,30.99,False
O009643,P0256,1,19.99,False
O009644,P0003,1,461.99,False
O009644,P0055,2,30.99,False
O009645,P0208,1,8.99,False
O009646,P0259,1,62.99,False
O009646,P0232,1,77.99,False
O009647,P0162,1,52.99,False
O009648,P0119,1,186.99,False
O009649,P0173,2,95.99,False
O009649,P0248,1,224.99,False
O009650,P0265,1,24.99,False
O009651,P0285,2,38.99,False
O009652,P0183,2,61.99,False
O009653,P0241,2,15.99,False
O009654,P0055,1,30.99,False
O009654,P0207,2,21.99,False
O009655,P0266,2,85.99,False
O009655,P0144,1,91.99,True
O009656,P0279,1,37.99,False
O009656,P0110,1,134.99,False
O009657,P0228,1,17.99,False
O009658,P0253,1,246.99,False
O009659,P0228,2,17.99,False
O009659,P0052,1,410.99,False
O009660,P0267,1,45.99,False
O009661,P0211,1,39.99,False
O009662,P0288,1,12.99,False
O009663,P0200,2,30.99,False
O009664,P0169,2,18.99,False
O009665,P0268,1,27.99,False
O009665,P0204,2,37.99,False
O009666,P0169,1,18.99,False
O009666,P0100,2,30.99,False
O009667,P0012,1,321.99,False
O009668,P0014,1,133.99,False
O009669,P0109,1,43.99,False
O009669,P0231,1,10.99,False
O009670,P0234,2,60.99,False
O009671,P0035,1,281.99,False
O009671,P0270,1,25.99,False
O009671,P0175,1,32.99,False
O009672,P0095,1,33.99,False
O009673,P0129,1,13.99,False
O009674,P0222,1,7.99,False
O009674,P0222,1,7.99,False
O009675,P0211,1,39.99,False
O009675,P0081,2,16.99,False
O009676,P0164,1,83.99,False
O009677,P0263,1,22.99,False
O009677,P0189,2,46.99,False
O009677,P0105,1,94.99,False
O009678,P0010,1,109.99,False
O009678,P0186,1,56.99,False
O009679,P0285,1,38.99,False
O009679,P0045,1,55.99,False
O009680,P0229,2,41.99,False
O009681,P0251,1,213.99,False
O009682,P0153,1,28.99,False
O009682,P0076,1,21.99,False
O009682,P0271,1,30.99,False
O009683,P0220,1,8.99,False
O009684,P0008,1,72.99,False
O009685,P0216,1,23.99,False
O009685,P0270,1,25.99,False
O009686,P0280,1,12.99,False
O009687,P0158,1,34.99,False
O009688,P0036,1,145.99,False
O009689,P0268,1,27.99,False
O009689,P0148,1,17.99,True
O009690,P0017,1,166.99,False
O009691,P0081,1,16.99,False
O009691,P0105,1,94.99,False
O009692,P0170,1,23.99,False
O009693,P0099,1,79.99,False
O009694,P0042,1,174.99,False
O009695,P0122,2,47.99,False
O009696,P0188,1,26.99,False
O009697,P0012,2,321.99,False
O009697,P0090,1,28.99,False
O009697,P0095,1,33.99,False
O009698,P0138,1,30.99,False
O009699,P0106,2,37.99,False
O009700,P0212,1,20.99,False
O009701,P0276,1,21.99,False
O009702,P0096,1,168.99,False
O009702,P0280,1,12.99,False
O009703,P0192,1,30.99,False
O009704,P0104,1,20.99,False
O009704,P0036,1,145.99,False
O009705,P0249,1,19.99,False
O009705,P0246,2,46.99,False
O009706,P0037,1,111.99,False
O009707,P0202,1,14.99,False
O009708,P0161,1,14.99,True
O009708,P0216,1,23.99,False
O009709,P0265,1,24.99,False
O009710,P0022,1,47.99,False
O009711,P0102,2,55.99,True
O009712,P0034,1,423.99,False
O009712,P0247,1,133.99,False
O009713,P0042,1,174.99,False
O009714,P0273,1,30.99,False
O009715,P0065,1,33.99,False
O009716,P0119,1,186.99,False
O009716,P0029,1,57.99,True
O009717,P0286,1,43.99,False
O009717,P0165,1,84.99,False
O009718,P0182,1,12.99,False
O009718,P0075,1,79.99,False
O009719,P0141,1,59.99,True
O009719,P0291,2,8.99,False
O009719,P0218,2,40.99,False
O009720,P0191,1,62.99,False
O009721,P0134,1,53.99,False
O009722,P0242,1,19.99,False
O009722,P0126,2,66.99,False
O009723,P0097,2,19.99,False
O009724,P0197,1,20.99,False
O009725,P0054,1,127.99,True
O009726,P0125,1,12.99,False
O009727,P0110,1,134.99,True
O009728,P0083,1,42.99,False
O009729,P0169,1,18.99,False
O009730,P0119,2,186.99,False
O009731,P0040,1,179.99,False
O009731,P0106,1,37.99,False
O009732,P0102,1,55.99,False
O009733,P0024,1,141.99,False
O009733,P0072,1,49.99,False
O009734,P0059,1,21.99,False
O009734,P0187,1,93.99,False
O009734,P0127,1,16.99,False
O009734,P0288,2,12.99,False
O009735,P0211,1,39.99,False
O009736,P0201,1,13.99,False
O009737,P0018,1,320.99,False
O009738,P0088,1,54.99,False
O009739,P0007,1,120.99,False
O009739,P0072,1,49.99,False
O009739,P0106,1,37.99,False
O009740,P0130,1,60.99,True
O009740,P0160,2,36.99,False
O009741,P0038,1,67.99,False
O009742,P0008,2,72.99,True
O009742,P0048,1,126.99,False
O009742,P0284,1,26.99,False
O009743,P0063,1,20.99,False
O009743,P0175,1,32.99,False
O009744,P0069,1,15.99,False
O009745,P0224,1,65.99,False
O009746,P0295,1,13.99,False
O009746,P0233,1,78.99,False
O009747,P0288,1,12.99,False
O009747,P0266,1,85.99,False
O009748,P0088,1,54.99,False
O009748,P0107,1,31.99,False
O009749,P0200,1,30.99,False
O009749,P0015,1,61.99,False
O009750,P0209,1,22.99,False
O009750,P0184,1,75.99,False
O009751,P0015,1,61.99,False
O009751,P0044,1,650.99,True
O009751,P0232,1,77.99,False
O009752,P0228,1,17.99,False
O009752,P0292,2,14.99,False
O009752,P0007,1,120.99,False
O009753,P0051,1,45.99,False
O009754,P0216,1,23.99,False
O009754,P0261,1,147.99,False
O009754,P0149,1,11.99,False
O009755,P0080,1,61.99,False
O009755,P0107,1,31.99,False
O009756,P0106,1,37.99,False
O009757,P0210,1,9.99,False
O009758,P0208,1,8.99,False
O009758,P0182,1,12.99,False
O009759,P0004,1,715.99,False
O009759,P0050,1,88.99,False
O009760,P0075,1,79.99,True
O009760,P0048,1,126.99,True
O009760,P0255,2,116.99,False
O009761,P0267,1,45.99,False
O009761,P0007,1,120.99,False
O009761,P0093,1,37.99,False
O009761,P0152,1,24.99,False
O009762,P0146,1,36.99,False
O009763,P0090,1,28.99,False
O009763,P0060,1,100.99,False
O009764,P0163,1,13.99,False
O009765,P0105,1,94.99,False
O009766,P0195,1,18.99,False
O009766,P0190,1,17.99,False
O009767,P0247,1,133.99,False
O009768,P0229,1,41.99,False
O009769,P0236,2,36.99,False
O009769,P0152,1,24.99,False
O009770,P0007,1,120.99,False
O009771,P0058,1,133.99,False
O009771,P0266,2,85.99,False
O009772,P0024,1,141.99,True
O009773,P0134,1,53.99,False
O009774,P0070,1,28.99,False
O009775,P0247,1,133.99,False
O009776,P0034,1,423.99,False
O009776,P0007,1,120.99,False
O009777,P0203,1,48.99,False
O009778,P0060,1,100.99,False
O009779,P0145,2,39.99,False
O009780,P0110,1,134.99,False
O009781,P0023,1,313.99,True
O009781,P0251,1,213.99,False
O009782,P0261,1,147.99,False
O009782,P0202,1,14.99,False
O009783,P0172,1,49.99,False
O009783,P0263,1,22.99,False
O009784,P0109,1,43.99,False
O009784,P0074,1,148.99,False
O009785,P0247,3,133.99,False
O009786,P0158,1,34.99,False
O009786,P0137,2,31.99,False
O009787,P0037,1,111.99,False
O009788,P0255,1,116.99,False
O009789,P0008,1,72.99,False
O009790,P0130,3,60.99,False
O009790,P0227,1,20.99,False
O009791,P0109,1,43.99,False
O009792,P0028,1,284.99,False
O009793,P0068,1,143.99,False
O009793,P0260,2,20.99,True
O009794,P0075,2,79.99,False
O009795,P0060,2,100.99,False
O009796,P0114,1,152.99,False
O009796,P0266,1,85.99,False
O009797,P0245,1,27.99,False
O009798,P0044,1,650.99,False
O009798,P0293,1,43.99,False
O009799,P0098,1,21.99,False
O009800,P0064,1,58.99,False
O009800,P0127,1,16.99,False
O009801,P0226,1,49.99,False
O009802,P0205,1,48.99,False
O009802,P0094,1,143.99,False
O009803,P0124,1,70.99,True
O009803,P0029,1,57.99,False
O009804,P0007,1,120.99,False
O009804,P0207,2,21.99,False
O009804,P0053,1,200.99,False
O009805,P0013,1,353.99,False
O009805,P0031,1,372.99,False
O009806,P0150,1,16.99,True
O009807,P0174,1,87.99,False
O009808,P0029,1,57.99,False
O009809,P0296,1,36.99,False
O009809,P0141,1,59.99,False
O009810,P0210,1,9.99,True
O009811,P0253,1,246.99,False
O009812,P0023,1,313.99,False
O009813,P0260,1,20.99,False
O009814,P0127,1,16.99,False
O009815,P0114,1,152.99,False
O009815,P0293,1,43.99,False
O009815,P0168,1,50.99,False
O009816,P0005,1,158.99,False
O009817,P0154,1,39.99,False
O009818,P0086,1,133.99,False
O009818,P0144,1,91.99,False
O009818,P0242,1,19.99,False
O009819,P0221,1,13.99,False
O009819,P0029,1,57.99,False
O009820,P0124,1,70.99,False
O009821,P0188,1,26.99,False
O009822,P0057,1,80.99,False
O009823,P0122,1,47.99,False
O009824,P0207,2,21.99,False
O009825,P0042,1,174.99,False
O009826,P0244,1,26.99,False
O009827,P0064,1,58.99,False
O009828,P0099,1,79.99,False
O009829,P0042,1,174.99,False
O009830,P0126,1,66.99,False
O009831,P0171,1,22.99,False
O009831,P0089,2,31.99,False
O009831,P0238,1,32.99,False
O009832,P0028,1,284.99,False
O009832,P0172,1,49.99,True
O009832,P0125,1,12.99,False
O009833,P0140,1,19.99,False
O009834,P0210,1,9.99,False
O009835,P0002,2,53.99,False
O009836,P0068,1,143.99,False
O009836,P0152,1,24.99,False
O009837,P0155,1,81.99,False
O009838,P0157,1,29.99,False
O009839,P0213,1,57.99,False
O009840,P0153,1,28.99,False
O009841,P0231,1,10.99,False
O009842,P0045,1,,False
O009843,P0180,1,14.99,False
O009844,P0144,1,91.99,False
O009844,P0291,1,8.99,False
O009845,P0265,2,24.99,False
O009846,P0081,1,16.99,False
O009846,P0021,2,77.99,False
O009846,P0163,1,13.99,False
O009847,P0081,2,16.99,False
O009848,P0034,1,423.99,False
O009848,P0205,1,48.99,True
O009849,P0250,1,281.99,False
O009849,P0033,3,103.99,False
O009849,P0054,1,127.99,False
O009850,P0141,1,59.99,False
O009850,P0039,1,117.99,False
O009851,P0282,1,7.99,False
O009852,P0061,1,105.99,False
O009852,P0101,1,84.99,False
O009853,P0223,1,11.99,False
O009854,P0016,1,316.99,False
O009855,P0244,1,26.99,False
O009856,P0154,1,39.99,False
O009857,P0078,1,17.99,False
O009858,P0100,1,30.99,False
O009859,P0285,1,38.99,False
O009859,P0080,2,61.99,False
O009860,P0007,2,120.99,False
O009861,P0108,2,22.99,False
O009861,P0266,1,85.99,False
O009861,P0224,2,65.99,False
O009862,P0032,1,664.99,False
O009862,P0259,1,62.99,False
O009862,P0042,1,174.99,False
O009862,P0134,1,53.99,False
O009863,P0009,1,64.99,False
O009864,P0070,2,28.99,False
O009865,P0267,2,45.99,False
O009866,P0200,1,30.99,False
O009867,P0225,1,76.99,False
O009867,P0220,1,8.99,False
O009868,P0035,1,281.99,False
O009869,P0053,1,200.99,False
O009870,P0253,2,246.99,False
O009870,P0244,1,26.99,False
O009871,P0084,1,16.99,False
O009872,P0063,1,20.99,False
O009872,P0040,1,179.99,False
O009873,P0073,2,53.99,False
O009873,P0176,1,115.99,False
O009874,P0026,1,65.99,False
O009875,P0123,2,84.99,False
O009876,P0220,1,8.99,False
O009876,P0008,1,72.99,False
O009877,P0158,2,34.99,False
O009878,P0133,1,105.99,False
O009879,P0208,2,8.99,False
O009879,P0211,1,39.99,False
O009880,P0132,1,51.99,False
O009881,P0236,1,36.99,False
O009882,P0044,1,650.99,False
O009882,P0295,2,13.99,False
O009883,P0154,1,39.99,False
O009884,P0254,1,48.99,False
O009885,P0108,1,22.99,False
O009886,P0283,2,6.99,False
O009887,P0127,1,16.99,False
O009887,P0060,1,100.99,False
O009888,P0206,2,35.99,False
O009888,P0131,1,17.99,False
O009888,P0239,2,37.99,False
O009889,P0084,1,16.99,False
O009890,P0084,1,16.99,False
O009890,P0021,1,77.99,False
O009891,P0258,2,60.99,False
O009892,P0119,1,186.99,False
O009892,P0148,2,17.99,False
O009893,P0215,1,55.99,False
O009894,P0077,1,32.99,False
O009895,P0294,1,39.99,False
O009895,P0215,1,55.99,False
O009896,P0179,1,34.99,False
O009896,P0010,1,109.99,False
O009897,P0225,1,76.99,False
O009897,P0262,1,284.99,False
O009897,P0216,2,23.99,False
O009897,P0223,1,11.99,False
O009898,P0119,1,186.99,False
O009898,P0284,1,26.99,False
O009899,P0179,1,34.99,False
O009900,P0103,1,141.99,False
O009900,P0048,2,126.99,False
O009901,P0275,1,72.99,False
O009901,P0281,2,43.99,False
O009902,P0278,1,9.99,False
O009903,P0268,2,27.99,False
O009904,P0285,2,38.99,False
O009904,P0215,1,55.99,False
O009905,P0101,2,84.99,False
O009905,P0217,1,16.99,False
O009906,P0040,1,179.99,True
O009907,P0033,1,103.99,False
O009907,P0111,1,240.99,False
O009908,P0097,1,19.99,False
O009909,P0278,1,9.99,False
O009909,P0142,1,73.99,False
O009909,P0123,1,84.99,False
O009910,P0190,1,17.99,False
O009911,P0054,1,127.99,True
O009911,P0263,1,22.99,False
O009912,P0155,2,81.99,False
O009913,P0280,1,12.99,False
O009914,P0270,1,25.99,False
O009915,P0125,1,12.99,False
O009916,P0110,2,134.99,False
O009916,P0096,1,168.99,False
O009917,P0049,1,106.99,False
O009918,P0044,1,650.99,False
O009919,P0256,1,19.99,False
O009920,P0029,1,57.99,False
O009921,P0102,1,55.99,False
O009922,P0292,1,14.99,False
O009922,P0029,1,57.99,False
O009923,P0121,1,53.99,False
O009923,P0158,2,34.99,True
O009924,P0222,1,7.99,False
O009925,P0003,2,461.99,False
O009926,P0014,1,133.99,False
O009926,P0270,1,25.99,False
O009927,P0002,2,53.99,False
O009927,P0055,1,30.99,False
O009928,P0023,1,313.99,False
O009929,P0092,1,215.99,True
O009929,P0057,1,80.99,False
O009930,P0248,1,224.99,False
O009930,P0040,1,179.99,False
O009930,P0290,1,15.99,False
O009931,P0038,1,67.99,True
O009932,P0193,1,79.99,False
O009933,P0053,2,200.99,False
O009934,P0060,1,100.99,False
O009935,P0282,1,7.99,False
O009936,P0198,1,14.99,False
O009936,P0044,1,650.99,False
O009937,P0230,1,61.99,False
O009938,P0040,1,179.99,False
O009938,P0175,1,32.99,True
O009939,P0048,1,126.99,False
O009940,P0296,1,36.99,False
O009941,P0233,1,78.99,False
O009942,P0281,1,43.99,False
O009943,P0054,1,127.99,False
O009943,P0262,2,284.99,False
O009944,P0003,1,461.99,False
O009944,P0148,1,17.99,False
O009945,P0159,1,96.99,False
O009945,P0289,1,25.99,False
O009946,P0282,1,7.99,False
O009947,P0037,1,111.99,False
O009948,P0062,1,111.99,False
O009948,P0036,1,145.99,False
O009949,P0096,1,168.99,True
O009949,P0118,1,97.99,False
O009949,P0264,1,188.99,False
O009950,P0161,1,14.99,True
O009950,P0001,2,444.99,False
O009950,P0101,2,84.99,False
O009951,P0016,1,316.99,True
O009952,P0053,1,200.99,False
O009953,P0106,2,37.99,False
O009954,P0282,1,7.99,False
O009955,P0140,1,19.99,False
O009956,P0159,1,96.99,False
O009957,P0090,1,28.99,False
O009958,P0236,1,36.99,False
O009959,P0181,3,100.99,False
O009960,P0046,1,384.99,False
O009960,P0296,1,36.99,False
O009960,P0073,1,53.99,True
O009961,P0160,1,36.99,False
O009962,P0240,1,76.99,False
O009962,P0234,1,60.99,False
O009963,P0038,1,67.99,False
O009964,P0283,1,6.99,False
O009965,P0297,1,11.99,False
O009966,P0100,1,30.99,False
O009966,P0225,1,76.99,False
O009967,P0297,1,11.99,False
O009967,P0165,1,84.99,False
O009967,P0160,1,36.99,False
O009968,P0031,1,372.99,False
O009969,P0136,1,15.99,False
O009969,P0162,1,52.99,True
O009969,P0106,1,37.99,False
O009970,P0048,1,126.99,False
O009971,P0144,1,91.99,False
O009971,P0179,2,34.99,False
O009972,P0023,2,313.99,False
O009972,P0251,2,213.99,False
O009972,P0174,1,87.99,False
O009973,P0186,1,56.99,False
O009974,P0153,1,28.99,False
O009975,P0044,2,650.99,False
O009975,P0082,1,74.99,False
O009975,P0102,1,55.99,False
O009975,P0062,1,111.99,False
O009975,P0001,1,444.99,False
O009975,P0075,1,79.99,False
O009976,P0089,2,31.99,False
O009977,P0242,1,19.99,False
O009977,P0073,2,53.99,False
O009978,P0182,1,12.99,False
O009978,P0221,1,13.99,False
O009979,P0029,1,57.99,False
O009979,P0118,2,97.99,True
O009979,P0064,2,58.99,False
O009980,P0269,1,219.99,True
O009981,P0072,1,49.99,False
O009981,P0096,1,168.99,False
O009982,P0259,2,62.99,False
O009982,P0202,1,14.99,False
O009983,P0120,1,132.99,False
O009983,P0146,2,36.99,False
O009983,P0261,1,147.99,False
O009983,P0052,1,410.99,True
O009984,P0216,1,23.99,False
O009985,P0111,1,240.99,False
O009985,P0012,1,321.99,False
O009986,P0193,1,79.99,False
O009986,P0074,1,148.99,False
O009987,P0251,1,213.99,False
O009988,P0009,1,64.99,False
O009989,P0074,2,148.99,False
O009989,P0176,1,115.99,False
O009990,P0051,1,45.99,False
O009991,P0153,1,28.99,False
O009992,P0103,1,141.99,False
O009992,P0012,1,321.99,False
O009993,P0238,1,32.99,False
O009994,P0205,1,48.99,False
O009995,P0176,1,115.99,False
O009995,P0099,1,79.99,False
O009996,P0120,1,132.99,False
O009996,P0105,1,94.99,False
O009997,P0252,1,85.99,False
O009997,P0231,2,10.99,False
O009998,P0061,2,105.99,False
O009999,P0072,2,49.99,False
O009999,P0180,1,14.99,True
O009999,P0294,1,39.99,False
O010000,P0017,1,166.99,False
O010000,P0291,1,8.99,False
O010001,P0155,2,81.99,False
O010002,P0225,1,76.99,False
O010002,P0162,1,52.99,False
O010002,P0043,2,201.99,False
O010002,P0262,1,284.99,False
O010003,P0203,1,48.99,False
O010004,P0207,1,21.99,False
O010004,P0034,1,423.99,False
O010005,P0002,1,53.99,False
O010006,P0229,1,41.99,False
O010006,P0167,1,40.99,True
O010006,P0148,1,17.99,True
O010007,P0236,1,36.99,False
O010008,P0012,1,321.99,False
O010009,P0018,1,320.99,False
O010010,P0187,1,93.99,False
O010011,P0172,1,49.99,False
O010012,P0048,2,126.99,False
O010013,P0087,1,21.99,False
O010014,P0227,1,20.99,False
O010015,P0061,2,105.99,False
O010016,P0184,1,75.99,False
O010016,P0020,1,102.99,False
O010016,P0079,1,78.99,False
O010017,P0034,2,423.99,False
O010018,P0103,1,141.99,False
O010018,P0251,1,213.99,False
O010019,P0223,2,11.99,False
O010020,P0213,1,57.99,False
O010020,P0094,1,143.99,False
O010021,P0300,1,28.99,False
O010021,P0188,1,26.99,False
O010022,P0091,1,37.99,False
O010022,P0154,1,39.99,False
O010023,P0118,1,97.99,False
O010024,P0158,2,34.99,False
O010025,P0090,1,28.99,False
O010026,P0152,2,24.99,False
O010027,P0230,1,61.99,False
O010027,P0276,1,21.99,False
O010028,P0255,1,116.99,False
O010028,P0017,1,166.99,True
O010028,P0004,2,715.99,False
O010029,P0275,1,72.99,False
O010030,P0165,1,84.99,False
O010031,P0264,1,188.99,False
O010032,P0020,2,102.99,False
O010032,P0139,1,24.99,False
O010032,P0016,1,316.99,True
O010033,P0235,1,14.99,False
O010034,P0247,1,133.99,True
O010035,P0021,1,77.99,False
O010035,P0123,1,84.99,False
O010035,P0159,2,96.99,False
O010036,P0277,2,40.99,False
O010037,P0129,1,13.99,False
O010037,P0138,1,30.99,False
O010038,P0080,2,61.99,False
O010039,P0185,1,49.99,False
O010039,P0124,1,70.99,False
O010040,P0165,1,84.99,False
O010041,P0146,2,36.99,False
O010041,P0032,1,664.99,False
O010042,P0071,1,171.99,False
O010042,P0242,1,19.99,False
O010042,P0136,1,15.99,False
O010043,P0045,1,55.99,False
O010044,P0163,1,13.99,False
O010045,P0184,1,75.99,False
O010046,P0217,2,16.99,True
O010047,P0247,1,133.99,False
O010047,P0260,1,20.99,False
O010048,P0168,1,50.99,False
O010049,P0146,2,36.99,False
O010050,P0203,2,48.99,False
O010051,P0068,1,143.99,False
O010051,P0128,1,61.99,False
O010051,P0103,1,141.99,False
O010052,P0289,1,25.99,False
O010053,P0030,1,91.99,False
O010053,P0219,2,10.99,False
O010053,P0018,2,320.99,True
O010054,P0232,1,77.99,False
O010054,P0220,1,8.99,False
O010054,P0257,1,34.99,False
O010055,P0233,1,78.99,False
O010055,P0253,1,246.99,False
O010056,P0062,1,111.99,False
O010056,P0198,1,14.99,False
O010057,P0026,2,65.99,False
O010058,P0144,1,91.99,False
O010059,P0035,1,281.99,False
O010059,P0282,2,7.99,False
O010060,P0271,1,30.99,True
O010061,P0252,1,85.99,False
O010062,P0094,2,143.99,False
O010062,P0035,1,281.99,False
O010063,P0043,1,201.99,False
O010063,P0268,2,27.99,False
O010063,P0233,1,78.99,False
O010063,P0129,1,13.99,False
O010064,P0083,1,42.99,False
O010064,P0082,1,74.99,False
O010064,P0106,1,37.99,False
O010064,P0217,1,16.99,False
O010065,P0154,2,39.99,False
O010066,P0062,1,111.99,False
O010066,P0298,1,6.99,False
O010067,P0103,1,141.99,False
O010068,P0050,1,88.99,False
O010069,P0220,2,8.99,False
O010069,P0104,1,20.99,False
O010070,P0072,1,49.99,False
O010071,P0117,1,32.99,False
O010072,P0099,1,,False
O010072,P0266,1,85.99,False
O010073,P0014,2,133.99,True
O010074,P0040,1,179.99,False
O010074,P0248,2,224.99,False
O010074,P0058,1,133.99,False
O010075,P0194,1,65.99,False
O010076,P0171,1,22.99,False
O010076,P0035,1,281.99,False
O010076,P0214,1,16.99,False
O010077,P0086,1,133.99,False
O010077,P0060,1,100.99,False
O010078,P0017,1,166.99,False
O010079,P0119,1,186.99,False
O010079,P0259,1,62.99,False
O010080,P0272,1,40.99,False
O010081,P0144,1,91.99,False
O010082,P0073,2,53.99,False
O010083,P0060,1,100.99,False
O010084,P0023,1,313.99,False
O010085,P0130,1,60.99,False
O010085,P0276,1,21.99,False
O010086,P0062,1,111.99,False
O010087,P0106,1,37.99,False
O010088,P0056,1,154.99,False
O010089,P0273,1,30.99,False
O010089,P0028,1,284.99,False
O010090,P0199,2,16.99,False
O010091,P0150,1,16.99,False
O010092,P0174,1,87.99,False
O010093,P0237,1,31.99,False
O010093,P0115,2,51.99,True
O010094,P0058,1,133.99,False
O010094,P0045,1,55.99,False
O010094,P0248,2,224.99,False
O010095,P0054,1,127.99,False
O010095,P0225,1,76.99,False
O010096,P0081,1,16.99,False
O010097,P0167,1,40.99,False
O010097,P0175,2,32.99,False
O010098,P0076,1,21.99,False
O010098,P0071,1,171.99,False
O010099,P0128,1,61.99,False
O010099,P0048,2,126.99,False
O010100,P0183,1,61.99,True
O010101,P0136,2,15.99,True
O010102,P0282,1,7.99,False
O010103,P0293,2,43.99,False
O010103,P0228,1,17.99,False
O010103,P0275,1,72.99,True
O010103,P0167,1,40.99,False
O010103,P0232,1,77.99,False
O010104,P0006,1,525.99,False
O010104,P0111,1,240.99,False
O010104,P0069,1,15.99,False
O010105,P0050,2,88.99,False
O010106,P0135,1,38.99,False
O010106,P0282,1,7.99,False
O010107,P0214,2,16.99,False
O010107,P0054,1,127.99,True
O010108,P0286,1,43.99,True
O010108,P0212,1,20.99,False
O010109,P0010,1,109.99,False
O010110,P0286,1,43.99,False
O010110,P0286,1,43.99,False
O010111,P0085,1,160.99,False
O010111,P0110,1,134.99,False
O010112,P0098,1,21.99,False
O010112,P0267,1,45.99,False
O010112,P0030,1,91.99,False
O010113,P0218,1,40.99,False
O010114,P0163,1,13.99,True
O010115,P0141,1,59.99,False
O010116,P0189,1,46.99,False
O010117,P0295,2,13.99,False
O010118,P0060,1,100.99,True
O010119,P0081,1,16.99,False
O010119,P0169,2,18.99,False
O010119,P0296,1,36.99,True
O010120,P0192,1,30.99,False
O010121,P0174,1,87.99,False
O010122,P0059,1,21.99,False
O010122,P0033,2,103.99,True
O010123,P0070,1,28.99,False
O010123,P0196,1,22.99,False
O010124,P0280,1,12.99,False
O010124,P0210,1,9.99,False
O010125,P0097,1,19.99,False
O010126,P0280,1,12.99,False
O010127,P0037,1,111.99,False
O010128,P0245,1,27.99,False
O010128,P0192,2,30.99,True
O010129,P0062,1,111.99,False
O010129,P0063,1,20.99,False
O010130,P0084,1,16.99,False
O010131,P0015,1,61.99,False
O010132,P0220,1,8.99,True
O010132,P0185,1,49.99,False
O010133,P0252,1,85.99,False
O010133,P0004,1,715.99,False
O010134,P0264,1,188.99,False
O010135,P0180,1,14.99,False
O010136,P0159,1,96.99,False
O010137,P0085,1,160.99,False
O010138,P0192,1,30.99,False
O010139,P0091,1,37.99,False
O010140,P0290,1,15.99,False
O010141,P0166,1,84.99,False
O010142,P0043,1,201.99,False
O010142,P0255,1,116.99,False
O010142,P0297,1,11.99,False
O010142,P0139,1,24.99,False
O010143,P0300,1,28.99,False
O010143,P0010,1,109.99,False
O010143,P0132,1,51.99,False
O010143,P0048,2,126.99,False
O010144,P0006,2,525.99,False
O010144,P0010,1,109.99,False
O010145,P0173,1,95.99,False
O010146,P0130,1,60.99,True
O010147,P0035,2,281.99,False
O010147,P0156,1,116.99,False
O010147,P0150,1,16.99,False
O010148,P0116,1,19.99,False
O010148,P0269,1,219.99,False
O010148,P0158,1,34.99,False
O010148,P0067,1,48.99,False
O010149,P0156,3,116.99,False
O010150,P0115,1,51.99,False
O010150,P0084,1,16.99,False
O010151,P0076,1,21.99,False
O010151,P0153,1,28.99,False
O010151,P0235,1,14.99,False
O010152,P0095,1,33.99,False
O010153,P0068,1,143.99,False
O010154,P0005,1,158.99,False
O010154,P0014,1,133.99,False
O010155,P0252,1,85.99,False
O010156,P0274,1,153.99,False
O010157,P0131,1,17.99,False
O010157,P0096,1,168.99,True
O010157,P0113,1,77.99,True
O010158,P0217,1,16.99,False
O010159,P0011,1,71.99,False
O010160,P0179,1,34.99,False
O010161,P0099,1,79.99,False
O010162,P0139,1,24.99,False
O010163,P0214,2,16.99,False
O010164,P0192,1,30.99,False
O010164,P0220,1,8.99,False
O010164,P0235,1,14.99,False
O010165,P0106,1,37.99,False
O010166,P0106,1,37.99,False
O010166,P0229,1,41.99,False
O010167,P0115,1,51.99,False
O010168,P0183,1,61.99,False
O010169,P0064,1,58.99,False
O010170,P0081,1,16.99,False
O010170,P0191,2,62.99,False
O010170,P0202,1,14.99,False
O010171,P0264,1,188.99,False
O010171,P0052,2,410.99,False
O010172,P0038,1,67.99,False
O010172,P0116,1,19.99,False
O010173,P0116,1,19.99,True
O010174,P0148,1,17.99,False
O010175,P0078,1,17.99,False
O010176,P0105,1,94.99,False
O010177,P0162,1,52.99,False
O010177,P0104,1,20.99,False
O010178,P0206,1,35.99,True
O010179,P0064,1,58.99,False
O010179,P0195,1,18.99,False
O010179,P0097,1,19.99,False
O010180,P0015,1,61.99,False
O010180,P0136,1,15.99,True
O010181,P0167,2,40.99,False
O010182,P0045,1,55.99,False
O010183,P0274,1,153.99,False
O010183,P0290,1,15.99,False
O010183,P0095,1,33.99,False
O010184,P0003,1,461.99,False
O010185,P0041,1,181.99,False
O010186,P0148,1,17.99,False
O010187,P0080,1,61.99,False
O010188,P0177,1,66.99,False
O010189,P0275,1,72.99,False
O010190,P0110,1,134.99,False
O010190,P0193,1,79.99,False
O010191,P0249,2,19.99,False
O010192,P0204,1,37.99,False
O010193,P0009,1,64.99,False
O010193,P0296,1,36.99,False
O010194,P0047,1,692.99,False
O010194,P0093,1,37.99,False
O010194,P0296,1,36.99,False
O010195,P0223,1,11.99,False
O010195,P0016,1,316.99,False
O010196,P0090,1,28.99,False
O010196,P0071,1,171.99,False
O010197,P0032,1,664.99,False
O010198,P0070,1,28.99,False
O010199,P0154,1,39.99,False
O010199,P0288,1,12.99,False
O010200,P0024,1,141.99,False
O010201,P0244,1,26.99,False
O010201,P0028,1,284.99,False
O010202,P0235,1,14.99,False
O010202,P0039,1,117.99,False
O010203,P0047,1,692.99,False
O010204,P0227,1,20.99,False
O010205,P0040,2,179.99,False
O010206,P0037,1,111.99,False
O010207,P0119,1,186.99,False
O010208,P0091,1,37.99,False
O010209,P0119,1,186.99,True
O010210,P0122,1,47.99,False
O010211,P0073,1,53.99,False
O010212,P0297,1,11.99,False
O010212,P0057,2,80.99,False
O010213,P0126,1,66.99,False
O010214,P0068,1,143.99,False
O010215,P0104,2,20.99,False
O010215,P0178,1,71.99,True
O010216,P0202,1,14.99,False
O010217,P0246,1,46.99,False
O010217,P0139,1,24.99,False
O010218,P0056,2,154.99,False
O010219,P0240,1,76.99,False
O010220,P0079,1,78.99,False
O010220,P0069,1,15.99,False
O010220,P0149,2,11.99,False
O010221,P0057,1,80.99,False
O010222,P0121,2,53.99,True
O010223,P0113,1,77.99,False
O010223,P0049,1,106.99,False
O010224,P0234,1,60.99,False
O010224,P0262,1,284.99,False
O010225,P0164,1,83.99,False
O010226,P0271,1,30.99,False
O010226,P0271,1,30.99,False
O010227,P0108,1,22.99,False
O010228,P0216,2,23.99,False
O010228,P0132,1,51.99,False
O010228,P0221,1,13.99,False
O010229,P0224,1,65.99,False
O010229,P0233,1,78.99,False
O010229,P0206,1,35.99,False
O010229,P0009,2,64.99,False
O010230,P0136,2,15.99,False
O010230,P0222,1,7.99,False
O010231,P0277,2,40.99,False
O010232,P0228,1,17.99,False
O010233,P0090,1,28.99,False
O010234,P0102,1,55.99,False
O010234,P0219,1,10.99,False
O010235,P0119,1,186.99,False
O010236,P0076,1,21.99,False
O010236,P0076,1,21.99,False
O010236,P0194,1,65.99,False
O010237,P0061,1,105.99,False
O010237,P0145,1,39.99,False
O010238,P0126,1,66.99,False
O010239,P0266,1,85.99,False
O010240,P0110,2,134.99,False
O010240,P0296,1,36.99,False
O010240,P0125,1,12.99,False
O010241,P0155,2,81.99,False
O010241,P0260,1,20.99,False
O010242,P0081,2,16.99,False
O010243,P0086,1,133.99,False
O010244,P0075,1,79.99,False
O010244,P0161,1,14.99,True
O010245,P0078,1,17.99,False
O010246,P0108,1,22.99,True
O010247,P0260,1,20.99,False
O010248,P0043,1,201.99,True
O010249,P0091,1,37.99,False
O010249,P0142,1,73.99,True
O010250,P0173,1,95.99,False
O010250,P0029,1,57.99,False
O010250,P0007,2,120.99,True
O010251,P0033,1,103.99,False
O010251,P0086,1,133.99,False
O010251,P0200,1,30.99,False
O010252,P0283,1,6.99,False
O010253,P0200,1,30.99,False
O010253,P0203,1,48.99,False
O010253,P0022,1,47.99,False
O010254,P0222,1,7.99,False
O010255,P0066,1,88.99,False
O010256,P0273,1,30.99,False
O010257,P0124,1,70.99,False
O010257,P0227,1,20.99,False
O010257,P0269,1,219.99,False
O010257,P0252,2,85.99,False
O010258,P0297,1,11.99,False
O010258,P0154,2,39.99,False
O010259,P0279,1,37.99,False
O010259,P0067,1,48.99,False
O010259,P0214,1,16.99,False
O010260,P0005,0,158.99,True
O010261,P0282,1,7.99,False
O010262,P0131,1,17.99,False
O010262,P0251,1,213.99,False
O010263,P0225,1,76.99,False
O010264,P0118,2,97.99,False
O010264,P0056,1,154.99,False
O010265,P0273,1,30.99,False
O010265,P0033,1,103.99,False
O010265,P0097,1,19.99,False
O010266,P0271,2,30.99,False
O010267,P0281,1,43.99,False
O010268,P0098,2,21.99,False
O010269,P0028,1,284.99,False
O010269,P0220,1,8.99,False
O010270,P0118,1,97.99,False
O010270,P0165,1,84.99,True
O010270,P0270,1,25.99,False
O010271,P0061,1,105.99,False
O010271,P0276,1,21.99,False
O010272,P0281,2,43.99,False
O010272,P0232,2,77.99,False
O010272,P0202,1,14.99,False
O010272,P0070,1,28.99,False
O010273,P0123,1,84.99,False
O010273,P0233,2,78.99,False
O010274,P0030,2,91.99,False
O010274,P0005,1,158.99,False
O010275,P0045,1,55.99,False
O010276,P0108,1,22.99,False
O010277,P0263,1,22.99,False
O010278,P0029,2,57.99,False
O010278,P0131,1,17.99,False
O010279,P0087,2,21.99,False
O010279,P0300,1,28.99,False
O010280,P0136,1,15.99,False
O010281,P0172,1,49.99,False
O010282,P0275,1,72.99,True
O010283,P0005,1,158.99,False
O010284,P0016,1,316.99,False
O010285,P0052,2,410.99,True
O010285,P0278,1,9.99,False
O010286,P0232,1,77.99,False
O010287,P0294,2,39.99,False
O010287,P0023,1,313.99,False
O010287,P0177,1,66.99,False
O010288,P0003,1,461.99,False
O010288,P0023,1,313.99,False
O010288,P0212,1,20.99,False
O010288,P0054,2,127.99,False
O010289,P0104,1,20.99,False
O010290,P0290,1,15.99,False
O010290,P0008,2,72.99,False
O010291,P0269,1,219.99,False
O010292,P0091,1,37.99,False
O010293,P0189,1,46.99,False
O010293,P0267,1,45.99,False
O010294,P0066,1,88.99,False
O010294,P0192,1,30.99,False
O010294,P0246,1,46.99,True
O010295,P0247,1,133.99,False
O010295,P0262,2,284.99,False
O010296,P0127,1,16.99,False
O010297,P0189,1,46.99,False
O010298,P0030,2,91.99,False
O010298,P0193,2,79.99,False
O010298,P0279,1,37.99,False
O010299,P0020,2,102.99,False
O010300,P0121,1,53.99,False
O010301,P0233,1,78.99,False
O010302,P0171,1,22.99,False
O010302,P0035,1,281.99,False
O010302,P0203,1,48.99,False
O010303,P0139,1,24.99,False
O010303,P0294,1,39.99,False
O010304,P0028,1,284.99,False
O010305,P0299,1,22.99,False
O010305,P0281,2,43.99,False
O010306,P0022,1,47.99,False
O010307,P0174,1,87.99,True
O010308,P0128,1,61.99,False
O010309,P0187,1,93.99,False
O010310,P0195,1,18.99,False
O010311,P0290,2,15.99,False
O010312,P0068,1,143.99,False
O010312,P0152,2,24.99,False
O010313,P0200,1,30.99,False
O010314,P0223,2,11.99,False
O010314,P0081,1,16.99,False
O010314,P0295,1,13.99,False
O010315,P0064,1,58.99,False
O010316,P0014,1,133.99,False
O010317,P0035,1,281.99,False
O010318,P0285,1,38.99,False
O010319,P0119,1,186.99,False
O010320,P0119,1,186.99,False
O010321,P0224,1,65.99,True
O010321,P0268,1,27.99,False
O010322,P0148,1,17.99,False
O010323,P0152,1,24.99,False
O010323,P0005,1,158.99,False
O010324,P0134,1,53.99,False
O010324,P0075,1,79.99,False
O010325,P0292,2,14.99,False
O010325,P0010,1,109.99,False
O010325,P0008,1,72.99,False
O010326,P0287,2,14.99,False
O010327,P0012,2,321.99,False
O010327,P0296,1,36.99,False
O010328,P0239,2,37.99,False
O010329,P0226,1,49.99,False
O010329,P0159,1,96.99,False
O010330,P0084,1,16.99,False
O010330,P0258,1,60.99,False
O010331,P0232,1,77.99,False
O010332,P0299,1,22.99,False
O010333,P0158,1,34.99,True
O010334,P0019,1,432.99,False
O010335,P0201,1,13.99,False
O010336,P0113,1,77.99,False
O010337,P0185,1,49.99,False
O010338,P0137,1,31.99,True
O010338,P0101,1,84.99,False
O010339,P0295,1,13.99,False
O010339,P0274,1,153.99,False
O010340,P0261,1,147.99,False
O010340,P0277,3,40.99,False
O010341,P0141,2,59.99,False
O010341,P0073,1,53.99,False
O010342,P0136,1,15.99,False
O010342,P0199,1,16.99,False
O010343,P0080,1,61.99,False
O010343,P0163,1,13.99,False
O010344,P0092,1,215.99,False
O010345,P0037,1,111.99,False
O010346,P0001,1,444.99,False
O010346,P0219,1,10.99,False
O010346,P0130,1,60.99,False
O010346,P0056,1,154.99,False
O010347,P0019,2,432.99,False
O010347,P0109,1,43.99,False
O010348,P0134,1,53.99,False
O010348,P0124,2,70.99,False
O010349,P0048,1,126.99,False
O010349,P0240,1,76.99,False
O010349,P0177,1,66.99,False
O010350,P0213,1,57.99,False
O010351,P0277,2,40.99,False
O010352,P0206,2,35.99,False
O010353,P0226,1,49.99,False
O010354,P0020,1,102.99,False
O010354,P0077,1,32.99,False
O010355,P0279,1,37.99,False
O010356,P0179,1,34.99,False
O010356,P0028,1,284.99,False
O010357,P0083,1,42.99,False
O010358,P0029,1,57.99,False
O010358,P0077,1,32.99,False
O010358,P0060,1,100.99,False
O010358,P0179,1,34.99,False
O010359,P0203,1,48.99,False
O010360,P0267,1,45.99,False
O010361,P0035,1,281.99,False
O010361,P0174,1,87.99,False
O010361,P0074,1,148.99,False
O010362,P0122,1,47.99,True
O010363,P0049,2,106.99,False
O010364,P0221,1,13.99,False
O010364,P0006,1,525.99,True
O010364,P0113,2,77.99,False
O010365,P0221,1,13.99,False
O010366,P0161,1,14.99,False
O010366,P0296,1,36.99,False
O010366,P0153,1,28.99,True
O010367,P0235,1,14.99,True
O010368,P0045,1,55.99,False
O010368,P0285,2,38.99,False
O010369,P0075,1,79.99,False
O010370,P0128,1,61.99,False
O010371,P0025,1,42.99,False
O010372,P0116,1,19.99,False
O010373,P0266,1,85.99,False
O010373,P0236,1,36.99,False
O010374,P0229,1,41.99,False
O010375,P0239,1,37.99,False
O010375,P0252,1,85.99,False
O010376,P0240,1,76.99,False
O010377,P0298,1,6.99,False
O010378,P0088,1,54.99,False
O010379,P0227,1,20.99,False
O010380,P0031,2,372.99,False
O010381,P0218,1,40.99,False
O010381,P0091,1,37.99,False
O010381,P0059,1,21.99,True
O010381,P0131,1,17.99,False
O010381,P0055,1,30.99,False
O010382,P0214,1,16.99,False
O010382,P0025,2,42.99,False
O010383,P0025,1,42.99,True
O010383,P0154,2,39.99,False
O010383,P0081,1,16.99,True
O010384,P0033,1,103.99,False
O010384,P0210,2,9.99,False
O010385,P0287,1,14.99,False
O010386,P0067,1,48.99,False
O010386,P0035,1,281.99,True
O010386,P0244,1,26.99,False
O010387,P0033,2,103.99,False
O010388,P0081,1,16.99,False
O010389,P0144,1,91.99,False
O010390,P0243,2,115.99,False
O010391,P0231,1,10.99,False
O010392,P0267,1,45.99,False
O010393,P0052,2,410.99,False
O010393,P0170,1,23.99,False
O010394,P0160,2,36.99,False
O010395,P0175,1,32.99,False
O010395,P0012,1,321.99,False
O010396,P0256,1,19.99,False
O010397,P0212,1,20.99,False
O010398,P0286,1,43.99,False
O010398,P0196,1,22.99,False
O010399,P0038,1,67.99,False
O010399,P0148,1,17.99,False
O010400,P0159,1,96.99,False
O010401,P0038,1,67.99,False
O010402,P0149,2,11.99,False
O010403,P0185,1,49.99,True
O010403,P0014,2,133.99,False
O010404,P0263,1,22.99,False
O010405,P0013,1,353.99,False
O010405,P0073,1,53.99,False
O010405,P0205,2,48.99,False
O010406,P0117,2,32.99,False
O010407,P0189,2,46.99,False
O010407,P0179,1,34.99,False
O010408,P0283,1,6.99,False
O010408,P0282,1,7.99,False
O010409,P0178,1,71.99,False
O010409,P0239,1,37.99,False
O010409,P0124,1,70.99,False
O010410,P0261,2,147.99,False
O010410,P0240,1,76.99,False
O010410,P0007,1,120.99,False
O010411,P0128,1,61.99,False
O010411,P0158,1,34.99,True
O010412,P0281,1,43.99,False
O010412,P0278,2,9.99,False
O010413,P0250,1,,False
O010414,P0277,1,40.99,False
O010415,P0124,2,70.99,False
O010415,P0130,1,60.99,True
O010416,P0116,1,19.99,False
O010416,P0275,1,72.99,False
O010416,P0132,1,51.99,False
O010417,P0298,1,6.99,False
O010418,P0116,1,19.99,False
O010418,P0045,1,55.99,False
O010418,P0280,1,12.99,False
O010419,P0108,1,22.99,False
O010420,P0280,1,12.99,False
O010420,P0123,1,84.99,False
O010421,P0006,1,525.99,False
O010422,P0215,1,55.99,False
O010423,P0225,1,76.99,False
O010423,P0239,1,37.99,False
O010424,P0029,1,57.99,False
O010424,P0291,1,8.99,False
O010424,P0237,2,31.99,False
O010425,P0178,1,71.99,False
O010426,P0173,1,95.99,False
O010426,P0106,1,37.99,False
O010427,P0156,1,116.99,True
O010428,P0060,1,100.99,False
O010428,P0112,1,163.99,False
O010429,P0198,1,14.99,True
O010429,P0234,1,60.99,False
O010430,P0193,1,79.99,False
O010430,P0294,1,39.99,False
O010431,P0174,1,87.99,False
O010431,P0259,1,62.99,False
O010431,P0084,1,16.99,False
O010431,P0227,1,20.99,False
O010431,P0258,1,60.99,False
O010431,P0043,1,201.99,False
O010432,P0298,2,6.99,False
O010433,P0252,2,85.99,False
O010433,P0191,1,62.99,False
O010433,P0192,1,30.99,False
O010434,P0213,1,57.99,False
O010435,P0235,1,14.99,False
O010436,P0217,1,16.99,False
O010437,P0063,2,20.99,False
O010437,P0089,1,31.99,False
O010438,P0040,2,179.99,False
O010439,P0124,1,70.99,False
O010440,P0087,1,21.99,False
O010441,P0171,1,22.99,True
O010442,P0219,1,10.99,False
O010442,P0048,1,126.99,False
O010443,P0049,1,106.99,False
O010444,P0042,1,174.99,False
O010444,P0118,1,97.99,False
O010444,P0226,1,49.99,False
O010445,P0261,2,,False
O010445,P0111,1,240.99,False
O010445,P0017,1,166.99,False
O010446,P0083,1,42.99,False
O010447,P0221,1,13.99,False
O010448,P0257,1,34.99,False
O010449,P0059,1,21.99,False
O010449,P0179,1,34.99,False
O010450,P0275,1,72.99,False
O010451,P0118,1,97.99,False
O010452,P0266,1,85.99,False
O010453,P0082,1,74.99,False
O010453,P0150,2,16.99,False
O010454,P0186,1,56.99,False
O010454,P0268,1,27.99,False
O010455,P0014,1,133.99,False
O010455,P0204,1,37.99,False
O010456,P0245,1,27.99,False
O010457,P0219,1,10.99,False
O010457,P0266,1,85.99,False
O010458,P0241,1,15.99,False
O010459,P0133,1,105.99,False
O010460,P0070,2,28.99,False
O010460,P0176,1,115.99,False
O010460,P0028,-1,284.99,False
O010460,P0284,1,26.99,False
O010461,P0279,2,37.99,False
O010461,P0154,1,39.99,False
O010462,P0255,1,116.99,False
O010463,P0045,2,55.99,False
O010463,P0085,2,160.99,False
O010464,P0071,1,171.99,False
O010465,P0188,1,26.99,False
O010466,P0261,1,147.99,False
O010467,P0059,1,21.99,False
O010468,P0091,1,37.99,False
O010468,P0168,1,50.99,False
O010469,P0079,1,78.99,False
O010470,P0089,1,31.99,False
O010470,P0020,1,102.99,False
O010470,P0059,1,21.99,False
O010471,P0171,1,22.99,False
O010472,P0157,1,29.99,False
O010473,P0096,1,168.99,False
O010474,P0068,1,143.99,False
O010474,P0206,1,35.99,False
O010475,P0293,1,43.99,False
O010476,P0192,1,30.99,False
O010477,P0192,2,30.99,False
O010477,P0029,1,57.99,False
O010477,P0207,1,21.99,False
O010477,P0246,1,46.99,False
O010478,P0097,2,19.99,False
O010479,P0063,1,20.99,False
O010480,P0185,1,49.99,True
O010481,P0051,2,45.99,False
O010482,P0064,1,58.99,False
O010483,P0047,1,692.99,False
O010484,P0003,2,461.99,False
O010484,P0253,1,246.99,False
O010485,P0099,1,79.99,False
O010486,P0181,1,100.99,False
O010487,P0105,2,94.99,False
O010488,P0123,1,84.99,False
O010489,P0190,1,17.99,False
O010490,P0281,2,43.99,False
O010490,P0012,1,321.99,False
O010491,P0235,1,14.99,False
O010491,P0170,1,23.99,False
O010492,P0064,1,58.99,False
O010492,P0165,1,84.99,False
O010493,P0043,1,201.99,True
O010494,P0265,1,24.99,False
O010494,P0167,1,40.99,True
O010495,P0071,1,171.99,False
O010496,P0116,1,19.99,False
O010497,P0013,1,353.99,True
O010497,P0031,1,372.99,False
O010498,P0169,1,18.99,False
O010498,P0042,1,174.99,False
O010499,P0030,1,91.99,False
O010499,P0170,1,23.99,False
O010500,P0219,1,10.99,False
O010501,P0041,1,181.99,False
O010502,P0003,1,461.99,False
O010502,P0027,1,349.99,False
O010503,P0206,1,35.99,False
O010503,P0127,1,16.99,False
O010504,P0084,1,16.99,False
O010504,P0188,1,26.99,False
O010504,P0268,1,27.99,False
O010505,P0295,1,13.99,False
O010506,P0006,1,525.99,False
O010506,P0266,1,85.99,False
O010507,P0025,1,42.99,False
O010507,P0273,1,30.99,True
O010507,P0002,2,53.99,False
O010507,P0133,1,105.99,True
O010508,P0069,2,15.99,False
O010508,P0146,1,36.99,False
O010508,P0280,1,12.99,False
O010509,P0149,1,11.99,False
O010510,P0116,1,19.99,False
O010510,P0096,1,168.99,False
O010511,P0294,1,39.99,False
O010511,P0179,1,34.99,False
O010512,P0241,1,15.99,False
O010513,P0299,1,22.99,False
O010514,P0107,1,31.99,False
O010515,P0137,1,31.99,False
O010516,P0283,1,6.99,False
O010517,P0073,1,53.99,False
O010517,P0052,1,410.99,False
O010517,P0214,1,16.99,False
O010517,P0014,1,133.99,False
O010518,P0217,1,16.99,False
O010519,P0149,1,11.99,False
O010520,P0073,1,53.99,False
O010521,P0197,1,20.99,False
O010521,P0191,1,62.99,False
O010522,P0216,1,23.99,False
O010522,P0117,1,32.99,False
O010523,P0003,1,461.99,False
O010524,P0067,1,48.99,False
O010524,P0009,1,64.99,False
O010524,P0132,1,51.99,False
O010524,P0065,1,33.99,False
O010525,P0066,1,88.99,False
O010526,P0052,1,410.99,False
O010527,P0039,1,117.99,False
O010528,P0267,1,45.99,False
O010528,P0186,1,56.99,False
O010528,P0215,2,55.99,False
O010529,P0044,2,650.99,True
O010530,P0132,2,51.99,True
O010530,P0298,1,6.99,False
O010530,P0099,1,79.99,False
O010531,P0272,1,40.99,False
O010531,P0255,1,116.99,False
O010532,P0269,1,219.99,False
O010532,P0104,1,20.99,False
O010533,P0147,1,82.99,False
O010534,P0270,1,25.99,False
O010535,P0013,1,353.99,False
O010536,P0133,1,105.99,False
O010536,P0042,2,174.99,False
O010537,P0246,1,46.99,False
O010537,P0070,2,28.99,False
O010537,P0038,2,67.99,False
O010538,P0108,1,22.99,False
O010538,P0274,1,153.99,False
O010539,P0109,1,43.99,False
O010539,P0014,1,133.99,False
O010540,P0232,1,77.99,False
O010540,P0258,1,60.99,True
O010540,P0119,1,186.99,False
O010541,P0110,1,134.99,False
O010542,P0193,1,79.99,False
O010542,P0137,1,31.99,False
O010542,P0187,2,93.99,False
O010543,P0157,1,29.99,False
O010544,P0045,1,55.99,False
O010545,P0180,1,14.99,False
O010546,P0003,2,461.99,False
O010547,P0136,1,15.99,False
O010547,P0243,1,115.99,False
O010548,P0268,1,27.99,False
O010548,P0245,2,27.99,False
O010549,P0093,1,37.99,False
O010550,P0276,1,21.99,False
O010550,P0300,1,28.99,False
O010550,P0117,2,32.99,False
O010551,P0289,1,25.99,False
O010552,P0132,1,51.99,False
O010552,P0040,1,179.99,False
O010553,P0164,1,83.99,False
O010554,P0299,2,22.99,False
O010554,P0217,2,16.99,False
O010554,P0141,1,59.99,True
O010555,P0233,1,78.99,False
O010555,P0257,1,34.99,False
O010555,P0218,1,40.99,False
O010555,P0212,1,20.99,False
O010556,P0292,1,14.99,False
O010557,P0019,1,432.99,False
O010557,P0098,2,21.99,False
O010557,P0229,1,41.99,False
O010558,P0012,1,321.99,False
O010559,P0248,1,,False
O010560,P0241,1,15.99,False
O010561,P0235,1,14.99,False
O010562,P0183,1,61.99,False
O010562,P0250,1,281.99,False
O010562,P0197,2,20.99,False
O010563,P0010,1,109.99,False
O010564,P0096,1,168.99,False
O010564,P0137,1,31.99,False
O010564,P0259,1,62.99,False
O010565,P0022,3,47.99,False
O010565,P0172,1,49.99,True
O010565,P0141,2,59.99,False
O010566,P0050,2,88.99,False
O010566,P0134,2,53.99,False
O010567,P0291,2,8.99,False
O010568,P0059,1,21.99,False
O010568,P0118,1,97.99,False
O010569,P0046,1,384.99,False
O010570,P0294,1,39.99,False
O010571,P0115,2,51.99,False
O010571,P0165,1,84.99,False
O010572,P0057,2,80.99,False
O010572,P0101,1,84.99,False
O010573,P0019,1,432.99,False
O010573,P0070,2,28.99,False
O010573,P0030,2,91.99,False
O010574,P0038,1,67.99,False
O010575,P0279,1,37.99,False
O010576,P0175,2,32.99,False
O010577,P0286,1,43.99,False
O010577,P0069,1,15.99,False
O010578,P0249,1,19.99,False
O010578,P0075,1,79.99,False
O010579,P0266,1,85.99,False
O010579,P0044,1,650.99,True
O010580,P0080,1,61.99,False
O010581,P0198,1,14.99,False
O010581,P0196,1,22.99,False
O010581,P0285,1,38.99,False
O010582,P0277,1,40.99,False
O010582,P0114,1,152.99,False
O010582,P0177,1,66.99,False
O010583,P0136,1,15.99,False
O010584,P0034,1,423.99,False
O010585,P0169,1,18.99,False
O010586,P0015,1,61.99,False
O010587,P0235,1,14.99,False
O010587,P0076,1,21.99,False
O010587,P0260,1,20.99,False
O010588,P0108,1,22.99,False
O010589,P0289,1,25.99,False
O010589,P0259,1,62.99,False
O010590,P0214,2,16.99,False
O010590,P0102,1,55.99,False
O010591,P0151,1,27.99,False
O010592,P0071,2,171.99,False
O010593,P0258,1,60.99,False
O010593,P0110,1,134.99,False
O010593,P0048,2,126.99,False
O010594,P0224,1,65.99,False
O010594,P0289,1,25.99,False
O010595,P0154,1,39.99,False
O010596,P0124,1,70.99,False
O010597,P0045,1,55.99,False
O010598,P0140,1,19.99,True
O010598,P0067,2,48.99,True
O010599,P0034,1,423.99,False
O010599,P0160,1,36.99,False
O010599,P0170,1,23.99,False
O010600,P0224,2,65.99,False
O010600,P0115,2,51.99,False
O010601,P0296,2,36.99,False
O010602,P0121,1,53.99,False
O010603,P0047,1,692.99,False
O010603,P0122,1,47.99,False
O010603,P0023,2,313.99,False
O010604,P0261,2,147.99,False
O010605,P0273,2,30.99,False
O010605,P0196,2,22.99,False
O010606,P0016,2,316.99,False
O010607,P0285,1,38.99,False
O010607,P0123,1,84.99,False
O010608,P0271,1,30.99,False
O010609,P0077,1,32.99,False
O010609,P0266,1,85.99,False
O010610,P0273,1,30.99,False
O010611,P0037,1,111.99,False
O010612,P0128,1,61.99,False
O010613,P0021,1,77.99,False
O010614,P0073,1,53.99,False
O010615,P0145,1,39.99,False
O010615,P0083,1,42.99,False
O010616,P0117,1,32.99,False
O010617,P0265,2,24.99,False
O010618,P0156,1,116.99,True
O010618,P0262,1,284.99,False
O010619,P0253,2,246.99,False
O010620,P0027,2,349.99,False
O010620,P0137,1,31.99,False
O010621,P0025,1,42.99,False
O010621,P0162,1,52.99,False
O010621,P0113,1,77.99,False
O010622,P0251,2,213.99,False
O010623,P0292,1,14.99,False
O010623,P0230,1,61.99,False
O010624,P0141,1,59.99,False
O010624,P0284,1,26.99,False
O010625,P0093,1,37.99,False
O010626,P0009,1,64.99,False
O010627,P0156,1,116.99,False
O010627,P0073,1,53.99,False
O010628,P0277,2,40.99,False
O010629,P0265,1,24.99,False
O010630,P0059,1,21.99,False
O010630,P0261,1,147.99,False
O010631,P0084,1,16.99,True
O010631,P0132,1,51.99,False
O010631,P0133,2,105.99,False
O010632,P0267,1,45.99,False
O010633,P0219,1,10.99,False
O010634,P0105,1,94.99,False
O010634,P0199,1,16.99,False
O010634,P0238,1,32.99,False
O010635,P0115,1,51.99,True
O010635,P0182,1,12.99,True
O010635,P0095,1,33.99,False
O010636,P0221,1,13.99,False
O010637,P0017,1,166.99,False
O010637,P0072,1,49.99,False
O010638,P0294,1,39.99,False
O010639,P0111,1,240.99,False
O010640,P0114,2,152.99,False
O010641,P0246,1,46.99,False
O010641,P0143,2,50.99,False
O010642,P0172,1,49.99,False
O010643,P0225,1,76.99,False
O010644,P0283,1,6.99,False
O010645,P0016,1,316.99,False
O010645,P0077,1,32.99,False
O010646,P0120,1,132.99,False
O010647,P0113,1,77.99,False
O010647,P0036,1,145.99,False
O010648,P0041,1,181.99,False
O010648,P0264,1,188.99,False
O010649,P0293,1,43.99,False
O010649,P0120,1,132.99,False
O010649,P0221,2,13.99,False
O010650,P0231,1,10.99,False
O010650,P0145,1,39.99,False
O010651,P0186,1,56.99,False
O010651,P0158,1,34.99,False
O010652,P0265,1,24.99,False
O010653,P0195,2,18.99,False
O010653,P0163,1,13.99,True
O010654,P0051,1,45.99,False
O010655,P0235,1,14.99,False
O010655,P0186,1,56.99,False
O010656,P0214,1,16.99,False
O010657,P0001,1,444.99,False
O010657,P0072,1,49.99,False
O010658,P0241,1,15.99,False
O010658,P0202,1,14.99,False
O010658,P0243,1,115.99,False
O010659,P0169,2,18.99,False
O010660,P0117,1,32.99,False
O010661,P0220,1,8.99,False
O010662,P0279,1,37.99,False
O010662,P0257,1,34.99,False
O010663,P0034,1,423.99,False
O010663,P0246,1,46.99,False
O010664,P0149,1,11.99,False
O010665,P0173,1,,True
O010665,P0032,1,664.99,False
O010666,P0194,1,65.99,False
O010666,P0075,2,79.99,False
O010667,P0020,1,102.99,False
O010667,P0245,1,27.99,False
O010668,P0154,3,39.99,True
O010668,P0075,1,79.99,False
O010669,P0046,1,384.99,False
O010669,P0296,2,36.99,False
O010669,P0234,1,60.99,False
O010670,P0067,1,48.99,False
O010671,P0165,1,84.99,False
O010672,P0140,1,19.99,False
O010672,P0026,1,65.99,False
O010673,P0249,1,19.99,False
O010673,P0212,1,20.99,False
O010674,P0294,2,39.99,False
O010674,P0082,1,74.99,False
O010675,P0172,1,49.99,False
O010676,P0066,1,88.99,False
O010676,P0216,1,23.99,False
O010677,P0127,1,16.99,False
O010677,P0119,1,186.99,False
O010678,P0300,1,28.99,False
O010679,P0092,1,215.99,False
O010680,P0202,1,14.99,False
O010681,P0185,1,49.99,False
O010682,P0152,1,24.99,False
O010682,P0103,1,141.99,False
O010683,P0153,1,28.99,True
O010683,P0110,1,134.99,False
O010684,P0017,1,166.99,False
O010685,P0163,1,13.99,False
O010685,P0074,1,148.99,False
O010685,P0116,1,19.99,False
O010686,P0203,1,48.99,False
O010687,P0104,2,20.99,False
O010687,P0278,2,9.99,False
O010688,P0166,1,84.99,False
O010689,P0224,1,65.99,False
O010689,P0005,3,158.99,False
O010690,P0192,1,30.99,False
O010691,P0036,1,145.99,False
O010692,P0125,2,12.99,False
O010693,P0031,2,372.99,False
O010693,P0022,1,47.99,False
O010694,P0020,1,102.99,False
O010695,P0150,1,16.99,False
O010696,P0233,1,78.99,False
O010696,P0286,1,43.99,False
O010697,P0125,1,12.99,False
O010697,P0173,1,95.99,True
O010698,P0019,1,432.99,False
O010698,P0175,1,32.99,False
O010698,P0181,1,100.99,False
O010699,P0058,1,133.99,False
O010699,P0280,1,12.99,False
O010700,P0096,1,168.99,False
O010701,P0039,1,117.99,False
O010702,P0007,1,120.99,False
O010703,P0226,1,49.99,True
O010704,P0282,1,7.99,False
O010704,P0218,1,40.99,False
O010704,P0206,1,35.99,False
O010705,P0283,1,6.99,False
O010705,P0231,1,10.99,False
O010706,P0139,1,24.99,False
O010707,P0154,1,39.99,True
O010707,P0250,1,281.99,False
O010708,P0290,1,15.99,False
O010709,P0071,1,171.99,False
O010710,P0126,1,66.99,False
O010711,P0046,1,384.99,False
O010712,P0067,1,48.99,False
O010712,P0069,1,15.99,False
O010713,P0280,0,12.99,False
O010713,P0042,1,174.99,False
O010714,P0016,1,316.99,False
O010715,P0164,1,83.99,False
O010715,P0222,1,7.99,False
O010715,P0032,1,664.99,False
O010716,P0152,1,24.99,False
O010716,P0056,2,154.99,False
O010717,P0289,2,25.99,False
O010717,P0116,1,19.99,False
O010718,P0181,1,100.99,False
O010718,P0080,2,61.99,False
O010718,P0177,1,66.99,True
O010719,P0079,2,78.99,False
O010720,P0279,1,37.99,False
O010721,P0117,2,32.99,False
O010722,P0082,1,74.99,False
O010723,P0220,1,8.99,False
O010724,P0300,1,28.99,False
O010725,P0210,1,9.99,False
O010726,P0007,1,120.99,False
O010726,P0184,2,75.99,False
O010727,P0269,2,219.99,False
O010728,P0036,2,145.99,False
O010729,P0151,1,27.99,True
O010729,P0160,2,36.99,False
O010729,P0055,1,30.99,False
O010730,P0003,2,461.99,False
O010731,P0158,1,34.99,True
O010732,P0001,2,444.99,False
O010732,P0277,1,40.99,False
O010733,P0139,1,24.99,True
O010733,P0030,1,91.99,False
O010734,P0022,2,47.99,False
O010734,P0041,2,181.99,False
O010735,P0091,1,37.99,False
O010736,P0100,1,30.99,False
O010736,P0138,1,30.99,False
O010737,P0286,2,43.99,False
O010738,P0191,2,62.99,True
O010738,P0130,1,60.99,False
O010738,P0182,1,12.99,False
O010738,P0298,2,6.99,False
O010739,P0238,1,32.99,False
O010739,P0030,1,91.99,False
O010739,P0205,1,48.99,False
O010739,P0212,1,20.99,False
O010739,P0206,2,35.99,False
O010740,P0006,2,525.99,False
O010740,P0085,1,160.99,False
O010741,P0153,1,28.99,False
O010741,P0276,1,21.99,False
O010742,P0277,1,40.99,False
O010742,P0210,1,9.99,False
O010743,P0095,1,33.99,False
O010744,P0179,2,34.99,False
O010745,P0113,1,77.99,False
O010745,P0278,1,9.99,False
O010746,P0135,1,38.99,False
O010746,P0080,1,61.99,False
O010747,P0177,1,66.99,True
O010747,P0200,1,30.99,False
O010748,P0293,1,43.99,False
O010748,P0088,1,54.99,False
O010749,P0268,1,27.99,False
O010750,P0268,1,27.99,False
O010750,P0147,1,82.99,True
O010751,P0035,2,281.99,False
O010752,P0093,1,37.99,False
O010752,P0060,1,100.99,False
O010753,P0299,1,22.99,False
O010753,P0220,2,8.99,False
O010754,P0115,1,51.99,False
O010754,P0236,1,36.99,True
O010754,P0229,1,41.99,False
O010755,P0074,1,148.99,False
O010755,P0104,1,20.99,False
O010755,P0226,1,49.99,False
O010756,P0260,1,20.99,False
O010756,P0189,1,46.99,False
O010757,P0220,1,8.99,False
O010758,P0264,1,188.99,False
O010758,P0234,2,60.99,False
O010759,P0255,2,116.99,False
O010759,P0258,1,60.99,False
O010760,P0256,1,19.99,False
O010760,P0097,1,19.99,False
O010761,P0292,1,14.99,False
O010761,P0294,1,39.99,False
O010761,P0105,1,94.99,False
O010762,P0218,1,40.99,False
O010762,P0250,1,281.99,False
O010763,P0262,1,284.99,False
O010763,P0024,1,141.99,False
O010764,P0246,1,46.99,False
O010764,P0272,1,40.99,False
O010765,P0115,1,51.99,False
O010766,P0104,1,20.99,True
O010766,P0103,1,141.99,False
O010767,P0175,1,32.99,False
O010768,P0021,1,77.99,False
O010768,P0027,1,349.99,False
O010769,P0162,1,52.99,False
O010769,P0070,1,28.99,False
O010769,P0193,1,79.99,False
O010770,P0213,1,57.99,False
O010771,P0110,1,134.99,False
O010771,P0049,1,106.99,True
O010771,P0265,1,24.99,False
O010771,P0049,1,106.99,True
O010772,P0171,2,22.99,False
O010773,P0253,2,246.99,False
O010774,P0017,1,166.99,True
O010775,P0275,1,72.99,False
O010776,P0038,1,67.99,False
O010776,P0123,1,84.99,True
O010777,P0066,1,88.99,False
O010778,P0234,1,60.99,False
O010779,P0115,1,51.99,False
O010780,P0022,1,47.99,True
O010781,P0153,1,28.99,False
O010781,P0170,1,23.99,False
O010782,P0009,1,64.99,False
O010783,P0203,1,48.99,False
O010783,P0293,3,43.99,False
O010784,P0037,1,111.99,False
O010785,P0247,1,133.99,False
O010785,P0158,1,34.99,False
O010786,P0022,2,47.99,True
O010786,P0127,2,16.99,True
O010787,P0171,1,22.99,True
O010788,P0233,1,78.99,False
O010788,P0048,2,126.99,False
O010789,P0042,1,174.99,False
O010790,P0099,1,79.99,False
O010791,P0030,1,91.99,False
O010791,P0194,1,65.99,False
O010792,P0044,1,650.99,False
O010792,P0149,1,11.99,False
O010793,P0035,1,281.99,False
O010794,P0289,1,25.99,False
O010795,P0181,1,100.99,True
O010796,P0035,1,281.99,False
O010797,P0150,1,16.99,False
O010798,P0183,1,61.99,False
O010798,P0046,1,384.99,False
O010799,P0136,1,15.99,True
O010800,P0158,1,34.99,False
O010801,P0040,1,179.99,False
O010802,P0287,1,14.99,False
O010802,P0172,1,49.99,False
O010803,P0252,1,85.99,False
O010804,P0196,2,22.99,False
O010805,P0194,1,65.99,False
O010805,P0110,2,134.99,False
O010805,P0082,1,74.99,False
O010806,P0002,2,53.99,False
O010806,P0240,1,76.99,False
O010807,P0192,1,30.99,False
O010808,P0056,1,154.99,False
O010808,P0001,1,444.99,True
O010809,P0199,2,16.99,False
O010810,P0180,1,14.99,False
O010811,P0038,1,67.99,False
O010811,P0174,1,87.99,False
O010812,P0178,1,71.99,False
O010813,P0057,1,80.99,False
O010813,P0110,1,134.99,False
O010814,P0236,1,36.99,False
O010814,P0297,1,11.99,False
O010814,P0005,1,158.99,False
O010815,P0135,2,38.99,False
O010815,P0071,1,171.99,False
O010816,P0133,2,105.99,False
O010816,P0088,1,54.99,False
O010817,P0166,1,84.99,False
O010817,P0140,1,19.99,False
O010818,P0093,1,37.99,False
O010819,P0270,1,25.99,False
O010820,P0126,1,66.99,False
O010820,P0064,1,58.99,False
O010821,P0168,1,50.99,False
O010822,P0078,1,17.99,False
O010823,P0176,2,115.99,True
O010823,P0074,2,148.99,False
O010823,P0107,1,31.99,False
O010823,P0103,2,141.99,False
O010824,P0120,1,132.99,False
O010825,P0210,1,9.99,False
O010826,P0122,1,47.99,False
O010826,P0067,2,48.99,False
O010827,P0138,2,30.99,False
O010828,P0160,2,36.99,False
O010829,P0142,2,73.99,False
O010830,P0103,1,141.99,False
O010830,P0169,1,18.99,False
O010831,P0257,1,34.99,False
O010831,P0209,1,22.99,False
O010832,P0172,1,49.99,False
O010833,P0165,1,84.99,False
O010834,P0183,2,61.99,False
O010834,P0124,2,70.99,False
O010834,P0180,1,14.99,False
O010835,P0008,2,72.99,False
O010835,P0117,1,32.99,False
O010836,P0048,1,126.99,False
O010837,P0181,1,100.99,False
O010837,P0077,1,32.99,False
O010838,P0149,1,11.99,True
O010839,P0221,1,13.99,False
O010839,P0159,1,96.99,True
O010840,P0072,2,49.99,False
O010840,P0068,1,143.99,False
O010841,P0036,1,145.99,False
O010842,P0210,1,9.99,False
O010842,P0245,1,27.99,False
O010842,P0152,2,24.99,False
O010842,P0118,1,97.99,False
O010843,P0028,1,284.99,False
O010844,P0169,1,18.99,False
O010845,P0231,2,10.99,False
O010846,P0252,1,85.99,False
O010846,P0240,1,76.99,False
O010846,P0287,1,14.99,False
O010847,P0182,1,12.99,False
O010847,P0064,1,58.99,False
O010848,P0007,1,120.99,False
O010848,P0053,2,200.99,False
O010848,P0095,1,33.99,False
O010849,P0003,1,461.99,False
O010850,P0002,1,53.99,True
O010850,P0176,1,115.99,False
O010851,P0055,1,30.99,False
O010851,P0032,2,664.99,False
O010852,P0285,1,38.99,False
O010853,P0230,2,61.99,False
O010853,P0183,1,61.99,False
O010854,P0298,1,,False
O010855,P0243,1,115.99,False
O010856,P0037,1,111.99,False
O010857,P0145,2,39.99,False
O010858,P0244,1,26.99,False
O010858,P0250,1,281.99,False
O010858,P0022,1,47.99,False
O010859,P0154,2,39.99,False
O010860,P0248,2,224.99,False
O010861,P0041,1,181.99,False
O010861,P0273,2,30.99,False
O010862,P0017,2,166.99,False
O010863,P0023,1,313.99,False
O010863,P0097,1,19.99,False
O010864,P0288,1,12.99,False
O010865,P0255,1,116.99,False
O010866,P0268,1,27.99,False
O010867,P0132,1,51.99,False
O010868,P0050,2,88.99,False
O010869,P0101,1,84.99,False
O010870,P0105,2,94.99,False
O010871,P0291,1,8.99,False
O010872,P0207,1,21.99,False
O010873,P0003,2,461.99,False
O010874,P0048,1,126.99,False
O010875,P0156,2,116.99,False
O010876,P0190,1,17.99,False
O010877,P0209,1,22.99,False
O010878,P0088,1,54.99,False
O010879,P0246,1,46.99,False
O010880,P0094,2,143.99,True
O010880,P0246,1,46.99,False
O010881,P0201,1,13.99,False
O010882,P0071,1,171.99,False
O010883,P0031,1,372.99,False
O010883,P0162,1,52.99,False
O010883,P0107,1,31.99,False
O010884,P0098,1,21.99,False
O010885,P0243,1,115.99,False
O010886,P0275,1,72.99,False
O010887,P0207,2,21.99,False
O010888,P0057,1,80.99,False
O010889,P0248,2,224.99,False
O010890,P0134,1,53.99,False
O010891,P0084,1,16.99,False
O010892,P0217,1,16.99,False
O010893,P0273,1,30.99,False
O010893,P0088,1,54.99,False
O010894,P0134,1,53.99,False
O010895,P0200,1,30.99,False
O010896,P0062,2,111.99,False
O010897,P0254,2,48.99,False
O010898,P0093,1,37.99,False
O010898,P0170,1,23.99,False
O010898,P0247,1,133.99,False
O010898,P0104,1,20.99,False
O010899,P0196,2,22.99,False
O010900,P0238,1,32.99,False
O010900,P0183,1,61.99,False
O010901,P0135,1,38.99,False
O010901,P0224,1,65.99,False
O010902,P0116,1,19.99,False
O010903,P0078,1,17.99,False
O010904,P0101,2,84.99,False
O010905,P0285,1,38.99,False
O010906,P0135,1,38.99,False
O010906,P0108,1,22.99,False
O010907,P0105,1,94.99,False
O010907,P0049,1,106.99,False
O010908,P0052,1,410.99,False
O010908,P0069,1,15.99,False
O010909,P0072,1,49.99,False
O010910,P0235,2,14.99,False
O010911,P0114,1,152.99,False
O010911,P0286,1,43.99,False
O010911,P0041,1,181.99,False
O010912,P0287,1,14.99,False
O010913,P0013,1,353.99,False
O010913,P0069,1,15.99,False
O010914,P0136,1,15.99,False
O010915,P0210,1,9.99,False
O010916,P0060,1,100.99,False
O010917,P0174,1,87.99,False
O010917,P0092,1,215.99,False
O010918,P0072,1,49.99,False
O010919,P0024,1,141.99,False
O010920,P0268,1,27.99,False
O010921,P0197,1,20.99,False
O010922,P0007,2,120.99,False
O010923,P0187,1,93.99,False
O010923,P0059,2,21.99,False
O010924,P0270,1,25.99,False
O010925,P0280,1,12.99,False
O010926,P0110,1,134.99,False
O010926,P0062,2,111.99,False
O010927,P0248,2,224.99,False
O010928,P0056,1,154.99,False
O010928,P0219,1,10.99,False
O010928,P0023,1,313.99,False
O010929,P0283,1,6.99,False
O010930,P0204,1,37.99,False
O010931,P0050,2,88.99,True
O010932,P0148,2,17.99,False
O010932,P0099,1,79.99,False
O010932,P0212,1,20.99,False
O010932,P0149,1,11.99,False
O010932,P0286,1,43.99,False
O010933,P0222,1,7.99,False
O010934,P0073,1,53.99,False
O010934,P0134,1,53.99,False
O010934,P0196,1,22.99,False
O010935,P0143,1,50.99,False
O010935,P0279,1,37.99,False
O010936,P0277,1,40.99,False
O010936,P0061,1,105.99,False
O010936,P0002,1,53.99,False
O010937,P0016,1,316.99,False
O010938,P0246,1,46.99,False
O010939,P0273,1,30.99,False
O010939,P0118,1,97.99,False
O010940,P0094,1,143.99,False
O010940,P0132,1,51.99,False
O010941,P0027,2,349.99,False
O010942,P0133,1,105.99,False
O010943,P0221,2,13.99,False
O010943,P0148,1,17.99,False
O010943,P0174,1,87.99,False
O010944,P0128,1,61.99,False
O010944,P0019,1,432.99,False
O010944,P0050,1,88.99,False
O010945,P0001,1,444.99,True
O010946,P0008,2,72.99,False
O010947,P0027,1,349.99,False
O010948,P0161,1,14.99,True
O010949,P0224,1,65.99,False
O010949,P0263,1,22.99,False
O010950,P0241,1,15.99,False
O010951,P0095,1,33.99,False
O010951,P0293,1,43.99,False
O010952,P0287,1,14.99,False
O010952,P0039,1,117.99,False
O010953,P0300,1,28.99,False
O010954,P0252,1,85.99,False
O010955,P0219,1,10.99,False
O010955,P0166,1,84.99,False
O010955,P0291,1,8.99,False
O010955,P0246,1,46.99,False
O010955,P0009,1,64.99,False
O010956,P0011,1,71.99,False
O010956,P0110,1,134.99,False
O010957,P0212,2,20.99,False
O010957,P0130,1,60.99,False
O010958,P0271,1,30.99,False
O010958,P0162,1,52.99,False
O010959,P0058,1,133.99,False
O010960,P0052,1,410.99,False
O010960,P0052,1,410.99,True
O010960,P0066,1,88.99,False
O010961,P0259,1,62.99,False
O010962,P0261,1,147.99,True
O010962,P0060,1,100.99,False
O010963,P0178,1,71.99,False
O010964,P0142,2,73.99,False
O010965,P0203,2,48.99,False
O010965,P0033,1,103.99,False
O010965,P0262,1,284.99,False
O010966,P0183,1,61.99,False
O010966,P0137,2,31.99,False
O010967,P0106,1,37.99,False
O010968,P0226,2,49.99,False
O010968,P0176,1,115.99,False
O010969,P0176,1,115.99,False
O010970,P0145,1,39.99,False
O010971,P0155,1,81.99,True
O010971,P0224,1,65.99,False
O010972,P0197,1,20.99,False
O010973,P0245,1,27.99,True
O010973,P0298,1,6.99,False
O010974,P0192,1,30.99,False
O010974,P0298,1,6.99,False
O010975,P0036,1,145.99,True
O010976,P0111,2,240.99,False
O010977,P0093,1,37.99,False
O010978,P0207,1,21.99,False
O010979,P0095,2,33.99,False
O010979,P0120,1,132.99,False
O010980,P0256,1,19.99,False
O010980,P0257,1,34.99,False
O010981,P0148,1,17.99,False
O010981,P0010,1,109.99,False
O010982,P0073,2,53.99,False
O010983,P0032,1,664.99,False
O010984,P0300,1,28.99,False
O010985,P0065,2,33.99,False
O010985,P0256,2,19.99,False
O010985,P0225,1,76.99,False
O010986,P0175,2,32.99,False
O010986,P0008,1,72.99,True
O010987,P0070,1,28.99,False
O010988,P0004,1,715.99,False
O010988,P0047,2,692.99,False
O010988,P0117,2,32.99,False
O010989,P0249,1,19.99,False
O010989,P0161,1,14.99,True
O010990,P0121,1,53.99,False
O010991,P0260,1,20.99,False
O010992,P0296,1,36.99,False
O010993,P0047,1,692.99,False
O010994,P0028,1,284.99,False
O010995,P0281,1,43.99,False
O010996,P0038,2,67.99,False
O010997,P0287,2,14.99,False
O010997,P0065,1,33.99,False
O010997,P0162,2,52.99,True
O010997,P0168,1,50.99,False
O010998,P0109,1,43.99,False
O010998,P0088,2,54.99,False
O010999,P0001,2,444.99,True
O011000,P0132,1,51.99,False
O011001,P0291,1,8.99,False
O011002,P0005,1,158.99,False
O011002,P0045,1,55.99,False
O011003,P0184,1,75.99,False
O011003,P0004,1,715.99,False
O011003,P0110,1,134.99,False
O011004,P0039,2,117.99,False
O011005,P0017,2,166.99,False
O011005,P0184,1,75.99,False
O011006,P0002,1,53.99,False
O011007,P0153,1,28.99,False
O011007,P0186,2,56.99,False
O011008,P0176,1,115.99,False
O011009,P0149,2,11.99,True
O011010,P0134,1,53.99,False
O011011,P0251,1,213.99,False
O011011,P0115,1,51.99,False
O011012,P0099,1,79.99,False
O011012,P0204,1,37.99,False
O011013,P0092,2,215.99,True
O011014,P0019,1,432.99,False
O011015,P0290,2,15.99,False
O011016,P0113,1,77.99,False
O011017,P0151,1,27.99,False
O011018,P0249,1,19.99,False
O011019,P0294,1,39.99,False
O011020,P0246,1,46.99,False
O011020,P0280,1,12.99,False
O011021,P0023,1,313.99,False
O011022,P0134,2,53.99,False
O011022,P0089,1,31.99,False
O011023,P0120,2,132.99,False
O011023,P0249,1,19.99,False
O011024,P0091,1,37.99,False
O011025,P0007,2,120.99,True
O011026,P0146,1,36.99,False
O011026,P0292,1,14.99,False
O011027,P0206,1,35.99,False
O011028,P0279,1,37.99,False
O011029,P0176,1,115.99,False
O011030,P0223,1,11.99,False
O011030,P0134,1,53.99,False
O011031,P0276,1,21.99,False
O011032,P0061,1,105.99,False
O011033,P0283,1,6.99,False
O011034,P0242,1,19.99,False
O011035,P0281,1,43.99,False
O011036,P0051,1,45.99,False
O011037,P0161,2,14.99,False
O011038,P0300,1,28.99,False
O011038,P0257,1,34.99,False
O011039,P0205,1,48.99,False
O011040,P0092,1,215.99,False
O011040,P0068,1,143.99,False
O011040,P0210,1,9.99,False
O011041,P0005,2,158.99,False
O011042,P0126,1,66.99,True
O011042,P0099,1,79.99,False
O011043,P0201,1,13.99,False
O011044,P0122,1,47.99,False
O011044,P0035,1,281.99,True
O011045,P0051,1,45.99,False
O011045,P0037,1,111.99,False
O011045,P0148,1,17.99,True
O011046,P0253,1,246.99,False
O011047,P0223,1,11.99,False
O011047,P0235,1,14.99,False
O011048,P0186,2,56.99,False
O011049,P0193,1,79.99,False
O011049,P0147,1,82.99,False
O011050,P0098,1,21.99,False
O011051,P0126,1,66.99,True
O011052,P0289,1,,False
O011053,P0021,1,77.99,False
O011053,P0098,1,21.99,False
O011053,P0126,2,66.99,False
O011053,P0093,1,37.99,False
O011054,P0120,1,132.99,False
O011055,P0059,1,21.99,False
O011056,P0232,1,77.99,False
O011056,P0284,2,26.99,False
O011057,P0009,1,64.99,False
O011058,P0150,1,16.99,False
O011059,P0279,2,37.99,False
O011059,P0032,1,664.99,False
O011060,P0154,1,39.99,False
O011061,P0087,1,21.99,False
O011062,P0263,1,22.99,False
O011063,P0276,2,21.99,False
O011064,P0246,1,46.99,False
O011064,P0269,1,219.99,False
O011065,P0189,1,46.99,False
O011066,P0182,1,12.99,False
O011066,P0118,1,97.99,False
O011067,P0219,1,10.99,False
O011068,P0094,1,143.99,False
O011069,P0017,1,166.99,False
O011070,P0194,1,65.99,False
O011071,P0143,1,50.99,False
O011072,P0112,1,163.99,False
O011072,P0199,1,16.99,False
O011072,P0002,1,53.99,False
O011073,P0262,1,284.99,False
O011074,P0028,1,284.99,False
O011075,P0262,1,284.99,False
O011075,P0221,1,13.99,False
O011075,P0240,2,76.99,False
O011076,P0249,2,19.99,False
O011076,P0030,2,91.99,False
O011077,P0089,2,31.99,False
O011078,P0084,1,16.99,False
O011078,P0230,1,61.99,False
O011079,P0239,1,37.99,False
O011080,P0265,2,24.99,False
O011081,P0130,2,60.99,False
O011081,P0209,2,22.99,False
O011082,P0090,2,28.99,False
O011082,P0050,1,88.99,False
O011082,P0116,1,19.99,False
O011082,P0068,1,143.99,False
O011083,P0117,2,32.99,False
O011084,P0173,1,95.99,False
O011084,P0195,1,,False
O011084,P0040,1,179.99,False
O011085,P0186,2,56.99,False
O011086,P0009,1,64.99,False
O011086,P0097,1,19.99,False
